Workbook

Sheet Scoring
B2: ='Info.'!B1&" "&'Info.'!B4 -> Hovercraft B/C | E2: Scoring | AQ2: Req* | AY2: Req* | BG2: Req* | BK2: Req* if certain fields are conflicting | DL2: Breakdown | DX2: Rank for this team with row() bump | DY2: Rank for this team with same ranks split | DZ2: Team Number of this team | EA2: Name of this schoo | EB2: Name of this team | EC2: Tier for this Team | ED2: Score for this team | EE2: Actual Rank for this team | EF2: Final Rankings
E3: 1. Impound (T/F) | F3: 2. All Safety Construction Parameters Met (T/F) | G3: Run 1 | P3: Run 2 | Y3: Run 3 | AH3: 12. Disqualify (T/F) | AJ3: =E3 -> 1. Impound (T/F) | AK3: =F3 -> 2. All Safety Construction Parameters Met (T/F) | AL3: Run 1 Filled Out? | AM3: =G4 -> 3A. # of Construction Parameters Violated | AN3: =H4 -> 4A. # of Competition Params Violated | AO3: =J4 -> 6A. No touching/interfering after start (T/F) | AP3: =I4 -> 5A. Ramp Not Used? (T/F) | AQ3: =K4 -> 7A. Complete / Incomplete (C/I) | AR3: =L4 -> 8A. # of nickel rolls | AS3: =M4 -> 9A. # of loose nickels | AT3: Run 2 Filled Out? | AU3: =P4 -> 3B. # of Construction Parameters Violated | AV3: =Q4 -> 4B. # of Competition Params Violated | AW3: =S4 -> 6B. No touching/interfering after start (T/F) | AX3: =R4 -> 5B. Ramp Not Used? (T/F) | AY3: =T4 -> 7B. Complete / Incomplete (C/I) | AZ3: =U4 -> 8B. # of nickel rolls | BA3: =V4 -> 9B. # of loose nickels | BB3: Run 3 Filled Out? | BC3: =Y4 -> 3C. # of Construction Parameters Violated | BD3: =Z4 -> 4C. # of Competition Params Violated | BE3: =AB4 -> 6C. No touching/interfering after start (T/F) | BF3: =AA4 -> 5C. Ramp Not Used? (T/F) | BG3: =AC4 -> 7C. Complete / Incomplete (C/I) | BH3: =AD4 -> 8C. # of nickel rolls | BI3: =AE4 -> 9C. # of loose nickels | BJ3: =AH3 -> 12. Disqualify (T/F)
B4: ="Event Scoresheet - "&'Info.'!B5&IF('Info.'!B8="T"," The scoresheet has been updated; please download version v"&'Info.'!B7&" from soinc.org/scoresheets.","") -> Event Scoresheet - 2027 | G4: 3A. # of Construction Parameters Violated | H4: 4A. # of Competition Params Violated | I4: 5A. Ramp Not Used? (T/F) | J4: 6A. No touching/interfering after start (T/F) | K4: 7A. Complete / Incomplete (C/I) | L4: 8A. # of nickel rolls | M4: 9A. # of loose nickels | N4: 10A. Vehicle Distance (cm) | O4: 11A. Run Time (s) | P4: 3B. # of Construction Parameters Violated | Q4: 4B. # of Competition Params Violated | R4: 5B. Ramp Not Used? (T/F) | S4: 6B. No touching/interfering after start (T/F) | T4: 7B. Complete / Incomplete (C/I) | U4: 8B. # of nickel rolls | V4: 9B. # of loose nickels | W4: 10B. Vehicle Distance (cm) | X4: 11B. Run Time (s) | Y4: 3C. # of Construction Parameters Violated | Z4: 4C. # of Competition Params Violated | AA4: 5C. Ramp Not Used? (T/F) | AB4: 6C. No touching/interfering after start (T/F) | AC4: 7C. Complete / Incomplete (C/I) | AD4: 8C. # of nickel rolls | AE4: 9C. # of loose nickels | AF4: 10C. Vehicle Distance (cm) | AG4: 11C. Run Time (s) | DL4: Scored Run | DM4: Scored DS | DN4: Scored TS | DO4: Scored MS | DP4: Score | DQ4: Tier | DR4: Tiebreaker | DS4: Rank | DT4: Points | EF4: Rank | EG4: Team # | EH4: School Name | EI4: Team Name | EJ4: Score
B7: ="Last Updated: "&TEXT('Info.'!B2, "mm/dd/yyyy")&" (v"&'Info.'!B3&") Direct all questions to scoresheets@soinc.org." -> Last Updated: 10/01/2026 (v1.0.0) Direct all questions to scoresheets@soinc.org.
B8: Target Time (sec):
BM9: Globals | BN9: Run 1 | BX9: Run 2 | CH9: Run 3 | CS9: Run Scores | CY9: Tiebreakers
B10: Team # | C10: School Name | D10: Team Name | BK10: Status | BL10: Tier | BM10: TT Sanitized | BN10: Run 1 Completed? | BO10: Run 1 Calculable? | BP10: Penalty Multiplier | BQ10: DS w/o Penalties | BR10: DS | BS10: TS w/o Penalties | BT10: TS | BU10: MS w/o Penalties | BV10: MS | BW10: Run 1 Score | BX10: Run 2 Completed? | BY10: Run 2 Calculable? | BZ10: Penalty Multiplier | CA10: DS w/o Penalties | CB10: DS | CC10: TS w/o Penalties | CD10: TS | CE10: MS w/o Penalties | CF10: MS | CG10: Run 2 Score | CH10: Compute Run 3? (runs 1-2 not both C or both I) | CI10: Run 3 Completed? | CJ10: Run 3 Calculable? | CK10: Penalty Multiplier | CL10: DS w/o Penalties | CM10: DS | CN10: TS w/o Penalties | CO10: TS | CP10: MS w/o Penalties | CQ10: MS | CR10: Run 3 Score | CS10: Run 1 Score | CT10: Run 2 Score | CU10: Run 3 Score | CV10: Best Run Score | CW10: Score | CX10: Rank | CY10: Best TS over all runs (TB1) | CZ10: TB1 Rank | DA10: Fewest Const Violations (TB2) | DB10: TB2 Rank | DC10: Best MS (TB3) | DD10: TB3 Rank | DE10: 2nd Best Run Score (TB4) | DF10: TB4 Rank | DG10: Rank w/ TB | DH10: Rank Diff | DK10: Errors | DV10: =SUM(DV11:DV510) -> 0
AJ11: =IF(ISBLANK($C11), "", IF(E11=Constants!$B$7, TRUE(), IF(E11=Constants!$B$8, FALSE(), TRUE() ))) | AK11: =IF(ISBLANK($C11),"",IF(F11=Constants!$B$8,FALSE(),TRUE())) | AL11: =IF(ISBLANK($C11),"",COUNTA($G11:$O11)>0) | AM11: =IF(OR(ISBLANK($C11),$AL11<>TRUE()),"",IF(ISBLANK(G11),Constants!$B$27,MAX(0,G11))) | AN11: =IF(OR(ISBLANK($C11),$AL11<>TRUE()),"",IF(ISBLANK(H11),Constants!$B$28,MAX(0,H11))) | AO11: =IF(OR(ISBLANK($C11),$AL11<>TRUE()),"",IF(J11=Constants!$B$7,TRUE(),IF(J11=Constants!$B$8,FALSE(),TRUE()))) | AP11: =IF(OR(ISBLANK($C11),$AL11<>TRUE()),"",IF(I11=Constants!$B$7,TRUE(),IF(I11=Constants!$B$8,FALSE(),TRUE()))) | AQ11: =IF(OR(ISBLANK($C11),$AL11<>TRUE()),"",IF(K11=Constants!$B$33,TRUE(),IF(K11=Constants!$B$34,FALSE(),IF(AND(ISNUMBER(O11),OR(ISBLANK(N11),N11=0)),TRUE(),IF(AND(ISBLANK(O11),ISNUMBER(N11),N11<>0),FALSE(),""))))) | AR11: =IF(OR(ISBLANK($C11),$AL11<>TRUE()),"",IF(ISBLANK(L11),Constants!$B$35,MAX(0,MIN(Constants!$B$31,L11)))) | AS11: =IF(OR(ISBLANK($C11),$AL11<>TRUE()),"",IF(ISBLANK(M11),Constants!$B$35,MAX(0,MIN(Constants!$B$32,M11)))) | AT11: =IF(ISBLANK($C11),"",COUNTA($P11:$X11)>0) | AU11: =IF(OR(ISBLANK($C11),$AT11<>TRUE()),"",IF(ISBLANK(P11),Constants!$B$27,MAX(0,P11))) | AV11: =IF(OR(ISBLANK($C11),$AT11<>TRUE()),"",IF(ISBLANK(Q11),Constants!$B$28,MAX(0,Q11))) | AW11: =IF(OR(ISBLANK($C11),$AT11<>TRUE()),"",IF(S11=Constants!$B$7,TRUE(),IF(S11=Constants!$B$8,FALSE(),TRUE()))) | AX11: =IF(OR(ISBLANK($C11),$AT11<>TRUE()),"",IF(R11=Constants!$B$7,TRUE(),IF(R11=Constants!$B$8,FALSE(),TRUE()))) | AY11: =IF(OR(ISBLANK($C11),$AT11<>TRUE()),"",IF(T11=Constants!$B$33,TRUE(),IF(T11=Constants!$B$34,FALSE(),IF(AND(ISNUMBER(X11),OR(ISBLANK(W11),W11=0)),TRUE(),IF(AND(ISBLANK(X11),ISNUMBER(W11),W11<>0),FALSE(),""))))) | AZ11: =IF(OR(ISBLANK($C11),$AT11<>TRUE()),"",IF(ISBLANK(U11),Constants!$B$35,MAX(0,MIN(Constants!$B$31,U11)))) | BA11: =IF(OR(ISBLANK($C11),$AT11<>TRUE()),"",IF(ISBLANK(V11),Constants!$B$35,MAX(0,MIN(Constants!$B$32,V11)))) | BB11: =IF(ISBLANK($C11),"",COUNTA($Y11:$AG11)>0) | BC11: =IF(OR(ISBLANK($C11),$BB11<>TRUE()),"",IF(ISBLANK(Y11),Constants!$B$27,MAX(0,Y11))) | BD11: =IF(OR(ISBLANK($C11),$BB11<>TRUE()),"",IF(ISBLANK(Z11),Constants!$B$28,MAX(0,Z11))) | BE11: =IF(OR(ISBLANK($C11),$BB11<>TRUE()),"",IF(AB11=Constants!$B$7,TRUE(),IF(AB11=Constants!$B$8,FALSE(),TRUE()))) | BF11: =IF(OR(ISBLANK($C11),$BB11<>TRUE()),"",IF(AA11=Constants!$B$7,TRUE(),IF(AA11=Constants!$B$8,FALSE(),TRUE()))) | BG11: =IF(OR(ISBLANK($C11),$BB11<>TRUE()),"",IF(AC11=Constants!$B$33,TRUE(),IF(AC11=Constants!$B$34,FALSE(),IF(AND(ISNUMBER(AG11),OR(ISBLANK(AF11),AF11=0)),TRUE(),IF(AND(ISBLANK(AG11),ISNUMBER(AF11),AF11<>0),FALSE(),""))))) | BH11: =IF(OR(ISBLANK($C11),$BB11<>TRUE()),"",IF(ISBLANK(AD11),Constants!$B$35,MAX(0,MIN(Constants!$B$31,AD11)))) | BI11: =IF(OR(ISBLANK($C11),$BB11<>TRUE()),"",IF(ISBLANK(AE11),Constants!$B$35,MAX(0,MIN(Constants!$B$32,AE11)))) | BJ11: =IF(ISBLANK($C11), "", IF(AH11=Constants!$B$7, TRUE(), IF(AH11=Constants!$B$8, FALSE(), FALSE() ))) | BK11: =IF(ISBLANK($C11),"",IF($BJ11,Constants!$B$9,IF(COUNTA($E11:$AH11)=0,Constants!$B$10,IF(NOT($AK11),Constants!$B$11,IF(AND(NOT(ISNUMBER($BM11)),COUNTA($O11,$X11,$AG11)>0),Constants!$B$13,Constants!$B$12))))) | BL11: =IF(ISBLANK($C11),"",IF($BK11<>Constants!$B$12,$BK11,Constants!$B$4)) | BM11: =IF(OR(ISBLANK($D$8), NOT(ISNUMBER($D$8))), Constants!$B$17,$D$8) -> ERROR: Set Target Time in cell D8 | BN11: =IF(OR($BK11<>Constants!$B$12,$AL11<>TRUE()),"",IF(NOT($AO11),TRUE(),IF($AQ11="","",$AQ11))) | BO11: =IF(BN11="",FALSE(),IF(NOT($AO11),TRUE(),IF($AQ11,ISNUMBER(O11),ISNUMBER(N11)))) -> FALSE | BP11: =IF(BO11,IF($AJ11,1,Constants!$B$22)*POWER(Constants!$B$23,MAX($AM11,0))*POWER(Constants!$B$24,MAX($AN11,0)),"") | BQ11: =IF(OR($BK11<>Constants!$B$12,NOT($BO11)),"",IF(NOT($AO11),0,Constants!$B$19*IF($AQ11,1,MAX(0,MIN(1,(Constants!$B$20-N11)/Constants!$B$20))))) | BR11: =IF(BQ11="","",BQ11*IF($AP11,1,Constants!$B$25)*BP11) | BS11: =IF(OR($BK11<>Constants!$B$12,NOT($BO11)),"",IF(NOT($AO11),0,IF(NOT($AQ11),0,MAX(0,Constants!$B$21*(1-ABS(O11-$BM11)/$BM11))))) | BT11: =IF(BS11="","",BS11*BP11) | BU11: =IF(OR($BK11<>Constants!$B$12,NOT($BO11)),"",IF(OR(NOT($AO11),NOT($AP11)),0,MIN(Constants!$B$18,(Constants!$B$29*$AR11+Constants!$B$30*$AS11)*IF($AQ11,1,MAX(0,MIN(1,(Constants!$B$20-N11)/Constants!$B$20)))))) | BV11: =IF(BU11="","",BU11*BP11) | BW11: =IF(OR($BK11<>Constants!$B$12,NOT($BO11)),"",BR11+BT11+BV11) | BX11: =IF(OR($BK11<>Constants!$B$12,$AT11<>TRUE()),"",IF(NOT($AW11),TRUE(),IF($AY11="","",$AY11))) | BY11: =IF(BX11="",FALSE(),IF(NOT($AW11),TRUE(),IF($AY11,ISNUMBER(X11),ISNUMBER(W11)))) -> FALSE | BZ11: =IF(BY11,IF($AJ11,1,Constants!$B$22)*POWER(Constants!$B$23,MAX($AU11,0))*POWER(Constants!$B$24,MAX($AV11,0)),"") | CA11: =IF(OR($BK11<>Constants!$B$12,NOT($BY11)),"",IF(NOT($AW11),0,Constants!$B$19*IF($AY11,1,MAX(0,MIN(1,(Constants!$B$20-W11)/Constants!$B$20))))) | CB11: =IF(CA11="","",CA11*IF($AX11,1,Constants!$B$25)*BZ11) | CC11: =IF(OR($BK11<>Constants!$B$12,NOT($BY11)),"",IF(NOT($AW11),0,IF(NOT($AY11),0,MAX(0,Constants!$B$21*(1-ABS(X11-$BM11)/$BM11))))) | CD11: =IF(CC11="","",CC11*BZ11) | CE11: =IF(OR($BK11<>Constants!$B$12,NOT($BY11)),"",IF(OR(NOT($AW11),NOT($AX11)),0,MIN(Constants!$B$18,(Constants!$B$29*$AZ11+Constants!$B$30*$BA11)*IF($AY11,1,MAX(0,MIN(1,(Constants!$B$20-W11)/Constants!$B$20)))))) | CF11: =IF(CE11="","",CE11*BZ11) | CG11: =IF(OR($BK11<>Constants!$B$12,NOT($BY11)),"",CB11+CD11+CF11) | CH11: =IF(OR(BN11="",BX11=""),TRUE(),BN11<>BX11) -> TRUE | CI11: =IF(OR($BK11<>Constants!$B$12,$BB11<>TRUE(),NOT($CH11)),"",IF(NOT($BE11),TRUE(),IF($BG11="","",$BG11))) | CJ11: =IF(CI11="",FALSE(),IF(NOT($BE11),TRUE(),IF($BG11,ISNUMBER(AG11),ISNUMBER(AF11)))) -> FALSE | CK11: =IF(CJ11,IF($AJ11,1,Constants!$B$22)*POWER(Constants!$B$23,MAX($BC11,0))*POWER(Constants!$B$24,MAX($BD11,0)),"") | CL11: =IF(OR($BK11<>Constants!$B$12,NOT($CJ11)),"",IF(NOT($BE11),0,Constants!$B$19*IF($BG11,1,MAX(0,MIN(1,(Constants!$B$20-AF11)/Constants!$B$20))))) | CM11: =IF(CL11="","",CL11*IF($BF11,1,Constants!$B$25)*CK11) | CN11: =IF(OR($BK11<>Constants!$B$12,NOT($CJ11)),"",IF(NOT($BE11),0,IF(NOT($BG11),0,MAX(0,Constants!$B$21*(1-ABS(AG11-$BM11)/$BM11))))) | CO11: =IF(CN11="","",CN11*CK11) | CP11: =IF(OR($BK11<>Constants!$B$12,NOT($CJ11)),"",IF(OR(NOT($BE11),NOT($BF11)),0,MIN(Constants!$B$18,(Constants!$B$29*$BH11+Constants!$B$30*$BI11)*IF($BG11,1,MAX(0,MIN(1,(Constants!$B$20-AF11)/Constants!$B$20)))))) | CQ11: =IF(CP11="","",CP11*CK11) | CR11: =IF(OR($BK11<>Constants!$B$12,NOT($CJ11)),"",CM11+CO11+CQ11) | CS11: =IF(OR($BK11<>Constants!$B$12,ISBLANK($C11)),"",BW11) | CT11: =IF(OR($BK11<>Constants!$B$12,ISBLANK($C11)),"",CG11) | CU11: =IF(OR($BK11<>Constants!$B$12,ISBLANK($C11)),"",CR11) | CV11: =IF(OR($BK11<>Constants!$B$12,ISBLANK($C11)),"",IF(COUNT(CS11:CU11)=0,0,MAX(CS11:CU11))) | CW11: =IF($BK11<>Constants!$B$12,"",CV11) | CX11: =IF(ISNUMBER(CW11), RANK(CW11,$CW$11:$CW$510), "") | CY11: =IF(OR($BK11<>Constants!$B$12,ISBLANK($C11)),"",MAX(BT11,CD11,CO11)) | CZ11: =IF(ISNUMBER(CY11), RANK(CY11,CY$11:CY$510), "") | DA11: =IF(OR($BK11<>Constants!$B$12,ISBLANK($C11)),"",MAX(AM11,AU11,IF($CH11,BC11,0))) | DB11: =IF(ISNUMBER(DA11), RANK(DA11,DA$11:DA$510,1), "") | DC11: =IF(OR($BK11<>Constants!$B$12,ISBLANK($C11)),"",MAX(BV11,CF11,CQ11)) | DD11: =IF(ISNUMBER(DC11),RANK(DC11,DC$11:DC$510),"") | DE11: =IFERROR(IF(OR($BK11<>Constants!$B$12, ISBLANK($C11)),"",LARGE(CS11:CU11,2)), 0) | DF11: =IF(ISNUMBER(DE11), RANK(DE11,DE$11:DE$510), "") | DG11: =IF(ISBLANK($C11),"",IF(BK11=Constants!$B$12,RANK($CX11, $CX$11:$CX$510, 1)+ SUMPRODUCT(--($CX$11:$CX$510=$CX11),--($CZ11>$CZ$11:$CZ$510))+ SUMPRODUCT(--($CX$11:$CX$510=$CX11),--($CZ11=$CZ$11:$CZ$510),--($DB11>$DB$11:$DB$510))+ SUMPRODUCT(--($CX$11:$CX$510=$CX11),--($CZ11=$CZ$11:$CZ$510),--($DB11=$DB$11:$DB$510), --($DD11>$DD$11:$DD$510))+ SUMPRODUCT(--($CX$11:$CX$510=$CX11),--($CZ11=$CZ$11:$CZ$510),--($DB11=$DB$11:$DB$510), --($DD11=$DD$11:$DD$510), --($DF11>$DF$11:$DF$510)) ,BK11) ) | DH11: =IF(ISBLANK(C11),"",IF(BK11<>Constants!$B$12, BK11, CX11-DG11)) | DK11: =IF(ISBLANK($C11),"",IF($BK11=Constants!$B$13,$BM11,"")) | DL11: =IF(ISBLANK($C11),"",IF($BK11<>Constants!$B$12,"",IF(COUNT($CS11:$CU11)=0,"",MATCH($CV11,$CS11:$CU11,0)))) | DM11: =IF(ISNUMBER($DL11),CHOOSE($DL11,$BR11,$CB11,$CM11),"") | DN11: =IF(ISNUMBER($DL11),CHOOSE($DL11,$BT11,$CD11,$CO11),"") | DO11: =IF(ISNUMBER($DL11),CHOOSE($DL11,$BV11,$CF11,$CQ11),"") | DP11: =IF(ISBLANK(C11),"",IF(BK11<>Constants!$B$12, BK11 ,CW11)) | DQ11: =IF(ISBLANK($C11),"",IF($BK11<>Constants!$B$12,$BK11,$BL11)) | DR11: =IF(ISBLANK(C11),"",DH11) | DS11: =IF(ISBLANK(C11),"",DG11) | DT11: =IF(ISBLANK(C11), "", IF(DS11=Constants!$B$9,COUNTA($C$11:$C510)+2,IF(DS11=Constants!$B$10,COUNTA($C$11:$C510)+1,IF(DS11=Constants!$B$11,COUNTA($C$11:$C510),DS11)))) | DV11: =IF(OR(ISNUMBER(DS11),DS11="DQ",DS11="P",DS11="NS"), 1, 0 ) -> 0 | DW11: 1 | DX11: =IF(ISBLANK($C11),"",IF(ISNUMBER(DT11),DT11+ROW($B11)/1000,"")) | DY11: =IF(ISNUMBER(DX11), RANK(DX11,DX$11:DX$510,1), "") | DZ11: =IF(ISBLANK($C11), "", $B11 ) | EA11: =IF(ISBLANK($C11), "", $C11 ) | EB11: =IF(ISBLANK($C11), "", $D11 ) | EC11: =IF(ISBLANK($C11),"",$DQ11) | ED11: =DP11 | EE11: =IF(ISBLANK($C11), "", DS11 ) | EF11: =IF(DW11>DV$10, "", VLOOKUP(DW11,DY$11:EE510,7,FALSE()) ) | EG11: =IF(DW11>DV$10, "", VLOOKUP(DW11,DY$11:EE510,2,FALSE()) ) | EH11: =IF(DW11>DV$10, "", VLOOKUP(DW11,DY$11:EE510,3,FALSE()) ) | EI11: =IF(DW11>DV$10, "", VLOOKUP(DW11,DY$11:EE510,4,FALSE()) ) | EJ11: =IF(DW11>DV$10, "", VLOOKUP(DW11,DY$11:EE510,6,FALSE()) )
AJ12: =IF(ISBLANK($C12), "", IF(E12=Constants!$B$7, TRUE(), IF(E12=Constants!$B$8, FALSE(), TRUE() ))) | AK12: =IF(ISBLANK($C12),"",IF(F12=Constants!$B$8,FALSE(),TRUE())) | AL12: =IF(ISBLANK($C12),"",COUNTA($G12:$O12)>0) | AM12: =IF(OR(ISBLANK($C12),$AL12<>TRUE()),"",IF(ISBLANK(G12),Constants!$B$27,MAX(0,G12))) | AN12: =IF(OR(ISBLANK($C12),$AL12<>TRUE()),"",IF(ISBLANK(H12),Constants!$B$28,MAX(0,H12))) | AO12: =IF(OR(ISBLANK($C12),$AL12<>TRUE()),"",IF(J12=Constants!$B$7,TRUE(),IF(J12=Constants!$B$8,FALSE(),TRUE()))) | AP12: =IF(OR(ISBLANK($C12),$AL12<>TRUE()),"",IF(I12=Constants!$B$7,TRUE(),IF(I12=Constants!$B$8,FALSE(),TRUE()))) | AQ12: =IF(OR(ISBLANK($C12),$AL12<>TRUE()),"",IF(K12=Constants!$B$33,TRUE(),IF(K12=Constants!$B$34,FALSE(),IF(AND(ISNUMBER(O12),OR(ISBLANK(N12),N12=0)),TRUE(),IF(AND(ISBLANK(O12),ISNUMBER(N12),N12<>0),FALSE(),""))))) | AR12: =IF(OR(ISBLANK($C12),$AL12<>TRUE()),"",IF(ISBLANK(L12),Constants!$B$35,MAX(0,MIN(Constants!$B$31,L12)))) | AS12: =IF(OR(ISBLANK($C12),$AL12<>TRUE()),"",IF(ISBLANK(M12),Constants!$B$35,MAX(0,MIN(Constants!$B$32,M12)))) | AT12: =IF(ISBLANK($C12),"",COUNTA($P12:$X12)>0) | AU12: =IF(OR(ISBLANK($C12),$AT12<>TRUE()),"",IF(ISBLANK(P12),Constants!$B$27,MAX(0,P12))) | AV12: =IF(OR(ISBLANK($C12),$AT12<>TRUE()),"",IF(ISBLANK(Q12),Constants!$B$28,MAX(0,Q12))) | AW12: =IF(OR(ISBLANK($C12),$AT12<>TRUE()),"",IF(S12=Constants!$B$7,TRUE(),IF(S12=Constants!$B$8,FALSE(),TRUE()))) | AX12: =IF(OR(ISBLANK($C12),$AT12<>TRUE()),"",IF(R12=Constants!$B$7,TRUE(),IF(R12=Constants!$B$8,FALSE(),TRUE()))) | AY12: =IF(OR(ISBLANK($C12),$AT12<>TRUE()),"",IF(T12=Constants!$B$33,TRUE(),IF(T12=Constants!$B$34,FALSE(),IF(AND(ISNUMBER(X12),OR(ISBLANK(W12),W12=0)),TRUE(),IF(AND(ISBLANK(X12),ISNUMBER(W12),W12<>0),FALSE(),""))))) | AZ12: =IF(OR(ISBLANK($C12),$AT12<>TRUE()),"",IF(ISBLANK(U12),Constants!$B$35,MAX(0,MIN(Constants!$B$31,U12)))) | BA12: =IF(OR(ISBLANK($C12),$AT12<>TRUE()),"",IF(ISBLANK(V12),Constants!$B$35,MAX(0,MIN(Constants!$B$32,V12)))) | BB12: =IF(ISBLANK($C12),"",COUNTA($Y12:$AG12)>0) | BC12: =IF(OR(ISBLANK($C12),$BB12<>TRUE()),"",IF(ISBLANK(Y12),Constants!$B$27,MAX(0,Y12))) | BD12: =IF(OR(ISBLANK($C12),$BB12<>TRUE()),"",IF(ISBLANK(Z12),Constants!$B$28,MAX(0,Z12))) | BE12: =IF(OR(ISBLANK($C12),$BB12<>TRUE()),"",IF(AB12=Constants!$B$7,TRUE(),IF(AB12=Constants!$B$8,FALSE(),TRUE()))) | BF12: =IF(OR(ISBLANK($C12),$BB12<>TRUE()),"",IF(AA12=Constants!$B$7,TRUE(),IF(AA12=Constants!$B$8,FALSE(),TRUE()))) | BG12: =IF(OR(ISBLANK($C12),$BB12<>TRUE()),"",IF(AC12=Constants!$B$33,TRUE(),IF(AC12=Constants!$B$34,FALSE(),IF(AND(ISNUMBER(AG12),OR(ISBLANK(AF12),AF12=0)),TRUE(),IF(AND(ISBLANK(AG12),ISNUMBER(AF12),AF12<>0),FALSE(),""))))) | BH12: =IF(OR(ISBLANK($C12),$BB12<>TRUE()),"",IF(ISBLANK(AD12),Constants!$B$35,MAX(0,MIN(Constants!$B$31,AD12)))) | BI12: =IF(OR(ISBLANK($C12),$BB12<>TRUE()),"",IF(ISBLANK(AE12),Constants!$B$35,MAX(0,MIN(Constants!$B$32,AE12)))) | BJ12: =IF(ISBLANK($C12), "", IF(AH12=Constants!$B$7, TRUE(), IF(AH12=Constants!$B$8, FALSE(), FALSE() ))) | BK12: =IF(ISBLANK($C12),"",IF($BJ12,Constants!$B$9,IF(COUNTA($E12:$AH12)=0,Constants!$B$10,IF(NOT($AK12),Constants!$B$11,IF(AND(NOT(ISNUMBER($BM12)),COUNTA($O12,$X12,$AG12)>0),Constants!$B$13,Constants!$B$12))))) | BL12: =IF(ISBLANK($C12),"",IF($BK12<>Constants!$B$12,$BK12,Constants!$B$4)) | BM12: =IF(OR(ISBLANK($D$8), NOT(ISNUMBER($D$8))), Constants!$B$17,$D$8) -> ERROR: Set Target Time in cell D8 | BN12: =IF(OR($BK12<>Constants!$B$12,$AL12<>TRUE()),"",IF(NOT($AO12),TRUE(),IF($AQ12="","",$AQ12))) | BO12: =IF(BN12="",FALSE(),IF(NOT($AO12),TRUE(),IF($AQ12,ISNUMBER(O12),ISNUMBER(N12)))) -> FALSE | BP12: =IF(BO12,IF($AJ12,1,Constants!$B$22)*POWER(Constants!$B$23,MAX($AM12,0))*POWER(Constants!$B$24,MAX($AN12,0)),"") | BQ12: =IF(OR($BK12<>Constants!$B$12,NOT($BO12)),"",IF(NOT($AO12),0,Constants!$B$19*IF($AQ12,1,MAX(0,MIN(1,(Constants!$B$20-N12)/Constants!$B$20))))) | BR12: =IF(BQ12="","",BQ12*IF($AP12,1,Constants!$B$25)*BP12) | BS12: =IF(OR($BK12<>Constants!$B$12,NOT($BO12)),"",IF(NOT($AO12),0,IF(NOT($AQ12),0,MAX(0,Constants!$B$21*(1-ABS(O12-$BM12)/$BM12))))) | BT12: =IF(BS12="","",BS12*BP12) | BU12: =IF(OR($BK12<>Constants!$B$12,NOT($BO12)),"",IF(OR(NOT($AO12),NOT($AP12)),0,MIN(Constants!$B$18,(Constants!$B$29*$AR12+Constants!$B$30*$AS12)*IF($AQ12,1,MAX(0,MIN(1,(Constants!$B$20-N12)/Constants!$B$20)))))) | BV12: =IF(BU12="","",BU12*BP12) | BW12: =IF(OR($BK12<>Constants!$B$12,NOT($BO12)),"",BR12+BT12+BV12) | BX12: =IF(OR($BK12<>Constants!$B$12,$AT12<>TRUE()),"",IF(NOT($AW12),TRUE(),IF($AY12="","",$AY12))) | BY12: =IF(BX12="",FALSE(),IF(NOT($AW12),TRUE(),IF($AY12,ISNUMBER(X12),ISNUMBER(W12)))) -> FALSE | BZ12: =IF(BY12,IF($AJ12,1,Constants!$B$22)*POWER(Constants!$B$23,MAX($AU12,0))*POWER(Constants!$B$24,MAX($AV12,0)),"") | CA12: =IF(OR($BK12<>Constants!$B$12,NOT($BY12)),"",IF(NOT($AW12),0,Constants!$B$19*IF($AY12,1,MAX(0,MIN(1,(Constants!$B$20-W12)/Constants!$B$20))))) | CB12: =IF(CA12="","",CA12*IF($AX12,1,Constants!$B$25)*BZ12) | CC12: =IF(OR($BK12<>Constants!$B$12,NOT($BY12)),"",IF(NOT($AW12),0,IF(NOT($AY12),0,MAX(0,Constants!$B$21*(1-ABS(X12-$BM12)/$BM12))))) | CD12: =IF(CC12="","",CC12*BZ12) | CE12: =IF(OR($BK12<>Constants!$B$12,NOT($BY12)),"",IF(OR(NOT($AW12),NOT($AX12)),0,MIN(Constants!$B$18,(Constants!$B$29*$AZ12+Constants!$B$30*$BA12)*IF($AY12,1,MAX(0,MIN(1,(Constants!$B$20-W12)/Constants!$B$20)))))) | CF12: =IF(CE12="","",CE12*BZ12) | CG12: =IF(OR($BK12<>Constants!$B$12,NOT($BY12)),"",CB12+CD12+CF12) | CH12: =IF(OR(BN12="",BX12=""),TRUE(),BN12<>BX12) -> TRUE | CI12: =IF(OR($BK12<>Constants!$B$12,$BB12<>TRUE(),NOT($CH12)),"",IF(NOT($BE12),TRUE(),IF($BG12="","",$BG12))) | CJ12: =IF(CI12="",FALSE(),IF(NOT($BE12),TRUE(),IF($BG12,ISNUMBER(AG12),ISNUMBER(AF12)))) -> FALSE | CK12: =IF(CJ12,IF($AJ12,1,Constants!$B$22)*POWER(Constants!$B$23,MAX($BC12,0))*POWER(Constants!$B$24,MAX($BD12,0)),"") | CL12: =IF(OR($BK12<>Constants!$B$12,NOT($CJ12)),"",IF(NOT($BE12),0,Constants!$B$19*IF($BG12,1,MAX(0,MIN(1,(Constants!$B$20-AF12)/Constants!$B$20))))) | CM12: =IF(CL12="","",CL12*IF($BF12,1,Constants!$B$25)*CK12) | CN12: =IF(OR($BK12<>Constants!$B$12,NOT($CJ12)),"",IF(NOT($BE12),0,IF(NOT($BG12),0,MAX(0,Constants!$B$21*(1-ABS(AG12-$BM12)/$BM12))))) | CO12: =IF(CN12="","",CN12*CK12) | CP12: =IF(OR($BK12<>Constants!$B$12,NOT($CJ12)),"",IF(OR(NOT($BE12),NOT($BF12)),0,MIN(Constants!$B$18,(Constants!$B$29*$BH12+Constants!$B$30*$BI12)*IF($BG12,1,MAX(0,MIN(1,(Constants!$B$20-AF12)/Constants!$B$20)))))) | CQ12: =IF(CP12="","",CP12*CK12) | CR12: =IF(OR($BK12<>Constants!$B$12,NOT($CJ12)),"",CM12+CO12+CQ12) | CS12: =IF(OR($BK12<>Constants!$B$12,ISBLANK($C12)),"",BW12) | CT12: =IF(OR($BK12<>Constants!$B$12,ISBLANK($C12)),"",CG12) | CU12: =IF(OR($BK12<>Constants!$B$12,ISBLANK($C12)),"",CR12) | CV12: =IF(OR($BK12<>Constants!$B$12,ISBLANK($C12)),"",IF(COUNT(CS12:CU12)=0,0,MAX(CS12:CU12))) | CW12: =IF($BK12<>Constants!$B$12,"",CV12) | CX12: =IF(ISNUMBER(CW12), RANK(CW12,$CW$11:$CW$510), "") | CY12: =IF(OR($BK12<>Constants!$B$12,ISBLANK($C12)),"",MAX(BT12,CD12,CO12)) | CZ12: =IF(ISNUMBER(CY12), RANK(CY12,CY$11:CY$510), "") | DA12: =IF(OR($BK12<>Constants!$B$12,ISBLANK($C12)),"",MAX(AM12,AU12,IF($CH12,BC12,0))) | DB12: =IF(ISNUMBER(DA12), RANK(DA12,DA$11:DA$510,1), "") | DC12: =IF(OR($BK12<>Constants!$B$12,ISBLANK($C12)),"",MAX(BV12,CF12,CQ12)) | DD12: =IF(ISNUMBER(DC12),RANK(DC12,DC$11:DC$510),"") | DE12: =IFERROR(IF(OR($BK12<>Constants!$B$12, ISBLANK($C12)),"",LARGE(CS12:CU12,2)), 0) | DF12: =IF(ISNUMBER(DE12), RANK(DE12,DE$11:DE$510), "") | DG12: =IF(ISBLANK($C12),"",IF(BK12=Constants!$B$12,RANK($CX12, $CX$11:$CX$510, 1)+ SUMPRODUCT(--($CX$11:$CX$510=$CX12),--($CZ12>$CZ$11:$CZ$510))+ SUMPRODUCT(--($CX$11:$CX$510=$CX12),--($CZ12=$CZ$11:$CZ$510),--($DB12>$DB$11:$DB$510))+ SUMPRODUCT(--($CX$11:$CX$510=$CX12),--($CZ12=$CZ$11:$CZ$510),--($DB12=$DB$11:$DB$510), --($DD12>$DD$11:$DD$510))+ SUMPRODUCT(--($CX$11:$CX$510=$CX12),--($CZ12=$CZ$11:$CZ$510),--($DB12=$DB$11:$DB$510), --($DD12=$DD$11:$DD$510), --($DF12>$DF$11:$DF$510)) ,BK12) ) | DH12: =IF(ISBLANK(C12),"",IF(BK12<>Constants!$B$12, BK12, CX12-DG12)) | DK12: =IF(ISBLANK($C12),"",IF($BK12=Constants!$B$13,$BM12,"")) | DL12: =IF(ISBLANK($C12),"",IF($BK12<>Constants!$B$12,"",IF(COUNT($CS12:$CU12)=0,"",MATCH($CV12,$CS12:$CU12,0)))) | DM12: =IF(ISNUMBER($DL12),CHOOSE($DL12,$BR12,$CB12,$CM12),"") | DN12: =IF(ISNUMBER($DL12),CHOOSE($DL12,$BT12,$CD12,$CO12),"") | DO12: =IF(ISNUMBER($DL12),CHOOSE($DL12,$BV12,$CF12,$CQ12),"") | DP12: =IF(ISBLANK(C12),"",IF(BK12<>Constants!$B$12, BK12 ,CW12)) | DQ12: =IF(ISBLANK($C12),"",IF($BK12<>Constants!$B$12,$BK12,$BL12)) | DR12: =IF(ISBLANK(C12),"",DH12) | DS12: =IF(ISBLANK(C12),"",DG12) | DT12: =IF(ISBLANK(C12), "", IF(DS12=Constants!$B$9,COUNTA($C$11:$C510)+2,IF(DS12=Constants!$B$10,COUNTA($C$11:$C510)+1,IF(DS12=Constants!$B$11,COUNTA($C$11:$C510),DS12)))) | DV12: =IF(OR(ISNUMBER(DS12),DS12="DQ",DS12="P",DS12="NS"), 1, 0 ) -> 0 | DW12: 2 | DX12: =IF(ISBLANK($C12),"",IF(ISNUMBER(DT12),DT12+ROW($B12)/1000,"")) | DY12: =IF(ISNUMBER(DX12), RANK(DX12,DX$11:DX$510,1), "") | DZ12: =IF(ISBLANK($C12), "", $B12 ) | EA12: =IF(ISBLANK($C12), "", $C12 ) | EB12: =IF(ISBLANK($C12), "", $D12 ) | EC12: =IF(ISBLANK($C12),"",$DQ12) | ED12: =DP12 | EE12: =IF(ISBLANK($C12), "", DS12 ) | EF12: =IF(DW12>DV$10, "", VLOOKUP(DW12,DY$11:EE510,7,FALSE()) ) | EG12: =IF(DW12>DV$10, "", VLOOKUP(DW12,DY$11:EE510,2,FALSE()) ) | EH12: =IF(DW12>DV$10, "", VLOOKUP(DW12,DY$11:EE510,3,FALSE()) ) | EI12: =IF(DW12>DV$10, "", VLOOKUP(DW12,DY$11:EE510,4,FALSE()) ) | EJ12: =IF(DW12>DV$10, "", VLOOKUP(DW12,DY$11:EE510,6,FALSE()) )
AJ13: =IF(ISBLANK($C13), "", IF(E13=Constants!$B$7, TRUE(), IF(E13=Constants!$B$8, FALSE(), TRUE() ))) | AK13: =IF(ISBLANK($C13),"",IF(F13=Constants!$B$8,FALSE(),TRUE())) | AL13: =IF(ISBLANK($C13),"",COUNTA($G13:$O13)>0) | AM13: =IF(OR(ISBLANK($C13),$AL13<>TRUE()),"",IF(ISBLANK(G13),Constants!$B$27,MAX(0,G13))) | AN13: =IF(OR(ISBLANK($C13),$AL13<>TRUE()),"",IF(ISBLANK(H13),Constants!$B$28,MAX(0,H13))) | AO13: =IF(OR(ISBLANK($C13),$AL13<>TRUE()),"",IF(J13=Constants!$B$7,TRUE(),IF(J13=Constants!$B$8,FALSE(),TRUE()))) | AP13: =IF(OR(ISBLANK($C13),$AL13<>TRUE()),"",IF(I13=Constants!$B$7,TRUE(),IF(I13=Constants!$B$8,FALSE(),TRUE()))) | AQ13: =IF(OR(ISBLANK($C13),$AL13<>TRUE()),"",IF(K13=Constants!$B$33,TRUE(),IF(K13=Constants!$B$34,FALSE(),IF(AND(ISNUMBER(O13),OR(ISBLANK(N13),N13=0)),TRUE(),IF(AND(ISBLANK(O13),ISNUMBER(N13),N13<>0),FALSE(),""))))) | AR13: =IF(OR(ISBLANK($C13),$AL13<>TRUE()),"",IF(ISBLANK(L13),Constants!$B$35,MAX(0,MIN(Constants!$B$31,L13)))) | AS13: =IF(OR(ISBLANK($C13),$AL13<>TRUE()),"",IF(ISBLANK(M13),Constants!$B$35,MAX(0,MIN(Constants!$B$32,M13)))) | AT13: =IF(ISBLANK($C13),"",COUNTA($P13:$X13)>0) | AU13: =IF(OR(ISBLANK($C13),$AT13<>TRUE()),"",IF(ISBLANK(P13),Constants!$B$27,MAX(0,P13))) | AV13: =IF(OR(ISBLANK($C13),$AT13<>TRUE()),"",IF(ISBLANK(Q13),Constants!$B$28,MAX(0,Q13))) | AW13: =IF(OR(ISBLANK($C13),$AT13<>TRUE()),"",IF(S13=Constants!$B$7,TRUE(),IF(S13=Constants!$B$8,FALSE(),TRUE()))) | AX13: =IF(OR(ISBLANK($C13),$AT13<>TRUE()),"",IF(R13=Constants!$B$7,TRUE(),IF(R13=Constants!$B$8,FALSE(),TRUE()))) | AY13: =IF(OR(ISBLANK($C13),$AT13<>TRUE()),"",IF(T13=Constants!$B$33,TRUE(),IF(T13=Constants!$B$34,FALSE(),IF(AND(ISNUMBER(X13),OR(ISBLANK(W13),W13=0)),TRUE(),IF(AND(ISBLANK(X13),ISNUMBER(W13),W13<>0),FALSE(),""))))) | AZ13: =IF(OR(ISBLANK($C13),$AT13<>TRUE()),"",IF(ISBLANK(U13),Constants!$B$35,MAX(0,MIN(Constants!$B$31,U13)))) | BA13: =IF(OR(ISBLANK($C13),$AT13<>TRUE()),"",IF(ISBLANK(V13),Constants!$B$35,MAX(0,MIN(Constants!$B$32,V13)))) | BB13: =IF(ISBLANK($C13),"",COUNTA($Y13:$AG13)>0) | BC13: =IF(OR(ISBLANK($C13),$BB13<>TRUE()),"",IF(ISBLANK(Y13),Constants!$B$27,MAX(0,Y13))) | BD13: =IF(OR(ISBLANK($C13),$BB13<>TRUE()),"",IF(ISBLANK(Z13),Constants!$B$28,MAX(0,Z13))) | BE13: =IF(OR(ISBLANK($C13),$BB13<>TRUE()),"",IF(AB13=Constants!$B$7,TRUE(),IF(AB13=Constants!$B$8,FALSE(),TRUE()))) | BF13: =IF(OR(ISBLANK($C13),$BB13<>TRUE()),"",IF(AA13=Constants!$B$7,TRUE(),IF(AA13=Constants!$B$8,FALSE(),TRUE()))) | BG13: =IF(OR(ISBLANK($C13),$BB13<>TRUE()),"",IF(AC13=Constants!$B$33,TRUE(),IF(AC13=Constants!$B$34,FALSE(),IF(AND(ISNUMBER(AG13),OR(ISBLANK(AF13),AF13=0)),TRUE(),IF(AND(ISBLANK(AG13),ISNUMBER(AF13),AF13<>0),FALSE(),""))))) | BH13: =IF(OR(ISBLANK($C13),$BB13<>TRUE()),"",IF(ISBLANK(AD13),Constants!$B$35,MAX(0,MIN(Constants!$B$31,AD13)))) | BI13: =IF(OR(ISBLANK($C13),$BB13<>TRUE()),"",IF(ISBLANK(AE13),Constants!$B$35,MAX(0,MIN(Constants!$B$32,AE13)))) | BJ13: =IF(ISBLANK($C13), "", IF(AH13=Constants!$B$7, TRUE(), IF(AH13=Constants!$B$8, FALSE(), FALSE() ))) | BK13: =IF(ISBLANK($C13),"",IF($BJ13,Constants!$B$9,IF(COUNTA($E13:$AH13)=0,Constants!$B$10,IF(NOT($AK13),Constants!$B$11,IF(AND(NOT(ISNUMBER($BM13)),COUNTA($O13,$X13,$AG13)>0),Constants!$B$13,Constants!$B$12))))) | BL13: =IF(ISBLANK($C13),"",IF($BK13<>Constants!$B$12,$BK13,Constants!$B$4)) | BM13: =IF(OR(ISBLANK($D$8), NOT(ISNUMBER($D$8))), Constants!$B$17,$D$8) -> ERROR: Set Target Time in cell D8 | BN13: =IF(OR($BK13<>Constants!$B$12,$AL13<>TRUE()),"",IF(NOT($AO13),TRUE(),IF($AQ13="","",$AQ13))) | BO13: =IF(BN13="",FALSE(),IF(NOT($AO13),TRUE(),IF($AQ13,ISNUMBER(O13),ISNUMBER(N13)))) -> FALSE | BP13: =IF(BO13,IF($AJ13,1,Constants!$B$22)*POWER(Constants!$B$23,MAX($AM13,0))*POWER(Constants!$B$24,MAX($AN13,0)),"") | BQ13: =IF(OR($BK13<>Constants!$B$12,NOT($BO13)),"",IF(NOT($AO13),0,Constants!$B$19*IF($AQ13,1,MAX(0,MIN(1,(Constants!$B$20-N13)/Constants!$B$20))))) | BR13: =IF(BQ13="","",BQ13*IF($AP13,1,Constants!$B$25)*BP13) | BS13: =IF(OR($BK13<>Constants!$B$12,NOT($BO13)),"",IF(NOT($AO13),0,IF(NOT($AQ13),0,MAX(0,Constants!$B$21*(1-ABS(O13-$BM13)/$BM13))))) | BT13: =IF(BS13="","",BS13*BP13) | BU13: =IF(OR($BK13<>Constants!$B$12,NOT($BO13)),"",IF(OR(NOT($AO13),NOT($AP13)),0,MIN(Constants!$B$18,(Constants!$B$29*$AR13+Constants!$B$30*$AS13)*IF($AQ13,1,MAX(0,MIN(1,(Constants!$B$20-N13)/Constants!$B$20)))))) | BV13: =IF(BU13="","",BU13*BP13) | BW13: =IF(OR($BK13<>Constants!$B$12,NOT($BO13)),"",BR13+BT13+BV13) | BX13: =IF(OR($BK13<>Constants!$B$12,$AT13<>TRUE()),"",IF(NOT($AW13),TRUE(),IF($AY13="","",$AY13))) | BY13: =IF(BX13="",FALSE(),IF(NOT($AW13),TRUE(),IF($AY13,ISNUMBER(X13),ISNUMBER(W13)))) -> FALSE | BZ13: =IF(BY13,IF($AJ13,1,Constants!$B$22)*POWER(Constants!$B$23,MAX($AU13,0))*POWER(Constants!$B$24,MAX($AV13,0)),"") | CA13: =IF(OR($BK13<>Constants!$B$12,NOT($BY13)),"",IF(NOT($AW13),0,Constants!$B$19*IF($AY13,1,MAX(0,MIN(1,(Constants!$B$20-W13)/Constants!$B$20))))) | CB13: =IF(CA13="","",CA13*IF($AX13,1,Constants!$B$25)*BZ13) | CC13: =IF(OR($BK13<>Constants!$B$12,NOT($BY13)),"",IF(NOT($AW13),0,IF(NOT($AY13),0,MAX(0,Constants!$B$21*(1-ABS(X13-$BM13)/$BM13))))) | CD13: =IF(CC13="","",CC13*BZ13) | CE13: =IF(OR($BK13<>Constants!$B$12,NOT($BY13)),"",IF(OR(NOT($AW13),NOT($AX13)),0,MIN(Constants!$B$18,(Constants!$B$29*$AZ13+Constants!$B$30*$BA13)*IF($AY13,1,MAX(0,MIN(1,(Constants!$B$20-W13)/Constants!$B$20)))))) | CF13: =IF(CE13="","",CE13*BZ13) | CG13: =IF(OR($BK13<>Constants!$B$12,NOT($BY13)),"",CB13+CD13+CF13) | CH13: =IF(OR(BN13="",BX13=""),TRUE(),BN13<>BX13) -> TRUE | CI13: =IF(OR($BK13<>Constants!$B$12,$BB13<>TRUE(),NOT($CH13)),"",IF(NOT($BE13),TRUE(),IF($BG13="","",$BG13))) | CJ13: =IF(CI13="",FALSE(),IF(NOT($BE13),TRUE(),IF($BG13,ISNUMBER(AG13),ISNUMBER(AF13)))) -> FALSE | CK13: =IF(CJ13,IF($AJ13,1,Constants!$B$22)*POWER(Constants!$B$23,MAX($BC13,0))*POWER(Constants!$B$24,MAX($BD13,0)),"") | CL13: =IF(OR($BK13<>Constants!$B$12,NOT($CJ13)),"",IF(NOT($BE13),0,Constants!$B$19*IF($BG13,1,MAX(0,MIN(1,(Constants!$B$20-AF13)/Constants!$B$20))))) | CM13: =IF(CL13="","",CL13*IF($BF13,1,Constants!$B$25)*CK13) | CN13: =IF(OR($BK13<>Constants!$B$12,NOT($CJ13)),"",IF(NOT($BE13),0,IF(NOT($BG13),0,MAX(0,Constants!$B$21*(1-ABS(AG13-$BM13)/$BM13))))) | CO13: =IF(CN13="","",CN13*CK13) | CP13: =IF(OR($BK13<>Constants!$B$12,NOT($CJ13)),"",IF(OR(NOT($BE13),NOT($BF13)),0,MIN(Constants!$B$18,(Constants!$B$29*$BH13+Constants!$B$30*$BI13)*IF($BG13,1,MAX(0,MIN(1,(Constants!$B$20-AF13)/Constants!$B$20)))))) | CQ13: =IF(CP13="","",CP13*CK13) | CR13: =IF(OR($BK13<>Constants!$B$12,NOT($CJ13)),"",CM13+CO13+CQ13) | CS13: =IF(OR($BK13<>Constants!$B$12,ISBLANK($C13)),"",BW13) | CT13: =IF(OR($BK13<>Constants!$B$12,ISBLANK($C13)),"",CG13) | CU13: =IF(OR($BK13<>Constants!$B$12,ISBLANK($C13)),"",CR13) | CV13: =IF(OR($BK13<>Constants!$B$12,ISBLANK($C13)),"",IF(COUNT(CS13:CU13)=0,0,MAX(CS13:CU13))) | CW13: =IF($BK13<>Constants!$B$12,"",CV13) | CX13: =IF(ISNUMBER(CW13), RANK(CW13,$CW$11:$CW$510), "") | CY13: =IF(OR($BK13<>Constants!$B$12,ISBLANK($C13)),"",MAX(BT13,CD13,CO13)) | CZ13: =IF(ISNUMBER(CY13), RANK(CY13,CY$11:CY$510), "") | DA13: =IF(OR($BK13<>Constants!$B$12,ISBLANK($C13)),"",MAX(AM13,AU13,IF($CH13,BC13,0))) | DB13: =IF(ISNUMBER(DA13), RANK(DA13,DA$11:DA$510,1), "") | DC13: =IF(OR($BK13<>Constants!$B$12,ISBLANK($C13)),"",MAX(BV13,CF13,CQ13)) | DD13: =IF(ISNUMBER(DC13),RANK(DC13,DC$11:DC$510),"") | DE13: =IFERROR(IF(OR($BK13<>Constants!$B$12, ISBLANK($C13)),"",LARGE(CS13:CU13,2)), 0) | DF13: =IF(ISNUMBER(DE13), RANK(DE13,DE$11:DE$510), "") | DG13: =IF(ISBLANK($C13),"",IF(BK13=Constants!$B$12,RANK($CX13, $CX$11:$CX$510, 1)+ SUMPRODUCT(--($CX$11:$CX$510=$CX13),--($CZ13>$CZ$11:$CZ$510))+ SUMPRODUCT(--($CX$11:$CX$510=$CX13),--($CZ13=$CZ$11:$CZ$510),--($DB13>$DB$11:$DB$510))+ SUMPRODUCT(--($CX$11:$CX$510=$CX13),--($CZ13=$CZ$11:$CZ$510),--($DB13=$DB$11:$DB$510), --($DD13>$DD$11:$DD$510))+ SUMPRODUCT(--($CX$11:$CX$510=$CX13),--($CZ13=$CZ$11:$CZ$510),--($DB13=$DB$11:$DB$510), --($DD13=$DD$11:$DD$510), --($DF13>$DF$11:$DF$510)) ,BK13) ) | DH13: =IF(ISBLANK(C13),"",IF(BK13<>Constants!$B$12, BK13, CX13-DG13)) | DK13: =IF(ISBLANK($C13),"",IF($BK13=Constants!$B$13,$BM13,"")) | DL13: =IF(ISBLANK($C13),"",IF($BK13<>Constants!$B$12,"",IF(COUNT($CS13:$CU13)=0,"",MATCH($CV13,$CS13:$CU13,0)))) | DM13: =IF(ISNUMBER($DL13),CHOOSE($DL13,$BR13,$CB13,$CM13),"") | DN13: =IF(ISNUMBER($DL13),CHOOSE($DL13,$BT13,$CD13,$CO13),"") | DO13: =IF(ISNUMBER($DL13),CHOOSE($DL13,$BV13,$CF13,$CQ13),"") | DP13: =IF(ISBLANK(C13),"",IF(BK13<>Constants!$B$12, BK13 ,CW13)) | DQ13: =IF(ISBLANK($C13),"",IF($BK13<>Constants!$B$12,$BK13,$BL13)) | DR13: =IF(ISBLANK(C13),"",DH13) | DS13: =IF(ISBLANK(C13),"",DG13) | DT13: =IF(ISBLANK(C13), "", IF(DS13=Constants!$B$9,COUNTA($C$11:$C510)+2,IF(DS13=Constants!$B$10,COUNTA($C$11:$C510)+1,IF(DS13=Constants!$B$11,COUNTA($C$11:$C510),DS13)))) | DV13: =IF(OR(ISNUMBER(DS13),DS13="DQ",DS13="P",DS13="NS"), 1, 0 ) -> 0 | DW13: 3 | DX13: =IF(ISBLANK($C13),"",IF(ISNUMBER(DT13),DT13+ROW($B13)/1000,"")) | DY13: =IF(ISNUMBER(DX13), RANK(DX13,DX$11:DX$510,1), "") | DZ13: =IF(ISBLANK($C13), "", $B13 ) | EA13: =IF(ISBLANK($C13), "", $C13 ) | EB13: =IF(ISBLANK($C13), "", $D13 ) | EC13: =IF(ISBLANK($C13),"",$DQ13) | ED13: =DP13 | EE13: =IF(ISBLANK($C13), "", DS13 ) | EF13: =IF(DW13>DV$10, "", VLOOKUP(DW13,DY$11:EE511,7,FALSE()) ) | EG13: =IF(DW13>DV$10, "", VLOOKUP(DW13,DY$11:EE511,2,FALSE()) ) | EH13: =IF(DW13>DV$10, "", VLOOKUP(DW13,DY$11:EE511,3,FALSE()) ) | EI13: =IF(DW13>DV$10, "", VLOOKUP(DW13,DY$11:EE511,4,FALSE()) ) | EJ13: =IF(DW13>DV$10, "", VLOOKUP(DW13,DY$11:EE511,6,FALSE()) )
AJ14: =IF(ISBLANK($C14), "", IF(E14=Constants!$B$7, TRUE(), IF(E14=Constants!$B$8, FALSE(), TRUE() ))) | AK14: =IF(ISBLANK($C14),"",IF(F14=Constants!$B$8,FALSE(),TRUE())) | AL14: =IF(ISBLANK($C14),"",COUNTA($G14:$O14)>0) | AM14: =IF(OR(ISBLANK($C14),$AL14<>TRUE()),"",IF(ISBLANK(G14),Constants!$B$27,MAX(0,G14))) | AN14: =IF(OR(ISBLANK($C14),$AL14<>TRUE()),"",IF(ISBLANK(H14),Constants!$B$28,MAX(0,H14))) | AO14: =IF(OR(ISBLANK($C14),$AL14<>TRUE()),"",IF(J14=Constants!$B$7,TRUE(),IF(J14=Constants!$B$8,FALSE(),TRUE()))) | AP14: =IF(OR(ISBLANK($C14),$AL14<>TRUE()),"",IF(I14=Constants!$B$7,TRUE(),IF(I14=Constants!$B$8,FALSE(),TRUE()))) | AQ14: =IF(OR(ISBLANK($C14),$AL14<>TRUE()),"",IF(K14=Constants!$B$33,TRUE(),IF(K14=Constants!$B$34,FALSE(),IF(AND(ISNUMBER(O14),OR(ISBLANK(N14),N14=0)),TRUE(),IF(AND(ISBLANK(O14),ISNUMBER(N14),N14<>0),FALSE(),""))))) | AR14: =IF(OR(ISBLANK($C14),$AL14<>TRUE()),"",IF(ISBLANK(L14),Constants!$B$35,MAX(0,MIN(Constants!$B$31,L14)))) | AS14: =IF(OR(ISBLANK($C14),$AL14<>TRUE()),"",IF(ISBLANK(M14),Constants!$B$35,MAX(0,MIN(Constants!$B$32,M14)))) | AT14: =IF(ISBLANK($C14),"",COUNTA($P14:$X14)>0) | AU14: =IF(OR(ISBLANK($C14),$AT14<>TRUE()),"",IF(ISBLANK(P14),Constants!$B$27,MAX(0,P14))) | AV14: =IF(OR(ISBLANK($C14),$AT14<>TRUE()),"",IF(ISBLANK(Q14),Constants!$B$28,MAX(0,Q14))) | AW14: =IF(OR(ISBLANK($C14),$AT14<>TRUE()),"",IF(S14=Constants!$B$7,TRUE(),IF(S14=Constants!$B$8,FALSE(),TRUE()))) | AX14: =IF(OR(ISBLANK($C14),$AT14<>TRUE()),"",IF(R14=Constants!$B$7,TRUE(),IF(R14=Constants!$B$8,FALSE(),TRUE()))) | AY14: =IF(OR(ISBLANK($C14),$AT14<>TRUE()),"",IF(T14=Constants!$B$33,TRUE(),IF(T14=Constants!$B$34,FALSE(),IF(AND(ISNUMBER(X14),OR(ISBLANK(W14),W14=0)),TRUE(),IF(AND(ISBLANK(X14),ISNUMBER(W14),W14<>0),FALSE(),""))))) | AZ14: =IF(OR(ISBLANK($C14),$AT14<>TRUE()),"",IF(ISBLANK(U14),Constants!$B$35,MAX(0,MIN(Constants!$B$31,U14)))) | BA14: =IF(OR(ISBLANK($C14),$AT14<>TRUE()),"",IF(ISBLANK(V14),Constants!$B$35,MAX(0,MIN(Constants!$B$32,V14)))) | BB14: =IF(ISBLANK($C14),"",COUNTA($Y14:$AG14)>0) | BC14: =IF(OR(ISBLANK($C14),$BB14<>TRUE()),"",IF(ISBLANK(Y14),Constants!$B$27,MAX(0,Y14))) | BD14: =IF(OR(ISBLANK($C14),$BB14<>TRUE()),"",IF(ISBLANK(Z14),Constants!$B$28,MAX(0,Z14))) | BE14: =IF(OR(ISBLANK($C14),$BB14<>TRUE()),"",IF(AB14=Constants!$B$7,TRUE(),IF(AB14=Constants!$B$8,FALSE(),TRUE()))) | BF14: =IF(OR(ISBLANK($C14),$BB14<>TRUE()),"",IF(AA14=Constants!$B$7,TRUE(),IF(AA14=Constants!$B$8,FALSE(),TRUE()))) | BG14: =IF(OR(ISBLANK($C14),$BB14<>TRUE()),"",IF(AC14=Constants!$B$33,TRUE(),IF(AC14=Constants!$B$34,FALSE(),IF(AND(ISNUMBER(AG14),OR(ISBLANK(AF14),AF14=0)),TRUE(),IF(AND(ISBLANK(AG14),ISNUMBER(AF14),AF14<>0),FALSE(),""))))) | BH14: =IF(OR(ISBLANK($C14),$BB14<>TRUE()),"",IF(ISBLANK(AD14),Constants!$B$35,MAX(0,MIN(Constants!$B$31,AD14)))) | BI14: =IF(OR(ISBLANK($C14),$BB14<>TRUE()),"",IF(ISBLANK(AE14),Constants!$B$35,MAX(0,MIN(Constants!$B$32,AE14)))) | BJ14: =IF(ISBLANK($C14), "", IF(AH14=Constants!$B$7, TRUE(), IF(AH14=Constants!$B$8, FALSE(), FALSE() ))) | BK14: =IF(ISBLANK($C14),"",IF($BJ14,Constants!$B$9,IF(COUNTA($E14:$AH14)=0,Constants!$B$10,IF(NOT($AK14),Constants!$B$11,IF(AND(NOT(ISNUMBER($BM14)),COUNTA($O14,$X14,$AG14)>0),Constants!$B$13,Constants!$B$12))))) | BL14: =IF(ISBLANK($C14),"",IF($BK14<>Constants!$B$12,$BK14,Constants!$B$4)) | BM14: =IF(OR(ISBLANK($D$8), NOT(ISNUMBER($D$8))), Constants!$B$17,$D$8) -> ERROR: Set Target Time in cell D8 | BN14: =IF(OR($BK14<>Constants!$B$12,$AL14<>TRUE()),"",IF(NOT($AO14),TRUE(),IF($AQ14="","",$AQ14))) | BO14: =IF(BN14="",FALSE(),IF(NOT($AO14),TRUE(),IF($AQ14,ISNUMBER(O14),ISNUMBER(N14)))) -> 0 | BP14: =IF(BO14,IF($AJ14,1,Constants!$B$22)*POWER(Constants!$B$23,MAX($AM14,0))*POWER(Constants!$B$24,MAX($AN14,0)),"") | BQ14: =IF(OR($BK14<>Constants!$B$12,NOT($BO14)),"",IF(NOT($AO14),0,Constants!$B$19*IF($AQ14,1,MAX(0,MIN(1,(Constants!$B$20-N14)/Constants!$B$20))))) | BR14: =IF(BQ14="","",BQ14*IF($AP14,1,Constants!$B$25)*BP14) | BS14: =IF(OR($BK14<>Constants!$B$12,NOT($BO14)),"",IF(NOT($AO14),0,IF(NOT($AQ14),0,MAX(0,Constants!$B$21*(1-ABS(O14-$BM14)/$BM14))))) | BT14: =IF(BS14="","",BS14*BP14) | BU14: =IF(OR($BK14<>Constants!$B$12,NOT($BO14)),"",IF(OR(NOT($AO14),NOT($AP14)),0,MIN(Constants!$B$18,(Constants!$B$29*$AR14+Constants!$B$30*$AS14)*IF($AQ14,1,MAX(0,MIN(1,(Constants!$B$20-N14)/Constants!$B$20)))))) | BV14: =IF(BU14="","",BU14*BP14) | BW14: =IF(OR($BK14<>Constants!$B$12,NOT($BO14)),"",BR14+BT14+BV14) | BX14: =IF(OR($BK14<>Constants!$B$12,$AT14<>TRUE()),"",IF(NOT($AW14),TRUE(),IF($AY14="","",$AY14))) | BY14: =IF(BX14="",FALSE(),IF(NOT($AW14),TRUE(),IF($AY14,ISNUMBER(X14),ISNUMBER(W14)))) -> 0 | BZ14: =IF(BY14,IF($AJ14,1,Constants!$B$22)*POWER(Constants!$B$23,MAX($AU14,0))*POWER(Constants!$B$24,MAX($AV14,0)),"") | CA14: =IF(OR($BK14<>Constants!$B$12,NOT($BY14)),"",IF(NOT($AW14),0,Constants!$B$19*IF($AY14,1,MAX(0,MIN(1,(Constants!$B$20-W14)/Constants!$B$20))))) | CB14: =IF(CA14="","",CA14*IF($AX14,1,Constants!$B$25)*BZ14) | CC14: =IF(OR($BK14<>Constants!$B$12,NOT($BY14)),"",IF(NOT($AW14),0,IF(NOT($AY14),0,MAX(0,Constants!$B$21*(1-ABS(X14-$BM14)/$BM14))))) | CD14: =IF(CC14="","",CC14*BZ14) | CE14: =IF(OR($BK14<>Constants!$B$12,NOT($BY14)),"",IF(OR(NOT($AW14),NOT($AX14)),0,MIN(Constants!$B$18,(Constants!$B$29*$AZ14+Constants!$B$30*$BA14)*IF($AY14,1,MAX(0,MIN(1,(Constants!$B$20-W14)/Constants!$B$20)))))) | CF14: =IF(CE14="","",CE14*BZ14) | CG14: =IF(OR($BK14<>Constants!$B$12,NOT($BY14)),"",CB14+CD14+CF14) | CH14: =IF(OR(BN14="",BX14=""),TRUE(),BN14<>BX14) -> 1 | CI14: =IF(OR($BK14<>Constants!$B$12,$BB14<>TRUE(),NOT($CH14)),"",IF(NOT($BE14),TRUE(),IF($BG14="","",$BG14))) | CJ14: =IF(CI14="",FALSE(),IF(NOT($BE14),TRUE(),IF($BG14,ISNUMBER(AG14),ISNUMBER(AF14)))) -> 0 | CK14: =IF(CJ14,IF($AJ14,1,Constants!$B$22)*POWER(Constants!$B$23,MAX($BC14,0))*POWER(Constants!$B$24,MAX($BD14,0)),"") | CL14: =IF(OR($BK14<>Constants!$B$12,NOT($CJ14)),"",IF(NOT($BE14),0,Constants!$B$19*IF($BG14,1,MAX(0,MIN(1,(Constants!$B$20-AF14)/Constants!$B$20))))) | CM14: =IF(CL14="","",CL14*IF($BF14,1,Constants!$B$25)*CK14) | CN14: =IF(OR($BK14<>Constants!$B$12,NOT($CJ14)),"",IF(NOT($BE14),0,IF(NOT($BG14),0,MAX(0,Constants!$B$21*(1-ABS(AG14-$BM14)/$BM14))))) | CO14: =IF(CN14="","",CN14*CK14) | CP14: =IF(OR($BK14<>Constants!$B$12,NOT($CJ14)),"",IF(OR(NOT($BE14),NOT($BF14)),0,MIN(Constants!$B$18,(Constants!$B$29*$BH14+Constants!$B$30*$BI14)*IF($BG14,1,MAX(0,MIN(1,(Constants!$B$20-AF14)/Constants!$B$20)))))) | CQ14: =IF(CP14="","",CP14*CK14) | CR14: =IF(OR($BK14<>Constants!$B$12,NOT($CJ14)),"",CM14+CO14+CQ14) | CS14: =IF(OR($BK14<>Constants!$B$12,ISBLANK($C14)),"",BW14) | CT14: =IF(OR($BK14<>Constants!$B$12,ISBLANK($C14)),"",CG14) | CU14: =IF(OR($BK14<>Constants!$B$12,ISBLANK($C14)),"",CR14) | CV14: =IF(OR($BK14<>Constants!$B$12,ISBLANK($C14)),"",IF(COUNT(CS14:CU14)=0,0,MAX(CS14:CU14))) | CW14: =IF($BK14<>Constants!$B$12,"",CV14) | CX14: =IF(ISNUMBER(CW14), RANK(CW14,$CW$11:$CW$510), "") | CY14: =IF(OR($BK14<>Constants!$B$12,ISBLANK($C14)),"",MAX(BT14,CD14,CO14)) | CZ14: =IF(ISNUMBER(CY14), RANK(CY14,CY$11:CY$510), "") | DA14: =IF(OR($BK14<>Constants!$B$12,ISBLANK($C14)),"",MAX(AM14,AU14,IF($CH14,BC14,0))) | DB14: =IF(ISNUMBER(DA14), RANK(DA14,DA$11:DA$510,1), "") | DC14: =IF(OR($BK14<>Constants!$B$12,ISBLANK($C14)),"",MAX(BV14,CF14,CQ14)) | DD14: =IF(ISNUMBER(DC14),RANK(DC14,DC$11:DC$510),"") | DE14: =IFERROR(IF(OR($BK14<>Constants!$B$12, ISBLANK($C14)),"",LARGE(CS14:CU14,2)), 0) | DF14: =IF(ISNUMBER(DE14), RANK(DE14,DE$11:DE$510), "") | DG14: =IF(ISBLANK($C14),"",IF(BK14=Constants!$B$12,RANK($CX14, $CX$11:$CX$510, 1)+ SUMPRODUCT(--($CX$11:$CX$510=$CX14),--($CZ14>$CZ$11:$CZ$510))+ SUMPRODUCT(--($CX$11:$CX$510=$CX14),--($CZ14=$CZ$11:$CZ$510),--($DB14>$DB$11:$DB$510))+ SUMPRODUCT(--($CX$11:$CX$510=$CX14),--($CZ14=$CZ$11:$CZ$510),--($DB14=$DB$11:$DB$510), --($DD14>$DD$11:$DD$510))+ SUMPRODUCT(--($CX$11:$CX$510=$CX14),--($CZ14=$CZ$11:$CZ$510),--($DB14=$DB$11:$DB$510), --($DD14=$DD$11:$DD$510), --($DF14>$DF$11:$DF$510)) ,BK14) ) | DH14: =IF(ISBLANK(C14),"",IF(BK14<>Constants!$B$12, BK14, CX14-DG14)) | DK14: =IF(ISBLANK($C14),"",IF($BK14=Constants!$B$13,$BM14,"")) | DL14: =IF(ISBLANK($C14),"",IF($BK14<>Constants!$B$12,"",IF(COUNT($CS14:$CU14)=0,"",MATCH($CV14,$CS14:$CU14,0)))) | DM14: =IF(ISNUMBER($DL14),CHOOSE($DL14,$BR14,$CB14,$CM14),"") | DN14: =IF(ISNUMBER($DL14),CHOOSE($DL14,$BT14,$CD14,$CO14),"") | DO14: =IF(ISNUMBER($DL14),CHOOSE($DL14,$BV14,$CF14,$CQ14),"") | DP14: =IF(ISBLANK(C14),"",IF(BK14<>Constants!$B$12, BK14 ,CW14)) | DQ14: =IF(ISBLANK($C14),"",IF($BK14<>Constants!$B$12,$BK14,$BL14)) | DR14: =IF(ISBLANK(C14),"",DH14) | DS14: =IF(ISBLANK(C14),"",DG14) | DT14: =IF(ISBLANK(C14), "", IF(DS14=Constants!$B$9,COUNTA($C$11:$C510)+2,IF(DS14=Constants!$B$10,COUNTA($C$11:$C510)+1,IF(DS14=Constants!$B$11,COUNTA($C$11:$C510),DS14)))) | DV14: =IF(OR(ISNUMBER(DS14),DS14="DQ",DS14="P",DS14="NS"), 1, 0 ) -> 0 | DW14: 4 | DX14: =IF(ISBLANK($C14),"",IF(ISNUMBER(DT14),DT14+ROW($B14)/1000,"")) | DY14: =IF(ISNUMBER(DX14), RANK(DX14,DX$11:DX$510,1), "") | DZ14: =IF(ISBLANK($C14), "", $B14 ) | EA14: =IF(ISBLANK($C14), "", $C14 ) | EB14: =IF(ISBLANK($C14), "", $D14 ) | EC14: =IF(ISBLANK($C14),"",$DQ14) | ED14: =DP14 | EE14: =IF(ISBLANK($C14), "", DS14 ) | EF14: =IF(DW14>DV$10, "", VLOOKUP(DW14,DY$11:EE512,7,FALSE()) ) | EG14: =IF(DW14>DV$10, "", VLOOKUP(DW14,DY$11:EE512,2,FALSE()) ) | EH14: =IF(DW14>DV$10, "", VLOOKUP(DW14,DY$11:EE512,3,FALSE()) ) | EI14: =IF(DW14>DV$10, "", VLOOKUP(DW14,DY$11:EE512,4,FALSE()) ) | EJ14: =IF(DW14>DV$10, "", VLOOKUP(DW14,DY$11:EE512,6,FALSE()) )
AJ15: =IF(ISBLANK($C15), "", IF(E15=Constants!$B$7, TRUE(), IF(E15=Constants!$B$8, FALSE(), TRUE() ))) | AK15: =IF(ISBLANK($C15),"",IF(F15=Constants!$B$8,FALSE(),TRUE())) | AL15: =IF(ISBLANK($C15),"",COUNTA($G15:$O15)>0) | AM15: =IF(OR(ISBLANK($C15),$AL15<>TRUE()),"",IF(ISBLANK(G15),Constants!$B$27,MAX(0,G15))) | AN15: =IF(OR(ISBLANK($C15),$AL15<>TRUE()),"",IF(ISBLANK(H15),Constants!$B$28,MAX(0,H15))) | AO15: =IF(OR(ISBLANK($C15),$AL15<>TRUE()),"",IF(J15=Constants!$B$7,TRUE(),IF(J15=Constants!$B$8,FALSE(),TRUE()))) | AP15: =IF(OR(ISBLANK($C15),$AL15<>TRUE()),"",IF(I15=Constants!$B$7,TRUE(),IF(I15=Constants!$B$8,FALSE(),TRUE()))) | AQ15: =IF(OR(ISBLANK($C15),$AL15<>TRUE()),"",IF(K15=Constants!$B$33,TRUE(),IF(K15=Constants!$B$34,FALSE(),IF(AND(ISNUMBER(O15),OR(ISBLANK(N15),N15=0)),TRUE(),IF(AND(ISBLANK(O15),ISNUMBER(N15),N15<>0),FALSE(),""))))) | AR15: =IF(OR(ISBLANK($C15),$AL15<>TRUE()),"",IF(ISBLANK(L15),Constants!$B$35,MAX(0,MIN(Constants!$B$31,L15)))) | AS15: =IF(OR(ISBLANK($C15),$AL15<>TRUE()),"",IF(ISBLANK(M15),Constants!$B$35,MAX(0,MIN(Constants!$B$32,M15)))) | AT15: =IF(ISBLANK($C15),"",COUNTA($P15:$X15)>0) | AU15: =IF(OR(ISBLANK($C15),$AT15<>TRUE()),"",IF(ISBLANK(P15),Constants!$B$27,MAX(0,P15))) | AV15: =IF(OR(ISBLANK($C15),$AT15<>TRUE()),"",IF(ISBLANK(Q15),Constants!$B$28,MAX(0,Q15))) | AW15: =IF(OR(ISBLANK($C15),$AT15<>TRUE()),"",IF(S15=Constants!$B$7,TRUE(),IF(S15=Constants!$B$8,FALSE(),TRUE()))) | AX15: =IF(OR(ISBLANK($C15),$AT15<>TRUE()),"",IF(R15=Constants!$B$7,TRUE(),IF(R15=Constants!$B$8,FALSE(),TRUE()))) | AY15: =IF(OR(ISBLANK($C15),$AT15<>TRUE()),"",IF(T15=Constants!$B$33,TRUE(),IF(T15=Constants!$B$34,FALSE(),IF(AND(ISNUMBER(X15),OR(ISBLANK(W15),W15=0)),TRUE(),IF(AND(ISBLANK(X15),ISNUMBER(W15),W15<>0),FALSE(),""))))) | AZ15: =IF(OR(ISBLANK($C15),$AT15<>TRUE()),"",IF(ISBLANK(U15),Constants!$B$35,MAX(0,MIN(Constants!$B$31,U15)))) | BA15: =IF(OR(ISBLANK($C15),$AT15<>TRUE()),"",IF(ISBLANK(V15),Constants!$B$35,MAX(0,MIN(Constants!$B$32,V15)))) | BB15: =IF(ISBLANK($C15),"",COUNTA($Y15:$AG15)>0) | BC15: =IF(OR(ISBLANK($C15),$BB15<>TRUE()),"",IF(ISBLANK(Y15),Constants!$B$27,MAX(0,Y15))) | BD15: =IF(OR(ISBLANK($C15),$BB15<>TRUE()),"",IF(ISBLANK(Z15),Constants!$B$28,MAX(0,Z15))) | BE15: =IF(OR(ISBLANK($C15),$BB15<>TRUE()),"",IF(AB15=Constants!$B$7,TRUE(),IF(AB15=Constants!$B$8,FALSE(),TRUE()))) | BF15: =IF(OR(ISBLANK($C15),$BB15<>TRUE()),"",IF(AA15=Constants!$B$7,TRUE(),IF(AA15=Constants!$B$8,FALSE(),TRUE()))) | BG15: =IF(OR(ISBLANK($C15),$BB15<>TRUE()),"",IF(AC15=Constants!$B$33,TRUE(),IF(AC15=Constants!$B$34,FALSE(),IF(AND(ISNUMBER(AG15),OR(ISBLANK(AF15),AF15=0)),TRUE(),IF(AND(ISBLANK(AG15),ISNUMBER(AF15),AF15<>0),FALSE(),""))))) | BH15: =IF(OR(ISBLANK($C15),$BB15<>TRUE()),"",IF(ISBLANK(AD15),Constants!$B$35,MAX(0,MIN(Constants!$B$31,AD15)))) | BI15: =IF(OR(ISBLANK($C15),$BB15<>TRUE()),"",IF(ISBLANK(AE15),Constants!$B$35,MAX(0,MIN(Constants!$B$32,AE15)))) | BJ15: =IF(ISBLANK($C15), "", IF(AH15=Constants!$B$7, TRUE(), IF(AH15=Constants!$B$8, FALSE(), FALSE() ))) | BK15: =IF(ISBLANK($C15),"",IF($BJ15,Constants!$B$9,IF(COUNTA($E15:$AH15)=0,Constants!$B$10,IF(NOT($AK15),Constants!$B$11,IF(AND(NOT(ISNUMBER($BM15)),COUNTA($O15,$X15,$AG15)>0),Constants!$B$13,Constants!$B$12))))) | BL15: =IF(ISBLANK($C15),"",IF($BK15<>Constants!$B$12,$BK15,Constants!$B$4)) | BM15: =IF(OR(ISBLANK($D$8), NOT(ISNUMBER($D$8))), Constants!$B$17,$D$8) -> ERROR: Set Target Time in cell D8 | BN15: =IF(OR($BK15<>Constants!$B$12,$AL15<>TRUE()),"",IF(NOT($AO15),TRUE(),IF($AQ15="","",$AQ15))) | BO15: =IF(BN15="",FALSE(),IF(NOT($AO15),TRUE(),IF($AQ15,ISNUMBER(O15),ISNUMBER(N15)))) -> 0 | BP15: =IF(BO15,IF($AJ15,1,Constants!$B$22)*POWER(Constants!$B$23,MAX($AM15,0))*POWER(Constants!$B$24,MAX($AN15,0)),"") | BQ15: =IF(OR($BK15<>Constants!$B$12,NOT($BO15)),"",IF(NOT($AO15),0,Constants!$B$19*IF($AQ15,1,MAX(0,MIN(1,(Constants!$B$20-N15)/Constants!$B$20))))) | BR15: =IF(BQ15="","",BQ15*IF($AP15,1,Constants!$B$25)*BP15) | BS15: =IF(OR($BK15<>Constants!$B$12,NOT($BO15)),"",IF(NOT($AO15),0,IF(NOT($AQ15),0,MAX(0,Constants!$B$21*(1-ABS(O15-$BM15)/$BM15))))) | BT15: =IF(BS15="","",BS15*BP15) | BU15: =IF(OR($BK15<>Constants!$B$12,NOT($BO15)),"",IF(OR(NOT($AO15),NOT($AP15)),0,MIN(Constants!$B$18,(Constants!$B$29*$AR15+Constants!$B$30*$AS15)*IF($AQ15,1,MAX(0,MIN(1,(Constants!$B$20-N15)/Constants!$B$20)))))) | BV15: =IF(BU15="","",BU15*BP15) | BW15: =IF(OR($BK15<>Constants!$B$12,NOT($BO15)),"",BR15+BT15+BV15) | BX15: =IF(OR($BK15<>Constants!$B$12,$AT15<>TRUE()),"",IF(NOT($AW15),TRUE(),IF($AY15="","",$AY15))) | BY15: =IF(BX15="",FALSE(),IF(NOT($AW15),TRUE(),IF($AY15,ISNUMBER(X15),ISNUMBER(W15)))) -> 0 | BZ15: =IF(BY15,IF($AJ15,1,Constants!$B$22)*POWER(Constants!$B$23,MAX($AU15,0))*POWER(Constants!$B$24,MAX($AV15,0)),"") | CA15: =IF(OR($BK15<>Constants!$B$12,NOT($BY15)),"",IF(NOT($AW15),0,Constants!$B$19*IF($AY15,1,MAX(0,MIN(1,(Constants!$B$20-W15)/Constants!$B$20))))) | CB15: =IF(CA15="","",CA15*IF($AX15,1,Constants!$B$25)*BZ15) | CC15: =IF(OR($BK15<>Constants!$B$12,NOT($BY15)),"",IF(NOT($AW15),0,IF(NOT($AY15),0,MAX(0,Constants!$B$21*(1-ABS(X15-$BM15)/$BM15))))) | CD15: =IF(CC15="","",CC15*BZ15) | CE15: =IF(OR($BK15<>Constants!$B$12,NOT($BY15)),"",IF(OR(NOT($AW15),NOT($AX15)),0,MIN(Constants!$B$18,(Constants!$B$29*$AZ15+Constants!$B$30*$BA15)*IF($AY15,1,MAX(0,MIN(1,(Constants!$B$20-W15)/Constants!$B$20)))))) | CF15: =IF(CE15="","",CE15*BZ15) | CG15: =IF(OR($BK15<>Constants!$B$12,NOT($BY15)),"",CB15+CD15+CF15) | CH15: =IF(OR(BN15="",BX15=""),TRUE(),BN15<>BX15) -> 1 | CI15: =IF(OR($BK15<>Constants!$B$12,$BB15<>TRUE(),NOT($CH15)),"",IF(NOT($BE15),TRUE(),IF($BG15="","",$BG15))) | CJ15: =IF(CI15="",FALSE(),IF(NOT($BE15),TRUE(),IF($BG15,ISNUMBER(AG15),ISNUMBER(AF15)))) -> 0 | CK15: =IF(CJ15,IF($AJ15,1,Constants!$B$22)*POWER(Constants!$B$23,MAX($BC15,0))*POWER(Constants!$B$24,MAX($BD15,0)),"") | CL15: =IF(OR($BK15<>Constants!$B$12,NOT($CJ15)),"",IF(NOT($BE15),0,Constants!$B$19*IF($BG15,1,MAX(0,MIN(1,(Constants!$B$20-AF15)/Constants!$B$20))))) | CM15: =IF(CL15="","",CL15*IF($BF15,1,Constants!$B$25)*CK15) | CN15: =IF(OR($BK15<>Constants!$B$12,NOT($CJ15)),"",IF(NOT($BE15),0,IF(NOT($BG15),0,MAX(0,Constants!$B$21*(1-ABS(AG15-$BM15)/$BM15))))) | CO15: =IF(CN15="","",CN15*CK15) | CP15: =IF(OR($BK15<>Constants!$B$12,NOT($CJ15)),"",IF(OR(NOT($BE15),NOT($BF15)),0,MIN(Constants!$B$18,(Constants!$B$29*$BH15+Constants!$B$30*$BI15)*IF($BG15,1,MAX(0,MIN(1,(Constants!$B$20-AF15)/Constants!$B$20)))))) | CQ15: =IF(CP15="","",CP15*CK15) | CR15: =IF(OR($BK15<>Constants!$B$12,NOT($CJ15)),"",CM15+CO15+CQ15) | CS15: =IF(OR($BK15<>Constants!$B$12,ISBLANK($C15)),"",BW15) | CT15: =IF(OR($BK15<>Constants!$B$12,ISBLANK($C15)),"",CG15) | CU15: =IF(OR($BK15<>Constants!$B$12,ISBLANK($C15)),"",CR15) | CV15: =IF(OR($BK15<>Constants!$B$12,ISBLANK($C15)),"",IF(COUNT(CS15:CU15)=0,0,MAX(CS15:CU15))) | CW15: =IF($BK15<>Constants!$B$12,"",CV15) | CX15: =IF(ISNUMBER(CW15), RANK(CW15,$CW$11:$CW$510), "") | CY15: =IF(OR($BK15<>Constants!$B$12,ISBLANK($C15)),"",MAX(BT15,CD15,CO15)) | CZ15: =IF(ISNUMBER(CY15), RANK(CY15,CY$11:CY$510), "") | DA15: =IF(OR($BK15<>Constants!$B$12,ISBLANK($C15)),"",MAX(AM15,AU15,IF($CH15,BC15,0))) | DB15: =IF(ISNUMBER(DA15), RANK(DA15,DA$11:DA$510,1), "") | DC15: =IF(OR($BK15<>Constants!$B$12,ISBLANK($C15)),"",MAX(BV15,CF15,CQ15)) | DD15: =IF(ISNUMBER(DC15),RANK(DC15,DC$11:DC$510),"") | DE15: =IFERROR(IF(OR($BK15<>Constants!$B$12, ISBLANK($C15)),"",LARGE(CS15:CU15,2)), 0) | DF15: =IF(ISNUMBER(DE15), RANK(DE15,DE$11:DE$510), "") | DG15: =IF(ISBLANK($C15),"",IF(BK15=Constants!$B$12,RANK($CX15, $CX$11:$CX$510, 1)+ SUMPRODUCT(--($CX$11:$CX$510=$CX15),--($CZ15>$CZ$11:$CZ$510))+ SUMPRODUCT(--($CX$11:$CX$510=$CX15),--($CZ15=$CZ$11:$CZ$510),--($DB15>$DB$11:$DB$510))+ SUMPRODUCT(--($CX$11:$CX$510=$CX15),--($CZ15=$CZ$11:$CZ$510),--($DB15=$DB$11:$DB$510), --($DD15>$DD$11:$DD$510))+ SUMPRODUCT(--($CX$11:$CX$510=$CX15),--($CZ15=$CZ$11:$CZ$510),--($DB15=$DB$11:$DB$510), --($DD15=$DD$11:$DD$510), --($DF15>$DF$11:$DF$510)) ,BK15) ) | DH15: =IF(ISBLANK(C15),"",IF(BK15<>Constants!$B$12, BK15, CX15-DG15)) | DK15: =IF(ISBLANK($C15),"",IF($BK15=Constants!$B$13,$BM15,"")) | DL15: =IF(ISBLANK($C15),"",IF($BK15<>Constants!$B$12,"",IF(COUNT($CS15:$CU15)=0,"",MATCH($CV15,$CS15:$CU15,0)))) | DM15: =IF(ISNUMBER($DL15),CHOOSE($DL15,$BR15,$CB15,$CM15),"") | DN15: =IF(ISNUMBER($DL15),CHOOSE($DL15,$BT15,$CD15,$CO15),"") | DO15: =IF(ISNUMBER($DL15),CHOOSE($DL15,$BV15,$CF15,$CQ15),"") | DP15: =IF(ISBLANK(C15),"",IF(BK15<>Constants!$B$12, BK15 ,CW15)) | DQ15: =IF(ISBLANK($C15),"",IF($BK15<>Constants!$B$12,$BK15,$BL15)) | DR15: =IF(ISBLANK(C15),"",DH15) | DS15: =IF(ISBLANK(C15),"",DG15) | DT15: =IF(ISBLANK(C15), "", IF(DS15=Constants!$B$9,COUNTA($C$11:$C510)+2,IF(DS15=Constants!$B$10,COUNTA($C$11:$C510)+1,IF(DS15=Constants!$B$11,COUNTA($C$11:$C510),DS15)))) | DV15: =IF(OR(ISNUMBER(DS15),DS15="DQ",DS15="P",DS15="NS"), 1, 0 ) -> 0 | DW15: 5 | DX15: =IF(ISBLANK($C15),"",IF(ISNUMBER(DT15),DT15+ROW($B15)/1000,"")) | DY15: =IF(ISNUMBER(DX15), RANK(DX15,DX$11:DX$510,1), "") | DZ15: =IF(ISBLANK($C15), "", $B15 ) | EA15: =IF(ISBLANK($C15), "", $C15 ) | EB15: =IF(ISBLANK($C15), "", $D15 ) | EC15: =IF(ISBLANK($C15),"",$DQ15) | ED15: =DP15 | EE15: =IF(ISBLANK($C15), "", DS15 ) | EF15: =IF(DW15>DV$10, "", VLOOKUP(DW15,DY$11:EE513,7,FALSE()) ) | EG15: =IF(DW15>DV$10, "", VLOOKUP(DW15,DY$11:EE513,2,FALSE()) ) | EH15: =IF(DW15>DV$10, "", VLOOKUP(DW15,DY$11:EE513,3,FALSE()) ) | EI15: =IF(DW15>DV$10, "", VLOOKUP(DW15,DY$11:EE513,4,FALSE()) ) | EJ15: =IF(DW15>DV$10, "", VLOOKUP(DW15,DY$11:EE513,6,FALSE()) )
AJ16: =IF(ISBLANK($C16), "", IF(E16=Constants!$B$7, TRUE(), IF(E16=Constants!$B$8, FALSE(), TRUE() ))) | AK16: =IF(ISBLANK($C16),"",IF(F16=Constants!$B$8,FALSE(),TRUE())) | AL16: =IF(ISBLANK($C16),"",COUNTA($G16:$O16)>0) | AM16: =IF(OR(ISBLANK($C16),$AL16<>TRUE()),"",IF(ISBLANK(G16),Constants!$B$27,MAX(0,G16))) | AN16: =IF(OR(ISBLANK($C16),$AL16<>TRUE()),"",IF(ISBLANK(H16),Constants!$B$28,MAX(0,H16))) | AO16: =IF(OR(ISBLANK($C16),$AL16<>TRUE()),"",IF(J16=Constants!$B$7,TRUE(),IF(J16=Constants!$B$8,FALSE(),TRUE()))) | AP16: =IF(OR(ISBLANK($C16),$AL16<>TRUE()),"",IF(I16=Constants!$B$7,TRUE(),IF(I16=Constants!$B$8,FALSE(),TRUE()))) | AQ16: =IF(OR(ISBLANK($C16),$AL16<>TRUE()),"",IF(K16=Constants!$B$33,TRUE(),IF(K16=Constants!$B$34,FALSE(),IF(AND(ISNUMBER(O16),OR(ISBLANK(N16),N16=0)),TRUE(),IF(AND(ISBLANK(O16),ISNUMBER(N16),N16<>0),FALSE(),""))))) | AR16: =IF(OR(ISBLANK($C16),$AL16<>TRUE()),"",IF(ISBLANK(L16),Constants!$B$35,MAX(0,MIN(Constants!$B$31,L16)))) | AS16: =IF(OR(ISBLANK($C16),$AL16<>TRUE()),"",IF(ISBLANK(M16),Constants!$B$35,MAX(0,MIN(Constants!$B$32,M16)))) | AT16: =IF(ISBLANK($C16),"",COUNTA($P16:$X16)>0) | AU16: =IF(OR(ISBLANK($C16),$AT16<>TRUE()),"",IF(ISBLANK(P16),Constants!$B$27,MAX(0,P16))) | AV16: =IF(OR(ISBLANK($C16),$AT16<>TRUE()),"",IF(ISBLANK(Q16),Constants!$B$28,MAX(0,Q16))) | AW16: =IF(OR(ISBLANK($C16),$AT16<>TRUE()),"",IF(S16=Constants!$B$7,TRUE(),IF(S16=Constants!$B$8,FALSE(),TRUE()))) | AX16: =IF(OR(ISBLANK($C16),$AT16<>TRUE()),"",IF(R16=Constants!$B$7,TRUE(),IF(R16=Constants!$B$8,FALSE(),TRUE()))) | AY16: =IF(OR(ISBLANK($C16),$AT16<>TRUE()),"",IF(T16=Constants!$B$33,TRUE(),IF(T16=Constants!$B$34,FALSE(),IF(AND(ISNUMBER(X16),OR(ISBLANK(W16),W16=0)),TRUE(),IF(AND(ISBLANK(X16),ISNUMBER(W16),W16<>0),FALSE(),""))))) | AZ16: =IF(OR(ISBLANK($C16),$AT16<>TRUE()),"",IF(ISBLANK(U16),Constants!$B$35,MAX(0,MIN(Constants!$B$31,U16)))) | BA16: =IF(OR(ISBLANK($C16),$AT16<>TRUE()),"",IF(ISBLANK(V16),Constants!$B$35,MAX(0,MIN(Constants!$B$32,V16)))) | BB16: =IF(ISBLANK($C16),"",COUNTA($Y16:$AG16)>0) | BC16: =IF(OR(ISBLANK($C16),$BB16<>TRUE()),"",IF(ISBLANK(Y16),Constants!$B$27,MAX(0,Y16))) | BD16: =IF(OR(ISBLANK($C16),$BB16<>TRUE()),"",IF(ISBLANK(Z16),Constants!$B$28,MAX(0,Z16))) | BE16: =IF(OR(ISBLANK($C16),$BB16<>TRUE()),"",IF(AB16=Constants!$B$7,TRUE(),IF(AB16=Constants!$B$8,FALSE(),TRUE()))) | BF16: =IF(OR(ISBLANK($C16),$BB16<>TRUE()),"",IF(AA16=Constants!$B$7,TRUE(),IF(AA16=Constants!$B$8,FALSE(),TRUE()))) | BG16: =IF(OR(ISBLANK($C16),$BB16<>TRUE()),"",IF(AC16=Constants!$B$33,TRUE(),IF(AC16=Constants!$B$34,FALSE(),IF(AND(ISNUMBER(AG16),OR(ISBLANK(AF16),AF16=0)),TRUE(),IF(AND(ISBLANK(AG16),ISNUMBER(AF16),AF16<>0),FALSE(),""))))) | BH16: =IF(OR(ISBLANK($C16),$BB16<>TRUE()),"",IF(ISBLANK(AD16),Constants!$B$35,MAX(0,MIN(Constants!$B$31,AD16)))) | BI16: =IF(OR(ISBLANK($C16),$BB16<>TRUE()),"",IF(ISBLANK(AE16),Constants!$B$35,MAX(0,MIN(Constants!$B$32,AE16)))) | BJ16: =IF(ISBLANK($C16), "", IF(AH16=Constants!$B$7, TRUE(), IF(AH16=Constants!$B$8, FALSE(), FALSE() ))) | BK16: =IF(ISBLANK($C16),"",IF($BJ16,Constants!$B$9,IF(COUNTA($E16:$AH16)=0,Constants!$B$10,IF(NOT($AK16),Constants!$B$11,IF(AND(NOT(ISNUMBER($BM16)),COUNTA($O16,$X16,$AG16)>0),Constants!$B$13,Constants!$B$12))))) | BL16: =IF(ISBLANK($C16),"",IF($BK16<>Constants!$B$12,$BK16,Constants!$B$4)) | BM16: =IF(OR(ISBLANK($D$8), NOT(ISNUMBER($D$8))), Constants!$B$17,$D$8) -> ERROR: Set Target Time in cell D8 | BN16: =IF(OR($BK16<>Constants!$B$12,$AL16<>TRUE()),"",IF(NOT($AO16),TRUE(),IF($AQ16="","",$AQ16))) | BO16: =IF(BN16="",FALSE(),IF(NOT($AO16),TRUE(),IF($AQ16,ISNUMBER(O16),ISNUMBER(N16)))) -> 0 | BP16: =IF(BO16,IF($AJ16,1,Constants!$B$22)*POWER(Constants!$B$23,MAX($AM16,0))*POWER(Constants!$B$24,MAX($AN16,0)),"") | BQ16: =IF(OR($BK16<>Constants!$B$12,NOT($BO16)),"",IF(NOT($AO16),0,Constants!$B$19*IF($AQ16,1,MAX(0,MIN(1,(Constants!$B$20-N16)/Constants!$B$20))))) | BR16: =IF(BQ16="","",BQ16*IF($AP16,1,Constants!$B$25)*BP16) | BS16: =IF(OR($BK16<>Constants!$B$12,NOT($BO16)),"",IF(NOT($AO16),0,IF(NOT($AQ16),0,MAX(0,Constants!$B$21*(1-ABS(O16-$BM16)/$BM16))))) | BT16: =IF(BS16="","",BS16*BP16) | BU16: =IF(OR($BK16<>Constants!$B$12,NOT($BO16)),"",IF(OR(NOT($AO16),NOT($AP16)),0,MIN(Constants!$B$18,(Constants!$B$29*$AR16+Constants!$B$30*$AS16)*IF($AQ16,1,MAX(0,MIN(1,(Constants!$B$20-N16)/Constants!$B$20)))))) | BV16: =IF(BU16="","",BU16*BP16) | BW16: =IF(OR($BK16<>Constants!$B$12,NOT($BO16)),"",BR16+BT16+BV16) | BX16: =IF(OR($BK16<>Constants!$B$12,$AT16<>TRUE()),"",IF(NOT($AW16),TRUE(),IF($AY16="","",$AY16))) | BY16: =IF(BX16="",FALSE(),IF(NOT($AW16),TRUE(),IF($AY16,ISNUMBER(X16),ISNUMBER(W16)))) -> 0 | BZ16: =IF(BY16,IF($AJ16,1,Constants!$B$22)*POWER(Constants!$B$23,MAX($AU16,0))*POWER(Constants!$B$24,MAX($AV16,0)),"") | CA16: =IF(OR($BK16<>Constants!$B$12,NOT($BY16)),"",IF(NOT($AW16),0,Constants!$B$19*IF($AY16,1,MAX(0,MIN(1,(Constants!$B$20-W16)/Constants!$B$20))))) | CB16: =IF(CA16="","",CA16*IF($AX16,1,Constants!$B$25)*BZ16) | CC16: =IF(OR($BK16<>Constants!$B$12,NOT($BY16)),"",IF(NOT($AW16),0,IF(NOT($AY16),0,MAX(0,Constants!$B$21*(1-ABS(X16-$BM16)/$BM16))))) | CD16: =IF(CC16="","",CC16*BZ16) | CE16: =IF(OR($BK16<>Constants!$B$12,NOT($BY16)),"",IF(OR(NOT($AW16),NOT($AX16)),0,MIN(Constants!$B$18,(Constants!$B$29*$AZ16+Constants!$B$30*$BA16)*IF($AY16,1,MAX(0,MIN(1,(Constants!$B$20-W16)/Constants!$B$20)))))) | CF16: =IF(CE16="","",CE16*BZ16) | CG16: =IF(OR($BK16<>Constants!$B$12,NOT($BY16)),"",CB16+CD16+CF16) | CH16: =IF(OR(BN16="",BX16=""),TRUE(),BN16<>BX16) -> 1 | CI16: =IF(OR($BK16<>Constants!$B$12,$BB16<>TRUE(),NOT($CH16)),"",IF(NOT($BE16),TRUE(),IF($BG16="","",$BG16))) | CJ16: =IF(CI16="",FALSE(),IF(NOT($BE16),TRUE(),IF($BG16,ISNUMBER(AG16),ISNUMBER(AF16)))) -> 0 | CK16: =IF(CJ16,IF($AJ16,1,Constants!$B$22)*POWER(Constants!$B$23,MAX($BC16,0))*POWER(Constants!$B$24,MAX($BD16,0)),"") | CL16: =IF(OR($BK16<>Constants!$B$12,NOT($CJ16)),"",IF(NOT($BE16),0,Constants!$B$19*IF($BG16,1,MAX(0,MIN(1,(Constants!$B$20-AF16)/Constants!$B$20))))) | CM16: =IF(CL16="","",CL16*IF($BF16,1,Constants!$B$25)*CK16) | CN16: =IF(OR($BK16<>Constants!$B$12,NOT($CJ16)),"",IF(NOT($BE16),0,IF(NOT($BG16),0,MAX(0,Constants!$B$21*(1-ABS(AG16-$BM16)/$BM16))))) | CO16: =IF(CN16="","",CN16*CK16) | CP16: =IF(OR($BK16<>Constants!$B$12,NOT($CJ16)),"",IF(OR(NOT($BE16),NOT($BF16)),0,MIN(Constants!$B$18,(Constants!$B$29*$BH16+Constants!$B$30*$BI16)*IF($BG16,1,MAX(0,MIN(1,(Constants!$B$20-AF16)/Constants!$B$20)))))) | CQ16: =IF(CP16="","",CP16*CK16) | CR16: =IF(OR($BK16<>Constants!$B$12,NOT($CJ16)),"",CM16+CO16+CQ16) | CS16: =IF(OR($BK16<>Constants!$B$12,ISBLANK($C16)),"",BW16) | CT16: =IF(OR($BK16<>Constants!$B$12,ISBLANK($C16)),"",CG16) | CU16: =IF(OR($BK16<>Constants!$B$12,ISBLANK($C16)),"",CR16) | CV16: =IF(OR($BK16<>Constants!$B$12,ISBLANK($C16)),"",IF(COUNT(CS16:CU16)=0,0,MAX(CS16:CU16))) | CW16: =IF($BK16<>Constants!$B$12,"",CV16) | CX16: =IF(ISNUMBER(CW16), RANK(CW16,$CW$11:$CW$510), "") | CY16: =IF(OR($BK16<>Constants!$B$12,ISBLANK($C16)),"",MAX(BT16,CD16,CO16)) | CZ16: =IF(ISNUMBER(CY16), RANK(CY16,CY$11:CY$510), "") | DA16: =IF(OR($BK16<>Constants!$B$12,ISBLANK($C16)),"",MAX(AM16,AU16,IF($CH16,BC16,0))) | DB16: =IF(ISNUMBER(DA16), RANK(DA16,DA$11:DA$510,1), "") | DC16: =IF(OR($BK16<>Constants!$B$12,ISBLANK($C16)),"",MAX(BV16,CF16,CQ16)) | DD16: =IF(ISNUMBER(DC16),RANK(DC16,DC$11:DC$510),"") | DE16: =IFERROR(IF(OR($BK16<>Constants!$B$12, ISBLANK($C16)),"",LARGE(CS16:CU16,2)), 0) | DF16: =IF(ISNUMBER(DE16), RANK(DE16,DE$11:DE$510), "") | DG16: =IF(ISBLANK($C16),"",IF(BK16=Constants!$B$12,RANK($CX16, $CX$11:$CX$510, 1)+ SUMPRODUCT(--($CX$11:$CX$510=$CX16),--($CZ16>$CZ$11:$CZ$510))+ SUMPRODUCT(--($CX$11:$CX$510=$CX16),--($CZ16=$CZ$11:$CZ$510),--($DB16>$DB$11:$DB$510))+ SUMPRODUCT(--($CX$11:$CX$510=$CX16),--($CZ16=$CZ$11:$CZ$510),--($DB16=$DB$11:$DB$510), --($DD16>$DD$11:$DD$510))+ SUMPRODUCT(--($CX$11:$CX$510=$CX16),--($CZ16=$CZ$11:$CZ$510),--($DB16=$DB$11:$DB$510), --($DD16=$DD$11:$DD$510), --($DF16>$DF$11:$DF$510)) ,BK16) ) | DH16: =IF(ISBLANK(C16),"",IF(BK16<>Constants!$B$12, BK16, CX16-DG16)) | DK16: =IF(ISBLANK($C16),"",IF($BK16=Constants!$B$13,$BM16,"")) | DL16: =IF(ISBLANK($C16),"",IF($BK16<>Constants!$B$12,"",IF(COUNT($CS16:$CU16)=0,"",MATCH($CV16,$CS16:$CU16,0)))) | DM16: =IF(ISNUMBER($DL16),CHOOSE($DL16,$BR16,$CB16,$CM16),"") | DN16: =IF(ISNUMBER($DL16),CHOOSE($DL16,$BT16,$CD16,$CO16),"") | DO16: =IF(ISNUMBER($DL16),CHOOSE($DL16,$BV16,$CF16,$CQ16),"") | DP16: =IF(ISBLANK(C16),"",IF(BK16<>Constants!$B$12, BK16 ,CW16)) | DQ16: =IF(ISBLANK($C16),"",IF($BK16<>Constants!$B$12,$BK16,$BL16)) | DR16: =IF(ISBLANK(C16),"",DH16) | DS16: =IF(ISBLANK(C16),"",DG16) | DT16: =IF(ISBLANK(C16), "", IF(DS16=Constants!$B$9,COUNTA($C$11:$C510)+2,IF(DS16=Constants!$B$10,COUNTA($C$11:$C510)+1,IF(DS16=Constants!$B$11,COUNTA($C$11:$C510),DS16)))) | DV16: =IF(OR(ISNUMBER(DS16),DS16="DQ",DS16="P",DS16="NS"), 1, 0 ) -> 0 | DW16: 6 | DX16: =IF(ISBLANK($C16),"",IF(ISNUMBER(DT16),DT16+ROW($B16)/1000,"")) | DY16: =IF(ISNUMBER(DX16), RANK(DX16,DX$11:DX$510,1), "") | DZ16: =IF(ISBLANK($C16), "", $B16 ) | EA16: =IF(ISBLANK($C16), "", $C16 ) | EB16: =IF(ISBLANK($C16), "", $D16 ) | EC16: =IF(ISBLANK($C16),"",$DQ16) | ED16: =DP16 | EE16: =IF(ISBLANK($C16), "", DS16 ) | EF16: =IF(DW16>DV$10, "", VLOOKUP(DW16,DY$11:EE514,7,FALSE()) ) | EG16: =IF(DW16>DV$10, "", VLOOKUP(DW16,DY$11:EE514,2,FALSE()) ) | EH16: =IF(DW16>DV$10, "", VLOOKUP(DW16,DY$11:EE514,3,FALSE()) ) | EI16: =IF(DW16>DV$10, "", VLOOKUP(DW16,DY$11:EE514,4,FALSE()) ) | EJ16: =IF(DW16>DV$10, "", VLOOKUP(DW16,DY$11:EE514,6,FALSE()) )
AJ17: =IF(ISBLANK($C17), "", IF(E17=Constants!$B$7, TRUE(), IF(E17=Constants!$B$8, FALSE(), TRUE() ))) | AK17: =IF(ISBLANK($C17),"",IF(F17=Constants!$B$8,FALSE(),TRUE())) | AL17: =IF(ISBLANK($C17),"",COUNTA($G17:$O17)>0) | AM17: =IF(OR(ISBLANK($C17),$AL17<>TRUE()),"",IF(ISBLANK(G17),Constants!$B$27,MAX(0,G17))) | AN17: =IF(OR(ISBLANK($C17),$AL17<>TRUE()),"",IF(ISBLANK(H17),Constants!$B$28,MAX(0,H17))) | AO17: =IF(OR(ISBLANK($C17),$AL17<>TRUE()),"",IF(J17=Constants!$B$7,TRUE(),IF(J17=Constants!$B$8,FALSE(),TRUE()))) | AP17: =IF(OR(ISBLANK($C17),$AL17<>TRUE()),"",IF(I17=Constants!$B$7,TRUE(),IF(I17=Constants!$B$8,FALSE(),TRUE()))) | AQ17: =IF(OR(ISBLANK($C17),$AL17<>TRUE()),"",IF(K17=Constants!$B$33,TRUE(),IF(K17=Constants!$B$34,FALSE(),IF(AND(ISNUMBER(O17),OR(ISBLANK(N17),N17=0)),TRUE(),IF(AND(ISBLANK(O17),ISNUMBER(N17),N17<>0),FALSE(),""))))) | AR17: =IF(OR(ISBLANK($C17),$AL17<>TRUE()),"",IF(ISBLANK(L17),Constants!$B$35,MAX(0,MIN(Constants!$B$31,L17)))) | AS17: =IF(OR(ISBLANK($C17),$AL17<>TRUE()),"",IF(ISBLANK(M17),Constants!$B$35,MAX(0,MIN(Constants!$B$32,M17)))) | AT17: =IF(ISBLANK($C17),"",COUNTA($P17:$X17)>0) | AU17: =IF(OR(ISBLANK($C17),$AT17<>TRUE()),"",IF(ISBLANK(P17),Constants!$B$27,MAX(0,P17))) | AV17: =IF(OR(ISBLANK($C17),$AT17<>TRUE()),"",IF(ISBLANK(Q17),Constants!$B$28,MAX(0,Q17))) | AW17: =IF(OR(ISBLANK($C17),$AT17<>TRUE()),"",IF(S17=Constants!$B$7,TRUE(),IF(S17=Constants!$B$8,FALSE(),TRUE()))) | AX17: =IF(OR(ISBLANK($C17),$AT17<>TRUE()),"",IF(R17=Constants!$B$7,TRUE(),IF(R17=Constants!$B$8,FALSE(),TRUE()))) | AY17: =IF(OR(ISBLANK($C17),$AT17<>TRUE()),"",IF(T17=Constants!$B$33,TRUE(),IF(T17=Constants!$B$34,FALSE(),IF(AND(ISNUMBER(X17),OR(ISBLANK(W17),W17=0)),TRUE(),IF(AND(ISBLANK(X17),ISNUMBER(W17),W17<>0),FALSE(),""))))) | AZ17: =IF(OR(ISBLANK($C17),$AT17<>TRUE()),"",IF(ISBLANK(U17),Constants!$B$35,MAX(0,MIN(Constants!$B$31,U17)))) | BA17: =IF(OR(ISBLANK($C17),$AT17<>TRUE()),"",IF(ISBLANK(V17),Constants!$B$35,MAX(0,MIN(Constants!$B$32,V17)))) | BB17: =IF(ISBLANK($C17),"",COUNTA($Y17:$AG17)>0) | BC17: =IF(OR(ISBLANK($C17),$BB17<>TRUE()),"",IF(ISBLANK(Y17),Constants!$B$27,MAX(0,Y17))) | BD17: =IF(OR(ISBLANK($C17),$BB17<>TRUE()),"",IF(ISBLANK(Z17),Constants!$B$28,MAX(0,Z17))) | BE17: =IF(OR(ISBLANK($C17),$BB17<>TRUE()),"",IF(AB17=Constants!$B$7,TRUE(),IF(AB17=Constants!$B$8,FALSE(),TRUE()))) | BF17: =IF(OR(ISBLANK($C17),$BB17<>TRUE()),"",IF(AA17=Constants!$B$7,TRUE(),IF(AA17=Constants!$B$8,FALSE(),TRUE()))) | BG17: =IF(OR(ISBLANK($C17),$BB17<>TRUE()),"",IF(AC17=Constants!$B$33,TRUE(),IF(AC17=Constants!$B$34,FALSE(),IF(AND(ISNUMBER(AG17),OR(ISBLANK(AF17),AF17=0)),TRUE(),IF(AND(ISBLANK(AG17),ISNUMBER(AF17),AF17<>0),FALSE(),""))))) | BH17: =IF(OR(ISBLANK($C17),$BB17<>TRUE()),"",IF(ISBLANK(AD17),Constants!$B$35,MAX(0,MIN(Constants!$B$31,AD17)))) | BI17: =IF(OR(ISBLANK($C17),$BB17<>TRUE()),"",IF(ISBLANK(AE17),Constants!$B$35,MAX(0,MIN(Constants!$B$32,AE17)))) | BJ17: =IF(ISBLANK($C17), "", IF(AH17=Constants!$B$7, TRUE(), IF(AH17=Constants!$B$8, FALSE(), FALSE() ))) | BK17: =IF(ISBLANK($C17),"",IF($BJ17,Constants!$B$9,IF(COUNTA($E17:$AH17)=0,Constants!$B$10,IF(NOT($AK17),Constants!$B$11,IF(AND(NOT(ISNUMBER($BM17)),COUNTA($O17,$X17,$AG17)>0),Constants!$B$13,Constants!$B$12))))) | BL17: =IF(ISBLANK($C17),"",IF($BK17<>Constants!$B$12,$BK17,Constants!$B$4)) | BM17: =IF(OR(ISBLANK($D$8), NOT(ISNUMBER($D$8))), Constants!$B$17,$D$8) -> ERROR: Set Target Time in cell D8 | BN17: =IF(OR($BK17<>Constants!$B$12,$AL17<>TRUE()),"",IF(NOT($AO17),TRUE(),IF($AQ17="","",$AQ17))) | BO17: =IF(BN17="",FALSE(),IF(NOT($AO17),TRUE(),IF($AQ17,ISNUMBER(O17),ISNUMBER(N17)))) -> FALSE | BP17: =IF(BO17,IF($AJ17,1,Constants!$B$22)*POWER(Constants!$B$23,MAX($AM17,0))*POWER(Constants!$B$24,MAX($AN17,0)),"") | BQ17: =IF(OR($BK17<>Constants!$B$12,NOT($BO17)),"",IF(NOT($AO17),0,Constants!$B$19*IF($AQ17,1,MAX(0,MIN(1,(Constants!$B$20-N17)/Constants!$B$20))))) | BR17: =IF(BQ17="","",BQ17*IF($AP17,1,Constants!$B$25)*BP17) | BS17: =IF(OR($BK17<>Constants!$B$12,NOT($BO17)),"",IF(NOT($AO17),0,IF(NOT($AQ17),0,MAX(0,Constants!$B$21*(1-ABS(O17-$BM17)/$BM17))))) | BT17: =IF(BS17="","",BS17*BP17) | BU17: =IF(OR($BK17<>Constants!$B$12,NOT($BO17)),"",IF(OR(NOT($AO17),NOT($AP17)),0,MIN(Constants!$B$18,(Constants!$B$29*$AR17+Constants!$B$30*$AS17)*IF($AQ17,1,MAX(0,MIN(1,(Constants!$B$20-N17)/Constants!$B$20)))))) | BV17: =IF(BU17="","",BU17*BP17) | BW17: =IF(OR($BK17<>Constants!$B$12,NOT($BO17)),"",BR17+BT17+BV17) | BX17: =IF(OR($BK17<>Constants!$B$12,$AT17<>TRUE()),"",IF(NOT($AW17),TRUE(),IF($AY17="","",$AY17))) | BY17: =IF(BX17="",FALSE(),IF(NOT($AW17),TRUE(),IF($AY17,ISNUMBER(X17),ISNUMBER(W17)))) -> FALSE | BZ17: =IF(BY17,IF($AJ17,1,Constants!$B$22)*POWER(Constants!$B$23,MAX($AU17,0))*POWER(Constants!$B$24,MAX($AV17,0)),"") | CA17: =IF(OR($BK17<>Constants!$B$12,NOT($BY17)),"",IF(NOT($AW17),0,Constants!$B$19*IF($AY17,1,MAX(0,MIN(1,(Constants!$B$20-W17)/Constants!$B$20))))) | CB17: =IF(CA17="","",CA17*IF($AX17,1,Constants!$B$25)*BZ17) | CC17: =IF(OR($BK17<>Constants!$B$12,NOT($BY17)),"",IF(NOT($AW17),0,IF(NOT($AY17),0,MAX(0,Constants!$B$21*(1-ABS(X17-$BM17)/$BM17))))) | CD17: =IF(CC17="","",CC17*BZ17) | CE17: =IF(OR($BK17<>Constants!$B$12,NOT($BY17)),"",IF(OR(NOT($AW17),NOT($AX17)),0,MIN(Constants!$B$18,(Constants!$B$29*$AZ17+Constants!$B$30*$BA17)*IF($AY17,1,MAX(0,MIN(1,(Constants!$B$20-W17)/Constants!$B$20)))))) | CF17: =IF(CE17="","",CE17*BZ17) | CG17: =IF(OR($BK17<>Constants!$B$12,NOT($BY17)),"",CB17+CD17+CF17) | CH17: =IF(OR(BN17="",BX17=""),TRUE(),BN17<>BX17) -> TRUE | CI17: =IF(OR($BK17<>Constants!$B$12,$BB17<>TRUE(),NOT($CH17)),"",IF(NOT($BE17),TRUE(),IF($BG17="","",$BG17))) | CJ17: =IF(CI17="",FALSE(),IF(NOT($BE17),TRUE(),IF($BG17,ISNUMBER(AG17),ISNUMBER(AF17)))) -> FALSE | CK17: =IF(CJ17,IF($AJ17,1,Constants!$B$22)*POWER(Constants!$B$23,MAX($BC17,0))*POWER(Constants!$B$24,MAX($BD17,0)),"") | CL17: =IF(OR($BK17<>Constants!$B$12,NOT($CJ17)),"",IF(NOT($BE17),0,Constants!$B$19*IF($BG17,1,MAX(0,MIN(1,(Constants!$B$20-AF17)/Constants!$B$20))))) | CM17: =IF(CL17="","",CL17*IF($BF17,1,Constants!$B$25)*CK17) | CN17: =IF(OR($BK17<>Constants!$B$12,NOT($CJ17)),"",IF(NOT($BE17),0,IF(NOT($BG17),0,MAX(0,Constants!$B$21*(1-ABS(AG17-$BM17)/$BM17))))) | CO17: =IF(CN17="","",CN17*CK17) | CP17: =IF(OR($BK17<>Constants!$B$12,NOT($CJ17)),"",IF(OR(NOT($BE17),NOT($BF17)),0,MIN(Constants!$B$18,(Constants!$B$29*$BH17+Constants!$B$30*$BI17)*IF($BG17,1,MAX(0,MIN(1,(Constants!$B$20-AF17)/Constants!$B$20)))))) | CQ17: =IF(CP17="","",CP17*CK17) | CR17: =IF(OR($BK17<>Constants!$B$12,NOT($CJ17)),"",CM17+CO17+CQ17) | CS17: =IF(OR($BK17<>Constants!$B$12,ISBLANK($C17)),"",BW17) | CT17: =IF(OR($BK17<>Constants!$B$12,ISBLANK($C17)),"",CG17) | CU17: =IF(OR($BK17<>Constants!$B$12,ISBLANK($C17)),"",CR17) | CV17: =IF(OR($BK17<>Constants!$B$12,ISBLANK($C17)),"",IF(COUNT(CS17:CU17)=0,0,MAX(CS17:CU17))) | CW17: =IF($BK17<>Constants!$B$12,"",CV17) | CX17: =IF(ISNUMBER(CW17), RANK(CW17,$CW$11:$CW$510), "") | CY17: =IF(OR($BK17<>Constants!$B$12,ISBLANK($C17)),"",MAX(BT17,CD17,CO17)) | CZ17: =IF(ISNUMBER(CY17), RANK(CY17,CY$11:CY$510), "") | DA17: =IF(OR($BK17<>Constants!$B$12,ISBLANK($C17)),"",MAX(AM17,AU17,IF($CH17,BC17,0))) | DB17: =IF(ISNUMBER(DA17), RANK(DA17,DA$11:DA$510,1), "") | DC17: =IF(OR($BK17<>Constants!$B$12,ISBLANK($C17)),"",MAX(BV17,CF17,CQ17)) | DD17: =IF(ISNUMBER(DC17),RANK(DC17,DC$11:DC$510),"") | DE17: =IFERROR(IF(OR($BK17<>Constants!$B$12, ISBLANK($C17)),"",LARGE(CS17:CU17,2)), 0) | DF17: =IF(ISNUMBER(DE17), RANK(DE17,DE$11:DE$510), "") | DG17: =IF(ISBLANK($C17),"",IF(BK17=Constants!$B$12,RANK($CX17, $CX$11:$CX$510, 1)+ SUMPRODUCT(--($CX$11:$CX$510=$CX17),--($CZ17>$CZ$11:$CZ$510))+ SUMPRODUCT(--($CX$11:$CX$510=$CX17),--($CZ17=$CZ$11:$CZ$510),--($DB17>$DB$11:$DB$510))+ SUMPRODUCT(--($CX$11:$CX$510=$CX17),--($CZ17=$CZ$11:$CZ$510),--($DB17=$DB$11:$DB$510), --($DD17>$DD$11:$DD$510))+ SUMPRODUCT(--($CX$11:$CX$510=$CX17),--($CZ17=$CZ$11:$CZ$510),--($DB17=$DB$11:$DB$510), --($DD17=$DD$11:$DD$510), --($DF17>$DF$11:$DF$510)) ,BK17) ) | DH17: =IF(ISBLANK(C17),"",IF(BK17<>Constants!$B$12, BK17, CX17-DG17)) | DK17: =IF(ISBLANK($C17),"",IF($BK17=Constants!$B$13,$BM17,"")) | DL17: =IF(ISBLANK($C17),"",IF($BK17<>Constants!$B$12,"",IF(COUNT($CS17:$CU17)=0,"",MATCH($CV17,$CS17:$CU17,0)))) | DM17: =IF(ISNUMBER($DL17),CHOOSE($DL17,$BR17,$CB17,$CM17),"") | DN17: =IF(ISNUMBER($DL17),CHOOSE($DL17,$BT17,$CD17,$CO17),"") | DO17: =IF(ISNUMBER($DL17),CHOOSE($DL17,$BV17,$CF17,$CQ17),"") | DP17: =IF(ISBLANK(C17),"",IF(BK17<>Constants!$B$12, BK17 ,CW17)) | DQ17: =IF(ISBLANK($C17),"",IF($BK17<>Constants!$B$12,$BK17,$BL17)) | DR17: =IF(ISBLANK(C17),"",DH17) | DS17: =IF(ISBLANK(C17),"",DG17) | DT17: =IF(ISBLANK(C17), "", IF(DS17=Constants!$B$9,COUNTA($C$11:$C510)+2,IF(DS17=Constants!$B$10,COUNTA($C$11:$C510)+1,IF(DS17=Constants!$B$11,COUNTA($C$11:$C510),DS17)))) | DV17: =IF(OR(ISNUMBER(DS17),DS17="DQ",DS17="P",DS17="NS"), 1, 0 ) -> 0 | DW17: 7 | DX17: =IF(ISBLANK($C17),"",IF(ISNUMBER(DT17),DT17+ROW($B17)/1000,"")) | DY17: =IF(ISNUMBER(DX17), RANK(DX17,DX$11:DX$510,1), "") | DZ17: =IF(ISBLANK($C17), "", $B17 ) | EA17: =IF(ISBLANK($C17), "", $C17 ) | EB17: =IF(ISBLANK($C17), "", $D17 ) | EC17: =IF(ISBLANK($C17),"",$DQ17) | ED17: =DP17 | EE17: =IF(ISBLANK($C17), "", DS17 ) | EF17: =IF(DW17>DV$10, "", VLOOKUP(DW17,DY$11:EE515,7,FALSE()) ) | EG17: =IF(DW17>DV$10, "", VLOOKUP(DW17,DY$11:EE515,2,FALSE()) ) | EH17: =IF(DW17>DV$10, "", VLOOKUP(DW17,DY$11:EE515,3,FALSE()) ) | EI17: =IF(DW17>DV$10, "", VLOOKUP(DW17,DY$11:EE515,4,FALSE()) ) | EJ17: =IF(DW17>DV$10, "", VLOOKUP(DW17,DY$11:EE515,6,FALSE()) )
AJ18: =IF(ISBLANK($C18), "", IF(E18=Constants!$B$7, TRUE(), IF(E18=Constants!$B$8, FALSE(), TRUE() ))) | AK18: =IF(ISBLANK($C18),"",IF(F18=Constants!$B$8,FALSE(),TRUE())) | AL18: =IF(ISBLANK($C18),"",COUNTA($G18:$O18)>0) | AM18: =IF(OR(ISBLANK($C18),$AL18<>TRUE()),"",IF(ISBLANK(G18),Constants!$B$27,MAX(0,G18))) | AN18: =IF(OR(ISBLANK($C18),$AL18<>TRUE()),"",IF(ISBLANK(H18),Constants!$B$28,MAX(0,H18))) | AO18: =IF(OR(ISBLANK($C18),$AL18<>TRUE()),"",IF(J18=Constants!$B$7,TRUE(),IF(J18=Constants!$B$8,FALSE(),TRUE()))) | AP18: =IF(OR(ISBLANK($C18),$AL18<>TRUE()),"",IF(I18=Constants!$B$7,TRUE(),IF(I18=Constants!$B$8,FALSE(),TRUE()))) | AQ18: =IF(OR(ISBLANK($C18),$AL18<>TRUE()),"",IF(K18=Constants!$B$33,TRUE(),IF(K18=Constants!$B$34,FALSE(),IF(AND(ISNUMBER(O18),OR(ISBLANK(N18),N18=0)),TRUE(),IF(AND(ISBLANK(O18),ISNUMBER(N18),N18<>0),FALSE(),""))))) | AR18: =IF(OR(ISBLANK($C18),$AL18<>TRUE()),"",IF(ISBLANK(L18),Constants!$B$35,MAX(0,MIN(Constants!$B$31,L18)))) | AS18: =IF(OR(ISBLANK($C18),$AL18<>TRUE()),"",IF(ISBLANK(M18),Constants!$B$35,MAX(0,MIN(Constants!$B$32,M18)))) | AT18: =IF(ISBLANK($C18),"",COUNTA($P18:$X18)>0) | AU18: =IF(OR(ISBLANK($C18),$AT18<>TRUE()),"",IF(ISBLANK(P18),Constants!$B$27,MAX(0,P18))) | AV18: =IF(OR(ISBLANK($C18),$AT18<>TRUE()),"",IF(ISBLANK(Q18),Constants!$B$28,MAX(0,Q18))) | AW18: =IF(OR(ISBLANK($C18),$AT18<>TRUE()),"",IF(S18=Constants!$B$7,TRUE(),IF(S18=Constants!$B$8,FALSE(),TRUE()))) | AX18: =IF(OR(ISBLANK($C18),$AT18<>TRUE()),"",IF(R18=Constants!$B$7,TRUE(),IF(R18=Constants!$B$8,FALSE(),TRUE()))) | AY18: =IF(OR(ISBLANK($C18),$AT18<>TRUE()),"",IF(T18=Constants!$B$33,TRUE(),IF(T18=Constants!$B$34,FALSE(),IF(AND(ISNUMBER(X18),OR(ISBLANK(W18),W18=0)),TRUE(),IF(AND(ISBLANK(X18),ISNUMBER(W18),W18<>0),FALSE(),""))))) | AZ18: =IF(OR(ISBLANK($C18),$AT18<>TRUE()),"",IF(ISBLANK(U18),Constants!$B$35,MAX(0,MIN(Constants!$B$31,U18)))) | BA18: =IF(OR(ISBLANK($C18),$AT18<>TRUE()),"",IF(ISBLANK(V18),Constants!$B$35,MAX(0,MIN(Constants!$B$32,V18)))) | BB18: =IF(ISBLANK($C18),"",COUNTA($Y18:$AG18)>0) | BC18: =IF(OR(ISBLANK($C18),$BB18<>TRUE()),"",IF(ISBLANK(Y18),Constants!$B$27,MAX(0,Y18))) | BD18: =IF(OR(ISBLANK($C18),$BB18<>TRUE()),"",IF(ISBLANK(Z18),Constants!$B$28,MAX(0,Z18))) | BE18: =IF(OR(ISBLANK($C18),$BB18<>TRUE()),"",IF(AB18=Constants!$B$7,TRUE(),IF(AB18=Constants!$B$8,FALSE(),TRUE()))) | BF18: =IF(OR(ISBLANK($C18),$BB18<>TRUE()),"",IF(AA18=Constants!$B$7,TRUE(),IF(AA18=Constants!$B$8,FALSE(),TRUE()))) | BG18: =IF(OR(ISBLANK($C18),$BB18<>TRUE()),"",IF(AC18=Constants!$B$33,TRUE(),IF(AC18=Constants!$B$34,FALSE(),IF(AND(ISNUMBER(AG18),OR(ISBLANK(AF18),AF18=0)),TRUE(),IF(AND(ISBLANK(AG18),ISNUMBER(AF18),AF18<>0),FALSE(),""))))) | BH18: =IF(OR(ISBLANK($C18),$BB18<>TRUE()),"",IF(ISBLANK(AD18),Constants!$B$35,MAX(0,MIN(Constants!$B$31,AD18)))) | BI18: =IF(OR(ISBLANK($C18),$BB18<>TRUE()),"",IF(ISBLANK(AE18),Constants!$B$35,MAX(0,MIN(Constants!$B$32,AE18)))) | BJ18: =IF(ISBLANK($C18), "", IF(AH18=Constants!$B$7, TRUE(), IF(AH18=Constants!$B$8, FALSE(), FALSE() ))) | BK18: =IF(ISBLANK($C18),"",IF($BJ18,Constants!$B$9,IF(COUNTA($E18:$AH18)=0,Constants!$B$10,IF(NOT($AK18),Constants!$B$11,IF(AND(NOT(ISNUMBER($BM18)),COUNTA($O18,$X18,$AG18)>0),Constants!$B$13,Constants!$B$12))))) | BL18: =IF(ISBLANK($C18),"",IF($BK18<>Constants!$B$12,$BK18,Constants!$B$4)) | BM18: =IF(OR(ISBLANK($D$8), NOT(ISNUMBER($D$8))), Constants!$B$17,$D$8) -> ERROR: Set Target Time in cell D8 | BN18: =IF(OR($BK18<>Constants!$B$12,$AL18<>TRUE()),"",IF(NOT($AO18),TRUE(),IF($AQ18="","",$AQ18))) | BO18: =IF(BN18="",FALSE(),IF(NOT($AO18),TRUE(),IF($AQ18,ISNUMBER(O18),ISNUMBER(N18)))) -> FALSE | BP18: =IF(BO18,IF($AJ18,1,Constants!$B$22)*POWER(Constants!$B$23,MAX($AM18,0))*POWER(Constants!$B$24,MAX($AN18,0)),"") | BQ18: =IF(OR($BK18<>Constants!$B$12,NOT($BO18)),"",IF(NOT($AO18),0,Constants!$B$19*IF($AQ18,1,MAX(0,MIN(1,(Constants!$B$20-N18)/Constants!$B$20))))) | BR18: =IF(BQ18="","",BQ18*IF($AP18,1,Constants!$B$25)*BP18) | BS18: =IF(OR($BK18<>Constants!$B$12,NOT($BO18)),"",IF(NOT($AO18),0,IF(NOT($AQ18),0,MAX(0,Constants!$B$21*(1-ABS(O18-$BM18)/$BM18))))) | BT18: =IF(BS18="","",BS18*BP18) | BU18: =IF(OR($BK18<>Constants!$B$12,NOT($BO18)),"",IF(OR(NOT($AO18),NOT($AP18)),0,MIN(Constants!$B$18,(Constants!$B$29*$AR18+Constants!$B$30*$AS18)*IF($AQ18,1,MAX(0,MIN(1,(Constants!$B$20-N18)/Constants!$B$20)))))) | BV18: =IF(BU18="","",BU18*BP18) | BW18: =IF(OR($BK18<>Constants!$B$12,NOT($BO18)),"",BR18+BT18+BV18) | BX18: =IF(OR($BK18<>Constants!$B$12,$AT18<>TRUE()),"",IF(NOT($AW18),TRUE(),IF($AY18="","",$AY18))) | BY18: =IF(BX18="",FALSE(),IF(NOT($AW18),TRUE(),IF($AY18,ISNUMBER(X18),ISNUMBER(W18)))) -> FALSE | BZ18: =IF(BY18,IF($AJ18,1,Constants!$B$22)*POWER(Constants!$B$23,MAX($AU18,0))*POWER(Constants!$B$24,MAX($AV18,0)),"") | CA18: =IF(OR($BK18<>Constants!$B$12,NOT($BY18)),"",IF(NOT($AW18),0,Constants!$B$19*IF($AY18,1,MAX(0,MIN(1,(Constants!$B$20-W18)/Constants!$B$20))))) | CB18: =IF(CA18="","",CA18*IF($AX18,1,Constants!$B$25)*BZ18) | CC18: =IF(OR($BK18<>Constants!$B$12,NOT($BY18)),"",IF(NOT($AW18),0,IF(NOT($AY18),0,MAX(0,Constants!$B$21*(1-ABS(X18-$BM18)/$BM18))))) | CD18: =IF(CC18="","",CC18*BZ18) | CE18: =IF(OR($BK18<>Constants!$B$12,NOT($BY18)),"",IF(OR(NOT($AW18),NOT($AX18)),0,MIN(Constants!$B$18,(Constants!$B$29*$AZ18+Constants!$B$30*$BA18)*IF($AY18,1,MAX(0,MIN(1,(Constants!$B$20-W18)/Constants!$B$20)))))) | CF18: =IF(CE18="","",CE18*BZ18) | CG18: =IF(OR($BK18<>Constants!$B$12,NOT($BY18)),"",CB18+CD18+CF18) | CH18: =IF(OR(BN18="",BX18=""),TRUE(),BN18<>BX18) -> TRUE | CI18: =IF(OR($BK18<>Constants!$B$12,$BB18<>TRUE(),NOT($CH18)),"",IF(NOT($BE18),TRUE(),IF($BG18="","",$BG18))) | CJ18: =IF(CI18="",FALSE(),IF(NOT($BE18),TRUE(),IF($BG18,ISNUMBER(AG18),ISNUMBER(AF18)))) -> FALSE | CK18: =IF(CJ18,IF($AJ18,1,Constants!$B$22)*POWER(Constants!$B$23,MAX($BC18,0))*POWER(Constants!$B$24,MAX($BD18,0)),"") | CL18: =IF(OR($BK18<>Constants!$B$12,NOT($CJ18)),"",IF(NOT($BE18),0,Constants!$B$19*IF($BG18,1,MAX(0,MIN(1,(Constants!$B$20-AF18)/Constants!$B$20))))) | CM18: =IF(CL18="","",CL18*IF($BF18,1,Constants!$B$25)*CK18) | CN18: =IF(OR($BK18<>Constants!$B$12,NOT($CJ18)),"",IF(NOT($BE18),0,IF(NOT($BG18),0,MAX(0,Constants!$B$21*(1-ABS(AG18-$BM18)/$BM18))))) | CO18: =IF(CN18="","",CN18*CK18) | CP18: =IF(OR($BK18<>Constants!$B$12,NOT($CJ18)),"",IF(OR(NOT($BE18),NOT($BF18)),0,MIN(Constants!$B$18,(Constants!$B$29*$BH18+Constants!$B$30*$BI18)*IF($BG18,1,MAX(0,MIN(1,(Constants!$B$20-AF18)/Constants!$B$20)))))) | CQ18: =IF(CP18="","",CP18*CK18) | CR18: =IF(OR($BK18<>Constants!$B$12,NOT($CJ18)),"",CM18+CO18+CQ18) | CS18: =IF(OR($BK18<>Constants!$B$12,ISBLANK($C18)),"",BW18) | CT18: =IF(OR($BK18<>Constants!$B$12,ISBLANK($C18)),"",CG18) | CU18: =IF(OR($BK18<>Constants!$B$12,ISBLANK($C18)),"",CR18) | CV18: =IF(OR($BK18<>Constants!$B$12,ISBLANK($C18)),"",IF(COUNT(CS18:CU18)=0,0,MAX(CS18:CU18))) | CW18: =IF($BK18<>Constants!$B$12,"",CV18) | CX18: =IF(ISNUMBER(CW18), RANK(CW18,$CW$11:$CW$510), "") | CY18: =IF(OR($BK18<>Constants!$B$12,ISBLANK($C18)),"",MAX(BT18,CD18,CO18)) | CZ18: =IF(ISNUMBER(CY18), RANK(CY18,CY$11:CY$510), "") | DA18: =IF(OR($BK18<>Constants!$B$12,ISBLANK($C18)),"",MAX(AM18,AU18,IF($CH18,BC18,0))) | DB18: =IF(ISNUMBER(DA18), RANK(DA18,DA$11:DA$510,1), "") | DC18: =IF(OR($BK18<>Constants!$B$12,ISBLANK($C18)),"",MAX(BV18,CF18,CQ18)) | DD18: =IF(ISNUMBER(DC18),RANK(DC18,DC$11:DC$510),"") | DE18: =IFERROR(IF(OR($BK18<>Constants!$B$12, ISBLANK($C18)),"",LARGE(CS18:CU18,2)), 0) | DF18: =IF(ISNUMBER(DE18), RANK(DE18,DE$11:DE$510), "") | DG18: =IF(ISBLANK($C18),"",IF(BK18=Constants!$B$12,RANK($CX18, $CX$11:$CX$510, 1)+ SUMPRODUCT(--($CX$11:$CX$510=$CX18),--($CZ18>$CZ$11:$CZ$510))+ SUMPRODUCT(--($CX$11:$CX$510=$CX18),--($CZ18=$CZ$11:$CZ$510),--($DB18>$DB$11:$DB$510))+ SUMPRODUCT(--($CX$11:$CX$510=$CX18),--($CZ18=$CZ$11:$CZ$510),--($DB18=$DB$11:$DB$510), --($DD18>$DD$11:$DD$510))+ SUMPRODUCT(--($CX$11:$CX$510=$CX18),--($CZ18=$CZ$11:$CZ$510),--($DB18=$DB$11:$DB$510), --($DD18=$DD$11:$DD$510), --($DF18>$DF$11:$DF$510)) ,BK18) ) | DH18: =IF(ISBLANK(C18),"",IF(BK18<>Constants!$B$12, BK18, CX18-DG18)) | DK18: =IF(ISBLANK($C18),"",IF($BK18=Constants!$B$13,$BM18,"")) | DL18: =IF(ISBLANK($C18),"",IF($BK18<>Constants!$B$12,"",IF(COUNT($CS18:$CU18)=0,"",MATCH($CV18,$CS18:$CU18,0)))) | DM18: =IF(ISNUMBER($DL18),CHOOSE($DL18,$BR18,$CB18,$CM18),"") | DN18: =IF(ISNUMBER($DL18),CHOOSE($DL18,$BT18,$CD18,$CO18),"") | DO18: =IF(ISNUMBER($DL18),CHOOSE($DL18,$BV18,$CF18,$CQ18),"") | DP18: =IF(ISBLANK(C18),"",IF(BK18<>Constants!$B$12, BK18 ,CW18)) | DQ18: =IF(ISBLANK($C18),"",IF($BK18<>Constants!$B$12,$BK18,$BL18)) | DR18: =IF(ISBLANK(C18),"",DH18) | DS18: =IF(ISBLANK(C18),"",DG18) | DT18: =IF(ISBLANK(C18), "", IF(DS18=Constants!$B$9,COUNTA($C$11:$C510)+2,IF(DS18=Constants!$B$10,COUNTA($C$11:$C510)+1,IF(DS18=Constants!$B$11,COUNTA($C$11:$C510),DS18)))) | DV18: =IF(OR(ISNUMBER(DS18),DS18="DQ",DS18="P",DS18="NS"), 1, 0 ) -> 0 | DW18: 8 | DX18: =IF(ISBLANK($C18),"",IF(ISNUMBER(DT18),DT18+ROW($B18)/1000,"")) | DY18: =IF(ISNUMBER(DX18), RANK(DX18,DX$11:DX$510,1), "") | DZ18: =IF(ISBLANK($C18), "", $B18 ) | EA18: =IF(ISBLANK($C18), "", $C18 ) | EB18: =IF(ISBLANK($C18), "", $D18 ) | EC18: =IF(ISBLANK($C18),"",$DQ18) | ED18: =DP18 | EE18: =IF(ISBLANK($C18), "", DS18 ) | EF18: =IF(DW18>DV$10, "", VLOOKUP(DW18,DY$11:EE516,7,FALSE()) ) | EG18: =IF(DW18>DV$10, "", VLOOKUP(DW18,DY$11:EE516,2,FALSE()) ) | EH18: =IF(DW18>DV$10, "", VLOOKUP(DW18,DY$11:EE516,3,FALSE()) ) | EI18: =IF(DW18>DV$10, "", VLOOKUP(DW18,DY$11:EE516,4,FALSE()) ) | EJ18: =IF(DW18>DV$10, "", VLOOKUP(DW18,DY$11:EE516,6,FALSE()) )
AJ19: =IF(ISBLANK($C19), "", IF(E19=Constants!$B$7, TRUE(), IF(E19=Constants!$B$8, FALSE(), TRUE() ))) | AK19: =IF(ISBLANK($C19),"",IF(F19=Constants!$B$8,FALSE(),TRUE())) | AL19: =IF(ISBLANK($C19),"",COUNTA($G19:$O19)>0) | AM19: =IF(OR(ISBLANK($C19),$AL19<>TRUE()),"",IF(ISBLANK(G19),Constants!$B$27,MAX(0,G19))) | AN19: =IF(OR(ISBLANK($C19),$AL19<>TRUE()),"",IF(ISBLANK(H19),Constants!$B$28,MAX(0,H19))) | AO19: =IF(OR(ISBLANK($C19),$AL19<>TRUE()),"",IF(J19=Constants!$B$7,TRUE(),IF(J19=Constants!$B$8,FALSE(),TRUE()))) | AP19: =IF(OR(ISBLANK($C19),$AL19<>TRUE()),"",IF(I19=Constants!$B$7,TRUE(),IF(I19=Constants!$B$8,FALSE(),TRUE()))) | AQ19: =IF(OR(ISBLANK($C19),$AL19<>TRUE()),"",IF(K19=Constants!$B$33,TRUE(),IF(K19=Constants!$B$34,FALSE(),IF(AND(ISNUMBER(O19),OR(ISBLANK(N19),N19=0)),TRUE(),IF(AND(ISBLANK(O19),ISNUMBER(N19),N19<>0),FALSE(),""))))) | AR19: =IF(OR(ISBLANK($C19),$AL19<>TRUE()),"",IF(ISBLANK(L19),Constants!$B$35,MAX(0,MIN(Constants!$B$31,L19)))) | AS19: =IF(OR(ISBLANK($C19),$AL19<>TRUE()),"",IF(ISBLANK(M19),Constants!$B$35,MAX(0,MIN(Constants!$B$32,M19)))) | AT19: =IF(ISBLANK($C19),"",COUNTA($P19:$X19)>0) | AU19: =IF(OR(ISBLANK($C19),$AT19<>TRUE()),"",IF(ISBLANK(P19),Constants!$B$27,MAX(0,P19))) | AV19: =IF(OR(ISBLANK($C19),$AT19<>TRUE()),"",IF(ISBLANK(Q19),Constants!$B$28,MAX(0,Q19))) | AW19: =IF(OR(ISBLANK($C19),$AT19<>TRUE()),"",IF(S19=Constants!$B$7,TRUE(),IF(S19=Constants!$B$8,FALSE(),TRUE()))) | AX19: =IF(OR(ISBLANK($C19),$AT19<>TRUE()),"",IF(R19=Constants!$B$7,TRUE(),IF(R19=Constants!$B$8,FALSE(),TRUE()))) | AY19: =IF(OR(ISBLANK($C19),$AT19<>TRUE()),"",IF(T19=Constants!$B$33,TRUE(),IF(T19=Constants!$B$34,FALSE(),IF(AND(ISNUMBER(X19),OR(ISBLANK(W19),W19=0)),TRUE(),IF(AND(ISBLANK(X19),ISNUMBER(W19),W19<>0),FALSE(),""))))) | AZ19: =IF(OR(ISBLANK($C19),$AT19<>TRUE()),"",IF(ISBLANK(U19),Constants!$B$35,MAX(0,MIN(Constants!$B$31,U19)))) | BA19: =IF(OR(ISBLANK($C19),$AT19<>TRUE()),"",IF(ISBLANK(V19),Constants!$B$35,MAX(0,MIN(Constants!$B$32,V19)))) | BB19: =IF(ISBLANK($C19),"",COUNTA($Y19:$AG19)>0) | BC19: =IF(OR(ISBLANK($C19),$BB19<>TRUE()),"",IF(ISBLANK(Y19),Constants!$B$27,MAX(0,Y19))) | BD19: =IF(OR(ISBLANK($C19),$BB19<>TRUE()),"",IF(ISBLANK(Z19),Constants!$B$28,MAX(0,Z19))) | BE19: =IF(OR(ISBLANK($C19),$BB19<>TRUE()),"",IF(AB19=Constants!$B$7,TRUE(),IF(AB19=Constants!$B$8,FALSE(),TRUE()))) | BF19: =IF(OR(ISBLANK($C19),$BB19<>TRUE()),"",IF(AA19=Constants!$B$7,TRUE(),IF(AA19=Constants!$B$8,FALSE(),TRUE()))) | BG19: =IF(OR(ISBLANK($C19),$BB19<>TRUE()),"",IF(AC19=Constants!$B$33,TRUE(),IF(AC19=Constants!$B$34,FALSE(),IF(AND(ISNUMBER(AG19),OR(ISBLANK(AF19),AF19=0)),TRUE(),IF(AND(ISBLANK(AG19),ISNUMBER(AF19),AF19<>0),FALSE(),""))))) | BH19: =IF(OR(ISBLANK($C19),$BB19<>TRUE()),"",IF(ISBLANK(AD19),Constants!$B$35,MAX(0,MIN(Constants!$B$31,AD19)))) | BI19: =IF(OR(ISBLANK($C19),$BB19<>TRUE()),"",IF(ISBLANK(AE19),Constants!$B$35,MAX(0,MIN(Constants!$B$32,AE19)))) | BJ19: =IF(ISBLANK($C19), "", IF(AH19=Constants!$B$7, TRUE(), IF(AH19=Constants!$B$8, FALSE(), FALSE() ))) | BK19: =IF(ISBLANK($C19),"",IF($BJ19,Constants!$B$9,IF(COUNTA($E19:$AH19)=0,Constants!$B$10,IF(NOT($AK19),Constants!$B$11,IF(AND(NOT(ISNUMBER($BM19)),COUNTA($O19,$X19,$AG19)>0),Constants!$B$13,Constants!$B$12))))) | BL19: =IF(ISBLANK($C19),"",IF($BK19<>Constants!$B$12,$BK19,Constants!$B$4)) | BM19: =IF(OR(ISBLANK($D$8), NOT(ISNUMBER($D$8))), Constants!$B$17,$D$8) -> ERROR: Set Target Time in cell D8 | BN19: =IF(OR($BK19<>Constants!$B$12,$AL19<>TRUE()),"",IF(NOT($AO19),TRUE(),IF($AQ19="","",$AQ19))) | BO19: =IF(BN19="",FALSE(),IF(NOT($AO19),TRUE(),IF($AQ19,ISNUMBER(O19),ISNUMBER(N19)))) -> FALSE | BP19: =IF(BO19,IF($AJ19,1,Constants!$B$22)*POWER(Constants!$B$23,MAX($AM19,0))*POWER(Constants!$B$24,MAX($AN19,0)),"") | BQ19: =IF(OR($BK19<>Constants!$B$12,NOT($BO19)),"",IF(NOT($AO19),0,Constants!$B$19*IF($AQ19,1,MAX(0,MIN(1,(Constants!$B$20-N19)/Constants!$B$20))))) | BR19: =IF(BQ19="","",BQ19*IF($AP19,1,Constants!$B$25)*BP19) | BS19: =IF(OR($BK19<>Constants!$B$12,NOT($BO19)),"",IF(NOT($AO19),0,IF(NOT($AQ19),0,MAX(0,Constants!$B$21*(1-ABS(O19-$BM19)/$BM19))))) | BT19: =IF(BS19="","",BS19*BP19) | BU19: =IF(OR($BK19<>Constants!$B$12,NOT($BO19)),"",IF(OR(NOT($AO19),NOT($AP19)),0,MIN(Constants!$B$18,(Constants!$B$29*$AR19+Constants!$B$30*$AS19)*IF($AQ19,1,MAX(0,MIN(1,(Constants!$B$20-N19)/Constants!$B$20)))))) | BV19: =IF(BU19="","",BU19*BP19) | BW19: =IF(OR($BK19<>Constants!$B$12,NOT($BO19)),"",BR19+BT19+BV19) | BX19: =IF(OR($BK19<>Constants!$B$12,$AT19<>TRUE()),"",IF(NOT($AW19),TRUE(),IF($AY19="","",$AY19))) | BY19: =IF(BX19="",FALSE(),IF(NOT($AW19),TRUE(),IF($AY19,ISNUMBER(X19),ISNUMBER(W19)))) -> FALSE | BZ19: =IF(BY19,IF($AJ19,1,Constants!$B$22)*POWER(Constants!$B$23,MAX($AU19,0))*POWER(Constants!$B$24,MAX($AV19,0)),"") | CA19: =IF(OR($BK19<>Constants!$B$12,NOT($BY19)),"",IF(NOT($AW19),0,Constants!$B$19*IF($AY19,1,MAX(0,MIN(1,(Constants!$B$20-W19)/Constants!$B$20))))) | CB19: =IF(CA19="","",CA19*IF($AX19,1,Constants!$B$25)*BZ19) | CC19: =IF(OR($BK19<>Constants!$B$12,NOT($BY19)),"",IF(NOT($AW19),0,IF(NOT($AY19),0,MAX(0,Constants!$B$21*(1-ABS(X19-$BM19)/$BM19))))) | CD19: =IF(CC19="","",CC19*BZ19) | CE19: =IF(OR($BK19<>Constants!$B$12,NOT($BY19)),"",IF(OR(NOT($AW19),NOT($AX19)),0,MIN(Constants!$B$18,(Constants!$B$29*$AZ19+Constants!$B$30*$BA19)*IF($AY19,1,MAX(0,MIN(1,(Constants!$B$20-W19)/Constants!$B$20)))))) | CF19: =IF(CE19="","",CE19*BZ19) | CG19: =IF(OR($BK19<>Constants!$B$12,NOT($BY19)),"",CB19+CD19+CF19) | CH19: =IF(OR(BN19="",BX19=""),TRUE(),BN19<>BX19) -> TRUE | CI19: =IF(OR($BK19<>Constants!$B$12,$BB19<>TRUE(),NOT($CH19)),"",IF(NOT($BE19),TRUE(),IF($BG19="","",$BG19))) | CJ19: =IF(CI19="",FALSE(),IF(NOT($BE19),TRUE(),IF($BG19,ISNUMBER(AG19),ISNUMBER(AF19)))) -> FALSE | CK19: =IF(CJ19,IF($AJ19,1,Constants!$B$22)*POWER(Constants!$B$23,MAX($BC19,0))*POWER(Constants!$B$24,MAX($BD19,0)),"") | CL19: =IF(OR($BK19<>Constants!$B$12,NOT($CJ19)),"",IF(NOT($BE19),0,Constants!$B$19*IF($BG19,1,MAX(0,MIN(1,(Constants!$B$20-AF19)/Constants!$B$20))))) | CM19: =IF(CL19="","",CL19*IF($BF19,1,Constants!$B$25)*CK19) | CN19: =IF(OR($BK19<>Constants!$B$12,NOT($CJ19)),"",IF(NOT($BE19),0,IF(NOT($BG19),0,MAX(0,Constants!$B$21*(1-ABS(AG19-$BM19)/$BM19))))) | CO19: =IF(CN19="","",CN19*CK19) | CP19: =IF(OR($BK19<>Constants!$B$12,NOT($CJ19)),"",IF(OR(NOT($BE19),NOT($BF19)),0,MIN(Constants!$B$18,(Constants!$B$29*$BH19+Constants!$B$30*$BI19)*IF($BG19,1,MAX(0,MIN(1,(Constants!$B$20-AF19)/Constants!$B$20)))))) | CQ19: =IF(CP19="","",CP19*CK19) | CR19: =IF(OR($BK19<>Constants!$B$12,NOT($CJ19)),"",CM19+CO19+CQ19) | CS19: =IF(OR($BK19<>Constants!$B$12,ISBLANK($C19)),"",BW19) | CT19: =IF(OR($BK19<>Constants!$B$12,ISBLANK($C19)),"",CG19) | CU19: =IF(OR($BK19<>Constants!$B$12,ISBLANK($C19)),"",CR19) | CV19: =IF(OR($BK19<>Constants!$B$12,ISBLANK($C19)),"",IF(COUNT(CS19:CU19)=0,0,MAX(CS19:CU19))) | CW19: =IF($BK19<>Constants!$B$12,"",CV19) | CX19: =IF(ISNUMBER(CW19), RANK(CW19,$CW$11:$CW$510), "") | CY19: =IF(OR($BK19<>Constants!$B$12,ISBLANK($C19)),"",MAX(BT19,CD19,CO19)) | CZ19: =IF(ISNUMBER(CY19), RANK(CY19,CY$11:CY$510), "") | DA19: =IF(OR($BK19<>Constants!$B$12,ISBLANK($C19)),"",MAX(AM19,AU19,IF($CH19,BC19,0))) | DB19: =IF(ISNUMBER(DA19), RANK(DA19,DA$11:DA$510,1), "") | DC19: =IF(OR($BK19<>Constants!$B$12,ISBLANK($C19)),"",MAX(BV19,CF19,CQ19)) | DD19: =IF(ISNUMBER(DC19),RANK(DC19,DC$11:DC$510),"") | DE19: =IFERROR(IF(OR($BK19<>Constants!$B$12, ISBLANK($C19)),"",LARGE(CS19:CU19,2)), 0) | DF19: =IF(ISNUMBER(DE19), RANK(DE19,DE$11:DE$510), "") | DG19: =IF(ISBLANK($C19),"",IF(BK19=Constants!$B$12,RANK($CX19, $CX$11:$CX$510, 1)+ SUMPRODUCT(--($CX$11:$CX$510=$CX19),--($CZ19>$CZ$11:$CZ$510))+ SUMPRODUCT(--($CX$11:$CX$510=$CX19),--($CZ19=$CZ$11:$CZ$510),--($DB19>$DB$11:$DB$510))+ SUMPRODUCT(--($CX$11:$CX$510=$CX19),--($CZ19=$CZ$11:$CZ$510),--($DB19=$DB$11:$DB$510), --($DD19>$DD$11:$DD$510))+ SUMPRODUCT(--($CX$11:$CX$510=$CX19),--($CZ19=$CZ$11:$CZ$510),--($DB19=$DB$11:$DB$510), --($DD19=$DD$11:$DD$510), --($DF19>$DF$11:$DF$510)) ,BK19) ) | DH19: =IF(ISBLANK(C19),"",IF(BK19<>Constants!$B$12, BK19, CX19-DG19)) | DK19: =IF(ISBLANK($C19),"",IF($BK19=Constants!$B$13,$BM19,"")) | DL19: =IF(ISBLANK($C19),"",IF($BK19<>Constants!$B$12,"",IF(COUNT($CS19:$CU19)=0,"",MATCH($CV19,$CS19:$CU19,0)))) | DM19: =IF(ISNUMBER($DL19),CHOOSE($DL19,$BR19,$CB19,$CM19),"") | DN19: =IF(ISNUMBER($DL19),CHOOSE($DL19,$BT19,$CD19,$CO19),"") | DO19: =IF(ISNUMBER($DL19),CHOOSE($DL19,$BV19,$CF19,$CQ19),"") | DP19: =IF(ISBLANK(C19),"",IF(BK19<>Constants!$B$12, BK19 ,CW19)) | DQ19: =IF(ISBLANK($C19),"",IF($BK19<>Constants!$B$12,$BK19,$BL19)) | DR19: =IF(ISBLANK(C19),"",DH19) | DS19: =IF(ISBLANK(C19),"",DG19) | DT19: =IF(ISBLANK(C19), "", IF(DS19=Constants!$B$9,COUNTA($C$11:$C510)+2,IF(DS19=Constants!$B$10,COUNTA($C$11:$C510)+1,IF(DS19=Constants!$B$11,COUNTA($C$11:$C510),DS19)))) | DV19: =IF(OR(ISNUMBER(DS19),DS19="DQ",DS19="P",DS19="NS"), 1, 0 ) -> 0 | DW19: 9 | DX19: =IF(ISBLANK($C19),"",IF(ISNUMBER(DT19),DT19+ROW($B19)/1000,"")) | DY19: =IF(ISNUMBER(DX19), RANK(DX19,DX$11:DX$510,1), "") | DZ19: =IF(ISBLANK($C19), "", $B19 ) | EA19: =IF(ISBLANK($C19), "", $C19 ) | EB19: =IF(ISBLANK($C19), "", $D19 ) | EC19: =IF(ISBLANK($C19),"",$DQ19) | ED19: =DP19 | EE19: =IF(ISBLANK($C19), "", DS19 ) | EF19: =IF(DW19>DV$10, "", VLOOKUP(DW19,DY$11:EE517,7,FALSE()) ) | EG19: =IF(DW19>DV$10, "", VLOOKUP(DW19,DY$11:EE517,2,FALSE()) ) | EH19: =IF(DW19>DV$10, "", VLOOKUP(DW19,DY$11:EE517,3,FALSE()) ) | EI19: =IF(DW19>DV$10, "", VLOOKUP(DW19,DY$11:EE517,4,FALSE()) ) | EJ19: =IF(DW19>DV$10, "", VLOOKUP(DW19,DY$11:EE517,6,FALSE()) )
AJ20: =IF(ISBLANK($C20), "", IF(E20=Constants!$B$7, TRUE(), IF(E20=Constants!$B$8, FALSE(), TRUE() ))) | AK20: =IF(ISBLANK($C20),"",IF(F20=Constants!$B$8,FALSE(),TRUE())) | AL20: =IF(ISBLANK($C20),"",COUNTA($G20:$O20)>0) | AM20: =IF(OR(ISBLANK($C20),$AL20<>TRUE()),"",IF(ISBLANK(G20),Constants!$B$27,MAX(0,G20))) | AN20: =IF(OR(ISBLANK($C20),$AL20<>TRUE()),"",IF(ISBLANK(H20),Constants!$B$28,MAX(0,H20))) | AO20: =IF(OR(ISBLANK($C20),$AL20<>TRUE()),"",IF(J20=Constants!$B$7,TRUE(),IF(J20=Constants!$B$8,FALSE(),TRUE()))) | AP20: =IF(OR(ISBLANK($C20),$AL20<>TRUE()),"",IF(I20=Constants!$B$7,TRUE(),IF(I20=Constants!$B$8,FALSE(),TRUE()))) | AQ20: =IF(OR(ISBLANK($C20),$AL20<>TRUE()),"",IF(K20=Constants!$B$33,TRUE(),IF(K20=Constants!$B$34,FALSE(),IF(AND(ISNUMBER(O20),OR(ISBLANK(N20),N20=0)),TRUE(),IF(AND(ISBLANK(O20),ISNUMBER(N20),N20<>0),FALSE(),""))))) | AR20: =IF(OR(ISBLANK($C20),$AL20<>TRUE()),"",IF(ISBLANK(L20),Constants!$B$35,MAX(0,MIN(Constants!$B$31,L20)))) | AS20: =IF(OR(ISBLANK($C20),$AL20<>TRUE()),"",IF(ISBLANK(M20),Constants!$B$35,MAX(0,MIN(Constants!$B$32,M20)))) | AT20: =IF(ISBLANK($C20),"",COUNTA($P20:$X20)>0) | AU20: =IF(OR(ISBLANK($C20),$AT20<>TRUE()),"",IF(ISBLANK(P20),Constants!$B$27,MAX(0,P20))) | AV20: =IF(OR(ISBLANK($C20),$AT20<>TRUE()),"",IF(ISBLANK(Q20),Constants!$B$28,MAX(0,Q20))) | AW20: =IF(OR(ISBLANK($C20),$AT20<>TRUE()),"",IF(S20=Constants!$B$7,TRUE(),IF(S20=Constants!$B$8,FALSE(),TRUE()))) | AX20: =IF(OR(ISBLANK($C20),$AT20<>TRUE()),"",IF(R20=Constants!$B$7,TRUE(),IF(R20=Constants!$B$8,FALSE(),TRUE()))) | AY20: =IF(OR(ISBLANK($C20),$AT20<>TRUE()),"",IF(T20=Constants!$B$33,TRUE(),IF(T20=Constants!$B$34,FALSE(),IF(AND(ISNUMBER(X20),OR(ISBLANK(W20),W20=0)),TRUE(),IF(AND(ISBLANK(X20),ISNUMBER(W20),W20<>0),FALSE(),""))))) | AZ20: =IF(OR(ISBLANK($C20),$AT20<>TRUE()),"",IF(ISBLANK(U20),Constants!$B$35,MAX(0,MIN(Constants!$B$31,U20)))) | BA20: =IF(OR(ISBLANK($C20),$AT20<>TRUE()),"",IF(ISBLANK(V20),Constants!$B$35,MAX(0,MIN(Constants!$B$32,V20)))) | BB20: =IF(ISBLANK($C20),"",COUNTA($Y20:$AG20)>0) | BC20: =IF(OR(ISBLANK($C20),$BB20<>TRUE()),"",IF(ISBLANK(Y20),Constants!$B$27,MAX(0,Y20))) | BD20: =IF(OR(ISBLANK($C20),$BB20<>TRUE()),"",IF(ISBLANK(Z20),Constants!$B$28,MAX(0,Z20))) | BE20: =IF(OR(ISBLANK($C20),$BB20<>TRUE()),"",IF(AB20=Constants!$B$7,TRUE(),IF(AB20=Constants!$B$8,FALSE(),TRUE()))) | BF20: =IF(OR(ISBLANK($C20),$BB20<>TRUE()),"",IF(AA20=Constants!$B$7,TRUE(),IF(AA20=Constants!$B$8,FALSE(),TRUE()))) | BG20: =IF(OR(ISBLANK($C20),$BB20<>TRUE()),"",IF(AC20=Constants!$B$33,TRUE(),IF(AC20=Constants!$B$34,FALSE(),IF(AND(ISNUMBER(AG20),OR(ISBLANK(AF20),AF20=0)),TRUE(),IF(AND(ISBLANK(AG20),ISNUMBER(AF20),AF20<>0),FALSE(),""))))) | BH20: =IF(OR(ISBLANK($C20),$BB20<>TRUE()),"",IF(ISBLANK(AD20),Constants!$B$35,MAX(0,MIN(Constants!$B$31,AD20)))) | BI20: =IF(OR(ISBLANK($C20),$BB20<>TRUE()),"",IF(ISBLANK(AE20),Constants!$B$35,MAX(0,MIN(Constants!$B$32,AE20)))) | BJ20: =IF(ISBLANK($C20), "", IF(AH20=Constants!$B$7, TRUE(), IF(AH20=Constants!$B$8, FALSE(), FALSE() ))) | BK20: =IF(ISBLANK($C20),"",IF($BJ20,Constants!$B$9,IF(COUNTA($E20:$AH20)=0,Constants!$B$10,IF(NOT($AK20),Constants!$B$11,IF(AND(NOT(ISNUMBER($BM20)),COUNTA($O20,$X20,$AG20)>0),Constants!$B$13,Constants!$B$12))))) | BL20: =IF(ISBLANK($C20),"",IF($BK20<>Constants!$B$12,$BK20,Constants!$B$4)) | BM20: =IF(OR(ISBLANK($D$8), NOT(ISNUMBER($D$8))), Constants!$B$17,$D$8) -> ERROR: Set Target Time in cell D8 | BN20: =IF(OR($BK20<>Constants!$B$12,$AL20<>TRUE()),"",IF(NOT($AO20),TRUE(),IF($AQ20="","",$AQ20))) | BO20: =IF(BN20="",FALSE(),IF(NOT($AO20),TRUE(),IF($AQ20,ISNUMBER(O20),ISNUMBER(N20)))) -> 0 | BP20: =IF(BO20,IF($AJ20,1,Constants!$B$22)*POWER(Constants!$B$23,MAX($AM20,0))*POWER(Constants!$B$24,MAX($AN20,0)),"") | BQ20: =IF(OR($BK20<>Constants!$B$12,NOT($BO20)),"",IF(NOT($AO20),0,Constants!$B$19*IF($AQ20,1,MAX(0,MIN(1,(Constants!$B$20-N20)/Constants!$B$20))))) | BR20: =IF(BQ20="","",BQ20*IF($AP20,1,Constants!$B$25)*BP20) | BS20: =IF(OR($BK20<>Constants!$B$12,NOT($BO20)),"",IF(NOT($AO20),0,IF(NOT($AQ20),0,MAX(0,Constants!$B$21*(1-ABS(O20-$BM20)/$BM20))))) | BT20: =IF(BS20="","",BS20*BP20) | BU20: =IF(OR($BK20<>Constants!$B$12,NOT($BO20)),"",IF(OR(NOT($AO20),NOT($AP20)),0,MIN(Constants!$B$18,(Constants!$B$29*$AR20+Constants!$B$30*$AS20)*IF($AQ20,1,MAX(0,MIN(1,(Constants!$B$20-N20)/Constants!$B$20)))))) | BV20: =IF(BU20="","",BU20*BP20) | BW20: =IF(OR($BK20<>Constants!$B$12,NOT($BO20)),"",BR20+BT20+BV20) | BX20: =IF(OR($BK20<>Constants!$B$12,$AT20<>TRUE()),"",IF(NOT($AW20),TRUE(),IF($AY20="","",$AY20))) | BY20: =IF(BX20="",FALSE(),IF(NOT($AW20),TRUE(),IF($AY20,ISNUMBER(X20),ISNUMBER(W20)))) -> 0 | BZ20: =IF(BY20,IF($AJ20,1,Constants!$B$22)*POWER(Constants!$B$23,MAX($AU20,0))*POWER(Constants!$B$24,MAX($AV20,0)),"") | CA20: =IF(OR($BK20<>Constants!$B$12,NOT($BY20)),"",IF(NOT($AW20),0,Constants!$B$19*IF($AY20,1,MAX(0,MIN(1,(Constants!$B$20-W20)/Constants!$B$20))))) | CB20: =IF(CA20="","",CA20*IF($AX20,1,Constants!$B$25)*BZ20) | CC20: =IF(OR($BK20<>Constants!$B$12,NOT($BY20)),"",IF(NOT($AW20),0,IF(NOT($AY20),0,MAX(0,Constants!$B$21*(1-ABS(X20-$BM20)/$BM20))))) | CD20: =IF(CC20="","",CC20*BZ20) | CE20: =IF(OR($BK20<>Constants!$B$12,NOT($BY20)),"",IF(OR(NOT($AW20),NOT($AX20)),0,MIN(Constants!$B$18,(Constants!$B$29*$AZ20+Constants!$B$30*$BA20)*IF($AY20,1,MAX(0,MIN(1,(Constants!$B$20-W20)/Constants!$B$20)))))) | CF20: =IF(CE20="","",CE20*BZ20) | CG20: =IF(OR($BK20<>Constants!$B$12,NOT($BY20)),"",CB20+CD20+CF20) | CH20: =IF(OR(BN20="",BX20=""),TRUE(),BN20<>BX20) -> 1 | CI20: =IF(OR($BK20<>Constants!$B$12,$BB20<>TRUE(),NOT($CH20)),"",IF(NOT($BE20),TRUE(),IF($BG20="","",$BG20))) | CJ20: =IF(CI20="",FALSE(),IF(NOT($BE20),TRUE(),IF($BG20,ISNUMBER(AG20),ISNUMBER(AF20)))) -> 0 | CK20: =IF(CJ20,IF($AJ20,1,Constants!$B$22)*POWER(Constants!$B$23,MAX($BC20,0))*POWER(Constants!$B$24,MAX($BD20,0)),"") | CL20: =IF(OR($BK20<>Constants!$B$12,NOT($CJ20)),"",IF(NOT($BE20),0,Constants!$B$19*IF($BG20,1,MAX(0,MIN(1,(Constants!$B$20-AF20)/Constants!$B$20))))) | CM20: =IF(CL20="","",CL20*IF($BF20,1,Constants!$B$25)*CK20) | CN20: =IF(OR($BK20<>Constants!$B$12,NOT($CJ20)),"",IF(NOT($BE20),0,IF(NOT($BG20),0,MAX(0,Constants!$B$21*(1-ABS(AG20-$BM20)/$BM20))))) | CO20: =IF(CN20="","",CN20*CK20) | CP20: =IF(OR($BK20<>Constants!$B$12,NOT($CJ20)),"",IF(OR(NOT($BE20),NOT($BF20)),0,MIN(Constants!$B$18,(Constants!$B$29*$BH20+Constants!$B$30*$BI20)*IF($BG20,1,MAX(0,MIN(1,(Constants!$B$20-AF20)/Constants!$B$20)))))) | CQ20: =IF(CP20="","",CP20*CK20) | CR20: =IF(OR($BK20<>Constants!$B$12,NOT($CJ20)),"",CM20+CO20+CQ20) | CS20: =IF(OR($BK20<>Constants!$B$12,ISBLANK($C20)),"",BW20) | CT20: =IF(OR($BK20<>Constants!$B$12,ISBLANK($C20)),"",CG20) | CU20: =IF(OR($BK20<>Constants!$B$12,ISBLANK($C20)),"",CR20) | CV20: =IF(OR($BK20<>Constants!$B$12,ISBLANK($C20)),"",IF(COUNT(CS20:CU20)=0,0,MAX(CS20:CU20))) | CW20: =IF($BK20<>Constants!$B$12,"",CV20) | CX20: =IF(ISNUMBER(CW20), RANK(CW20,$CW$11:$CW$510), "") | CY20: =IF(OR($BK20<>Constants!$B$12,ISBLANK($C20)),"",MAX(BT20,CD20,CO20)) | CZ20: =IF(ISNUMBER(CY20), RANK(CY20,CY$11:CY$510), "") | DA20: =IF(OR($BK20<>Constants!$B$12,ISBLANK($C20)),"",MAX(AM20,AU20,IF($CH20,BC20,0))) | DB20: =IF(ISNUMBER(DA20), RANK(DA20,DA$11:DA$510,1), "") | DC20: =IF(OR($BK20<>Constants!$B$12,ISBLANK($C20)),"",MAX(BV20,CF20,CQ20)) | DD20: =IF(ISNUMBER(DC20),RANK(DC20,DC$11:DC$510),"") | DE20: =IFERROR(IF(OR($BK20<>Constants!$B$12, ISBLANK($C20)),"",LARGE(CS20:CU20,2)), 0) | DF20: =IF(ISNUMBER(DE20), RANK(DE20,DE$11:DE$510), "") | DG20: =IF(ISBLANK($C20),"",IF(BK20=Constants!$B$12,RANK($CX20, $CX$11:$CX$510, 1)+ SUMPRODUCT(--($CX$11:$CX$510=$CX20),--($CZ20>$CZ$11:$CZ$510))+ SUMPRODUCT(--($CX$11:$CX$510=$CX20),--($CZ20=$CZ$11:$CZ$510),--($DB20>$DB$11:$DB$510))+ SUMPRODUCT(--($CX$11:$CX$510=$CX20),--($CZ20=$CZ$11:$CZ$510),--($DB20=$DB$11:$DB$510), --($DD20>$DD$11:$DD$510))+ SUMPRODUCT(--($CX$11:$CX$510=$CX20),--($CZ20=$CZ$11:$CZ$510),--($DB20=$DB$11:$DB$510), --($DD20=$DD$11:$DD$510), --($DF20>$DF$11:$DF$510)) ,BK20) ) | DH20: =IF(ISBLANK(C20),"",IF(BK20<>Constants!$B$12, BK20, CX20-DG20)) | DK20: =IF(ISBLANK($C20),"",IF($BK20=Constants!$B$13,$BM20,"")) | DL20: =IF(ISBLANK($C20),"",IF($BK20<>Constants!$B$12,"",IF(COUNT($CS20:$CU20)=0,"",MATCH($CV20,$CS20:$CU20,0)))) | DM20: =IF(ISNUMBER($DL20),CHOOSE($DL20,$BR20,$CB20,$CM20),"") | DN20: =IF(ISNUMBER($DL20),CHOOSE($DL20,$BT20,$CD20,$CO20),"") | DO20: =IF(ISNUMBER($DL20),CHOOSE($DL20,$BV20,$CF20,$CQ20),"") | DP20: =IF(ISBLANK(C20),"",IF(BK20<>Constants!$B$12, BK20 ,CW20)) | DQ20: =IF(ISBLANK($C20),"",IF($BK20<>Constants!$B$12,$BK20,$BL20)) | DR20: =IF(ISBLANK(C20),"",DH20) | DS20: =IF(ISBLANK(C20),"",DG20) | DT20: =IF(ISBLANK(C20), "", IF(DS20=Constants!$B$9,COUNTA($C$11:$C510)+2,IF(DS20=Constants!$B$10,COUNTA($C$11:$C510)+1,IF(DS20=Constants!$B$11,COUNTA($C$11:$C510),DS20)))) | DV20: =IF(OR(ISNUMBER(DS20),DS20="DQ",DS20="P",DS20="NS"), 1, 0 ) -> 0 | DW20: 10 | DX20: =IF(ISBLANK($C20),"",IF(ISNUMBER(DT20),DT20+ROW($B20)/1000,"")) | DY20: =IF(ISNUMBER(DX20), RANK(DX20,DX$11:DX$510,1), "") | DZ20: =IF(ISBLANK($C20), "", $B20 ) | EA20: =IF(ISBLANK($C20), "", $C20 ) | EB20: =IF(ISBLANK($C20), "", $D20 ) | EC20: =IF(ISBLANK($C20),"",$DQ20) | ED20: =DP20 | EE20: =IF(ISBLANK($C20), "", DS20 ) | EF20: =IF(DW20>DV$10, "", VLOOKUP(DW20,DY$11:EE518,7,FALSE()) ) | EG20: =IF(DW20>DV$10, "", VLOOKUP(DW20,DY$11:EE518,2,FALSE()) ) | EH20: =IF(DW20>DV$10, "", VLOOKUP(DW20,DY$11:EE518,3,FALSE()) ) | EI20: =IF(DW20>DV$10, "", VLOOKUP(DW20,DY$11:EE518,4,FALSE()) ) | EJ20: =IF(DW20>DV$10, "", VLOOKUP(DW20,DY$11:EE518,6,FALSE()) )
AJ21: =IF(ISBLANK($C21), "", IF(E21=Constants!$B$7, TRUE(), IF(E21=Constants!$B$8, FALSE(), TRUE() ))) | AK21: =IF(ISBLANK($C21),"",IF(F21=Constants!$B$8,FALSE(),TRUE())) | AL21: =IF(ISBLANK($C21),"",COUNTA($G21:$O21)>0) | AM21: =IF(OR(ISBLANK($C21),$AL21<>TRUE()),"",IF(ISBLANK(G21),Constants!$B$27,MAX(0,G21))) | AN21: =IF(OR(ISBLANK($C21),$AL21<>TRUE()),"",IF(ISBLANK(H21),Constants!$B$28,MAX(0,H21))) | AO21: =IF(OR(ISBLANK($C21),$AL21<>TRUE()),"",IF(J21=Constants!$B$7,TRUE(),IF(J21=Constants!$B$8,FALSE(),TRUE()))) | AP21: =IF(OR(ISBLANK($C21),$AL21<>TRUE()),"",IF(I21=Constants!$B$7,TRUE(),IF(I21=Constants!$B$8,FALSE(),TRUE()))) | AQ21: =IF(OR(ISBLANK($C21),$AL21<>TRUE()),"",IF(K21=Constants!$B$33,TRUE(),IF(K21=Constants!$B$34,FALSE(),IF(AND(ISNUMBER(O21),OR(ISBLANK(N21),N21=0)),TRUE(),IF(AND(ISBLANK(O21),ISNUMBER(N21),N21<>0),FALSE(),""))))) | AR21: =IF(OR(ISBLANK($C21),$AL21<>TRUE()),"",IF(ISBLANK(L21),Constants!$B$35,MAX(0,MIN(Constants!$B$31,L21)))) | AS21: =IF(OR(ISBLANK($C21),$AL21<>TRUE()),"",IF(ISBLANK(M21),Constants!$B$35,MAX(0,MIN(Constants!$B$32,M21)))) | AT21: =IF(ISBLANK($C21),"",COUNTA($P21:$X21)>0) | AU21: =IF(OR(ISBLANK($C21),$AT21<>TRUE()),"",IF(ISBLANK(P21),Constants!$B$27,MAX(0,P21))) | AV21: =IF(OR(ISBLANK($C21),$AT21<>TRUE()),"",IF(ISBLANK(Q21),Constants!$B$28,MAX(0,Q21))) | AW21: =IF(OR(ISBLANK($C21),$AT21<>TRUE()),"",IF(S21=Constants!$B$7,TRUE(),IF(S21=Constants!$B$8,FALSE(),TRUE()))) | AX21: =IF(OR(ISBLANK($C21),$AT21<>TRUE()),"",IF(R21=Constants!$B$7,TRUE(),IF(R21=Constants!$B$8,FALSE(),TRUE()))) | AY21: =IF(OR(ISBLANK($C21),$AT21<>TRUE()),"",IF(T21=Constants!$B$33,TRUE(),IF(T21=Constants!$B$34,FALSE(),IF(AND(ISNUMBER(X21),OR(ISBLANK(W21),W21=0)),TRUE(),IF(AND(ISBLANK(X21),ISNUMBER(W21),W21<>0),FALSE(),""))))) | AZ21: =IF(OR(ISBLANK($C21),$AT21<>TRUE()),"",IF(ISBLANK(U21),Constants!$B$35,MAX(0,MIN(Constants!$B$31,U21)))) | BA21: =IF(OR(ISBLANK($C21),$AT21<>TRUE()),"",IF(ISBLANK(V21),Constants!$B$35,MAX(0,MIN(Constants!$B$32,V21)))) | BB21: =IF(ISBLANK($C21),"",COUNTA($Y21:$AG21)>0) | BC21: =IF(OR(ISBLANK($C21),$BB21<>TRUE()),"",IF(ISBLANK(Y21),Constants!$B$27,MAX(0,Y21))) | BD21: =IF(OR(ISBLANK($C21),$BB21<>TRUE()),"",IF(ISBLANK(Z21),Constants!$B$28,MAX(0,Z21))) | BE21: =IF(OR(ISBLANK($C21),$BB21<>TRUE()),"",IF(AB21=Constants!$B$7,TRUE(),IF(AB21=Constants!$B$8,FALSE(),TRUE()))) | BF21: =IF(OR(ISBLANK($C21),$BB21<>TRUE()),"",IF(AA21=Constants!$B$7,TRUE(),IF(AA21=Constants!$B$8,FALSE(),TRUE()))) | BG21: =IF(OR(ISBLANK($C21),$BB21<>TRUE()),"",IF(AC21=Constants!$B$33,TRUE(),IF(AC21=Constants!$B$34,FALSE(),IF(AND(ISNUMBER(AG21),OR(ISBLANK(AF21),AF21=0)),TRUE(),IF(AND(ISBLANK(AG21),ISNUMBER(AF21),AF21<>0),FALSE(),""))))) | BH21: =IF(OR(ISBLANK($C21),$BB21<>TRUE()),"",IF(ISBLANK(AD21),Constants!$B$35,MAX(0,MIN(Constants!$B$31,AD21)))) | BI21: =IF(OR(ISBLANK($C21),$BB21<>TRUE()),"",IF(ISBLANK(AE21),Constants!$B$35,MAX(0,MIN(Constants!$B$32,AE21)))) | BJ21: =IF(ISBLANK($C21), "", IF(AH21=Constants!$B$7, TRUE(), IF(AH21=Constants!$B$8, FALSE(), FALSE() ))) | BK21: =IF(ISBLANK($C21),"",IF($BJ21,Constants!$B$9,IF(COUNTA($E21:$AH21)=0,Constants!$B$10,IF(NOT($AK21),Constants!$B$11,IF(AND(NOT(ISNUMBER($BM21)),COUNTA($O21,$X21,$AG21)>0),Constants!$B$13,Constants!$B$12))))) | BL21: =IF(ISBLANK($C21),"",IF($BK21<>Constants!$B$12,$BK21,Constants!$B$4)) | BM21: =IF(OR(ISBLANK($D$8), NOT(ISNUMBER($D$8))), Constants!$B$17,$D$8) -> ERROR: Set Target Time in cell D8 | BN21: =IF(OR($BK21<>Constants!$B$12,$AL21<>TRUE()),"",IF(NOT($AO21),TRUE(),IF($AQ21="","",$AQ21))) | BO21: =IF(BN21="",FALSE(),IF(NOT($AO21),TRUE(),IF($AQ21,ISNUMBER(O21),ISNUMBER(N21)))) -> 0 | BP21: =IF(BO21,IF($AJ21,1,Constants!$B$22)*POWER(Constants!$B$23,MAX($AM21,0))*POWER(Constants!$B$24,MAX($AN21,0)),"") | BQ21: =IF(OR($BK21<>Constants!$B$12,NOT($BO21)),"",IF(NOT($AO21),0,Constants!$B$19*IF($AQ21,1,MAX(0,MIN(1,(Constants!$B$20-N21)/Constants!$B$20))))) | BR21: =IF(BQ21="","",BQ21*IF($AP21,1,Constants!$B$25)*BP21) | BS21: =IF(OR($BK21<>Constants!$B$12,NOT($BO21)),"",IF(NOT($AO21),0,IF(NOT($AQ21),0,MAX(0,Constants!$B$21*(1-ABS(O21-$BM21)/$BM21))))) | BT21: =IF(BS21="","",BS21*BP21) | BU21: =IF(OR($BK21<>Constants!$B$12,NOT($BO21)),"",IF(OR(NOT($AO21),NOT($AP21)),0,MIN(Constants!$B$18,(Constants!$B$29*$AR21+Constants!$B$30*$AS21)*IF($AQ21,1,MAX(0,MIN(1,(Constants!$B$20-N21)/Constants!$B$20)))))) | BV21: =IF(BU21="","",BU21*BP21) | BW21: =IF(OR($BK21<>Constants!$B$12,NOT($BO21)),"",BR21+BT21+BV21) | BX21: =IF(OR($BK21<>Constants!$B$12,$AT21<>TRUE()),"",IF(NOT($AW21),TRUE(),IF($AY21="","",$AY21))) | BY21: =IF(BX21="",FALSE(),IF(NOT($AW21),TRUE(),IF($AY21,ISNUMBER(X21),ISNUMBER(W21)))) -> 0 | BZ21: =IF(BY21,IF($AJ21,1,Constants!$B$22)*POWER(Constants!$B$23,MAX($AU21,0))*POWER(Constants!$B$24,MAX($AV21,0)),"") | CA21: =IF(OR($BK21<>Constants!$B$12,NOT($BY21)),"",IF(NOT($AW21),0,Constants!$B$19*IF($AY21,1,MAX(0,MIN(1,(Constants!$B$20-W21)/Constants!$B$20))))) | CB21: =IF(CA21="","",CA21*IF($AX21,1,Constants!$B$25)*BZ21) | CC21: =IF(OR($BK21<>Constants!$B$12,NOT($BY21)),"",IF(NOT($AW21),0,IF(NOT($AY21),0,MAX(0,Constants!$B$21*(1-ABS(X21-$BM21)/$BM21))))) | CD21: =IF(CC21="","",CC21*BZ21) | CE21: =IF(OR($BK21<>Constants!$B$12,NOT($BY21)),"",IF(OR(NOT($AW21),NOT($AX21)),0,MIN(Constants!$B$18,(Constants!$B$29*$AZ21+Constants!$B$30*$BA21)*IF($AY21,1,MAX(0,MIN(1,(Constants!$B$20-W21)/Constants!$B$20)))))) | CF21: =IF(CE21="","",CE21*BZ21) | CG21: =IF(OR($BK21<>Constants!$B$12,NOT($BY21)),"",CB21+CD21+CF21) | CH21: =IF(OR(BN21="",BX21=""),TRUE(),BN21<>BX21) -> 1 | CI21: =IF(OR($BK21<>Constants!$B$12,$BB21<>TRUE(),NOT($CH21)),"",IF(NOT($BE21),TRUE(),IF($BG21="","",$BG21))) | CJ21: =IF(CI21="",FALSE(),IF(NOT($BE21),TRUE(),IF($BG21,ISNUMBER(AG21),ISNUMBER(AF21)))) -> 0 | CK21: =IF(CJ21,IF($AJ21,1,Constants!$B$22)*POWER(Constants!$B$23,MAX($BC21,0))*POWER(Constants!$B$24,MAX($BD21,0)),"") | CL21: =IF(OR($BK21<>Constants!$B$12,NOT($CJ21)),"",IF(NOT($BE21),0,Constants!$B$19*IF($BG21,1,MAX(0,MIN(1,(Constants!$B$20-AF21)/Constants!$B$20))))) | CM21: =IF(CL21="","",CL21*IF($BF21,1,Constants!$B$25)*CK21) | CN21: =IF(OR($BK21<>Constants!$B$12,NOT($CJ21)),"",IF(NOT($BE21),0,IF(NOT($BG21),0,MAX(0,Constants!$B$21*(1-ABS(AG21-$BM21)/$BM21))))) | CO21: =IF(CN21="","",CN21*CK21) | CP21: =IF(OR($BK21<>Constants!$B$12,NOT($CJ21)),"",IF(OR(NOT($BE21),NOT($BF21)),0,MIN(Constants!$B$18,(Constants!$B$29*$BH21+Constants!$B$30*$BI21)*IF($BG21,1,MAX(0,MIN(1,(Constants!$B$20-AF21)/Constants!$B$20)))))) | CQ21: =IF(CP21="","",CP21*CK21) | CR21: =IF(OR($BK21<>Constants!$B$12,NOT($CJ21)),"",CM21+CO21+CQ21) | CS21: =IF(OR($BK21<>Constants!$B$12,ISBLANK($C21)),"",BW21) | CT21: =IF(OR($BK21<>Constants!$B$12,ISBLANK($C21)),"",CG21) | CU21: =IF(OR($BK21<>Constants!$B$12,ISBLANK($C21)),"",CR21) | CV21: =IF(OR($BK21<>Constants!$B$12,ISBLANK($C21)),"",IF(COUNT(CS21:CU21)=0,0,MAX(CS21:CU21))) | CW21: =IF($BK21<>Constants!$B$12,"",CV21) | CX21: =IF(ISNUMBER(CW21), RANK(CW21,$CW$11:$CW$510), "") | CY21: =IF(OR($BK21<>Constants!$B$12,ISBLANK($C21)),"",MAX(BT21,CD21,CO21)) | CZ21: =IF(ISNUMBER(CY21), RANK(CY21,CY$11:CY$510), "") | DA21: =IF(OR($BK21<>Constants!$B$12,ISBLANK($C21)),"",MAX(AM21,AU21,IF($CH21,BC21,0))) | DB21: =IF(ISNUMBER(DA21), RANK(DA21,DA$11:DA$510,1), "") | DC21: =IF(OR($BK21<>Constants!$B$12,ISBLANK($C21)),"",MAX(BV21,CF21,CQ21)) | DD21: =IF(ISNUMBER(DC21),RANK(DC21,DC$11:DC$510),"") | DE21: =IFERROR(IF(OR($BK21<>Constants!$B$12, ISBLANK($C21)),"",LARGE(CS21:CU21,2)), 0) | DF21: =IF(ISNUMBER(DE21), RANK(DE21,DE$11:DE$510), "") | DG21: =IF(ISBLANK($C21),"",IF(BK21=Constants!$B$12,RANK($CX21, $CX$11:$CX$510, 1)+ SUMPRODUCT(--($CX$11:$CX$510=$CX21),--($CZ21>$CZ$11:$CZ$510))+ SUMPRODUCT(--($CX$11:$CX$510=$CX21),--($CZ21=$CZ$11:$CZ$510),--($DB21>$DB$11:$DB$510))+ SUMPRODUCT(--($CX$11:$CX$510=$CX21),--($CZ21=$CZ$11:$CZ$510),--($DB21=$DB$11:$DB$510), --($DD21>$DD$11:$DD$510))+ SUMPRODUCT(--($CX$11:$CX$510=$CX21),--($CZ21=$CZ$11:$CZ$510),--($DB21=$DB$11:$DB$510), --($DD21=$DD$11:$DD$510), --($DF21>$DF$11:$DF$510)) ,BK21) ) | DH21: =IF(ISBLANK(C21),"",IF(BK21<>Constants!$B$12, BK21, CX21-DG21)) | DK21: =IF(ISBLANK($C21),"",IF($BK21=Constants!$B$13,$BM21,"")) | DL21: =IF(ISBLANK($C21),"",IF($BK21<>Constants!$B$12,"",IF(COUNT($CS21:$CU21)=0,"",MATCH($CV21,$CS21:$CU21,0)))) | DM21: =IF(ISNUMBER($DL21),CHOOSE($DL21,$BR21,$CB21,$CM21),"") | DN21: =IF(ISNUMBER($DL21),CHOOSE($DL21,$BT21,$CD21,$CO21),"") | DO21: =IF(ISNUMBER($DL21),CHOOSE($DL21,$BV21,$CF21,$CQ21),"") | DP21: =IF(ISBLANK(C21),"",IF(BK21<>Constants!$B$12, BK21 ,CW21)) | DQ21: =IF(ISBLANK($C21),"",IF($BK21<>Constants!$B$12,$BK21,$BL21)) | DR21: =IF(ISBLANK(C21),"",DH21) | DS21: =IF(ISBLANK(C21),"",DG21) | DT21: =IF(ISBLANK(C21), "", IF(DS21=Constants!$B$9,COUNTA($C$11:$C510)+2,IF(DS21=Constants!$B$10,COUNTA($C$11:$C510)+1,IF(DS21=Constants!$B$11,COUNTA($C$11:$C510),DS21)))) | DV21: =IF(OR(ISNUMBER(DS21),DS21="DQ",DS21="P",DS21="NS"), 1, 0 ) -> 0 | DW21: 11 | DX21: =IF(ISBLANK($C21),"",IF(ISNUMBER(DT21),DT21+ROW($B21)/1000,"")) | DY21: =IF(ISNUMBER(DX21), RANK(DX21,DX$11:DX$510,1), "") | DZ21: =IF(ISBLANK($C21), "", $B21 ) | EA21: =IF(ISBLANK($C21), "", $C21 ) | EB21: =IF(ISBLANK($C21), "", $D21 ) | EC21: =IF(ISBLANK($C21),"",$DQ21) | ED21: =DP21 | EE21: =IF(ISBLANK($C21), "", DS21 ) | EF21: =IF(DW21>DV$10, "", VLOOKUP(DW21,DY$11:EE519,7,FALSE()) ) | EG21: =IF(DW21>DV$10, "", VLOOKUP(DW21,DY$11:EE519,2,FALSE()) ) | EH21: =IF(DW21>DV$10, "", VLOOKUP(DW21,DY$11:EE519,3,FALSE()) ) | EI21: =IF(DW21>DV$10, "", VLOOKUP(DW21,DY$11:EE519,4,FALSE()) ) | EJ21: =IF(DW21>DV$10, "", VLOOKUP(DW21,DY$11:EE519,6,FALSE()) )
AJ22: =IF(ISBLANK($C22), "", IF(E22=Constants!$B$7, TRUE(), IF(E22=Constants!$B$8, FALSE(), TRUE() ))) | AK22: =IF(ISBLANK($C22),"",IF(F22=Constants!$B$8,FALSE(),TRUE())) | AL22: =IF(ISBLANK($C22),"",COUNTA($G22:$O22)>0) | AM22: =IF(OR(ISBLANK($C22),$AL22<>TRUE()),"",IF(ISBLANK(G22),Constants!$B$27,MAX(0,G22))) | AN22: =IF(OR(ISBLANK($C22),$AL22<>TRUE()),"",IF(ISBLANK(H22),Constants!$B$28,MAX(0,H22))) | AO22: =IF(OR(ISBLANK($C22),$AL22<>TRUE()),"",IF(J22=Constants!$B$7,TRUE(),IF(J22=Constants!$B$8,FALSE(),TRUE()))) | AP22: =IF(OR(ISBLANK($C22),$AL22<>TRUE()),"",IF(I22=Constants!$B$7,TRUE(),IF(I22=Constants!$B$8,FALSE(),TRUE()))) | AQ22: =IF(OR(ISBLANK($C22),$AL22<>TRUE()),"",IF(K22=Constants!$B$33,TRUE(),IF(K22=Constants!$B$34,FALSE(),IF(AND(ISNUMBER(O22),OR(ISBLANK(N22),N22=0)),TRUE(),IF(AND(ISBLANK(O22),ISNUMBER(N22),N22<>0),FALSE(),""))))) | AR22: =IF(OR(ISBLANK($C22),$AL22<>TRUE()),"",IF(ISBLANK(L22),Constants!$B$35,MAX(0,MIN(Constants!$B$31,L22)))) | AS22: =IF(OR(ISBLANK($C22),$AL22<>TRUE()),"",IF(ISBLANK(M22),Constants!$B$35,MAX(0,MIN(Constants!$B$32,M22)))) | AT22: =IF(ISBLANK($C22),"",COUNTA($P22:$X22)>0) | AU22: =IF(OR(ISBLANK($C22),$AT22<>TRUE()),"",IF(ISBLANK(P22),Constants!$B$27,MAX(0,P22))) | AV22: =IF(OR(ISBLANK($C22),$AT22<>TRUE()),"",IF(ISBLANK(Q22),Constants!$B$28,MAX(0,Q22))) | AW22: =IF(OR(ISBLANK($C22),$AT22<>TRUE()),"",IF(S22=Constants!$B$7,TRUE(),IF(S22=Constants!$B$8,FALSE(),TRUE()))) | AX22: =IF(OR(ISBLANK($C22),$AT22<>TRUE()),"",IF(R22=Constants!$B$7,TRUE(),IF(R22=Constants!$B$8,FALSE(),TRUE()))) | AY22: =IF(OR(ISBLANK($C22),$AT22<>TRUE()),"",IF(T22=Constants!$B$33,TRUE(),IF(T22=Constants!$B$34,FALSE(),IF(AND(ISNUMBER(X22),OR(ISBLANK(W22),W22=0)),TRUE(),IF(AND(ISBLANK(X22),ISNUMBER(W22),W22<>0),FALSE(),""))))) | AZ22: =IF(OR(ISBLANK($C22),$AT22<>TRUE()),"",IF(ISBLANK(U22),Constants!$B$35,MAX(0,MIN(Constants!$B$31,U22)))) | BA22: =IF(OR(ISBLANK($C22),$AT22<>TRUE()),"",IF(ISBLANK(V22),Constants!$B$35,MAX(0,MIN(Constants!$B$32,V22)))) | BB22: =IF(ISBLANK($C22),"",COUNTA($Y22:$AG22)>0) | BC22: =IF(OR(ISBLANK($C22),$BB22<>TRUE()),"",IF(ISBLANK(Y22),Constants!$B$27,MAX(0,Y22))) | BD22: =IF(OR(ISBLANK($C22),$BB22<>TRUE()),"",IF(ISBLANK(Z22),Constants!$B$28,MAX(0,Z22))) | BE22: =IF(OR(ISBLANK($C22),$BB22<>TRUE()),"",IF(AB22=Constants!$B$7,TRUE(),IF(AB22=Constants!$B$8,FALSE(),TRUE()))) | BF22: =IF(OR(ISBLANK($C22),$BB22<>TRUE()),"",IF(AA22=Constants!$B$7,TRUE(),IF(AA22=Constants!$B$8,FALSE(),TRUE()))) | BG22: =IF(OR(ISBLANK($C22),$BB22<>TRUE()),"",IF(AC22=Constants!$B$33,TRUE(),IF(AC22=Constants!$B$34,FALSE(),IF(AND(ISNUMBER(AG22),OR(ISBLANK(AF22),AF22=0)),TRUE(),IF(AND(ISBLANK(AG22),ISNUMBER(AF22),AF22<>0),FALSE(),""))))) | BH22: =IF(OR(ISBLANK($C22),$BB22<>TRUE()),"",IF(ISBLANK(AD22),Constants!$B$35,MAX(0,MIN(Constants!$B$31,AD22)))) | BI22: =IF(OR(ISBLANK($C22),$BB22<>TRUE()),"",IF(ISBLANK(AE22),Constants!$B$35,MAX(0,MIN(Constants!$B$32,AE22)))) | BJ22: =IF(ISBLANK($C22), "", IF(AH22=Constants!$B$7, TRUE(), IF(AH22=Constants!$B$8, FALSE(), FALSE() ))) | BK22: =IF(ISBLANK($C22),"",IF($BJ22,Constants!$B$9,IF(COUNTA($E22:$AH22)=0,Constants!$B$10,IF(NOT($AK22),Constants!$B$11,IF(AND(NOT(ISNUMBER($BM22)),COUNTA($O22,$X22,$AG22)>0),Constants!$B$13,Constants!$B$12))))) | BL22: =IF(ISBLANK($C22),"",IF($BK22<>Constants!$B$12,$BK22,Constants!$B$4)) | BM22: =IF(OR(ISBLANK($D$8), NOT(ISNUMBER($D$8))), Constants!$B$17,$D$8) -> ERROR: Set Target Time in cell D8 | BN22: =IF(OR($BK22<>Constants!$B$12,$AL22<>TRUE()),"",IF(NOT($AO22),TRUE(),IF($AQ22="","",$AQ22))) | BO22: =IF(BN22="",FALSE(),IF(NOT($AO22),TRUE(),IF($AQ22,ISNUMBER(O22),ISNUMBER(N22)))) -> 0 | BP22: =IF(BO22,IF($AJ22,1,Constants!$B$22)*POWER(Constants!$B$23,MAX($AM22,0))*POWER(Constants!$B$24,MAX($AN22,0)),"") | BQ22: =IF(OR($BK22<>Constants!$B$12,NOT($BO22)),"",IF(NOT($AO22),0,Constants!$B$19*IF($AQ22,1,MAX(0,MIN(1,(Constants!$B$20-N22)/Constants!$B$20))))) | BR22: =IF(BQ22="","",BQ22*IF($AP22,1,Constants!$B$25)*BP22) | BS22: =IF(OR($BK22<>Constants!$B$12,NOT($BO22)),"",IF(NOT($AO22),0,IF(NOT($AQ22),0,MAX(0,Constants!$B$21*(1-ABS(O22-$BM22)/$BM22))))) | BT22: =IF(BS22="","",BS22*BP22) | BU22: =IF(OR($BK22<>Constants!$B$12,NOT($BO22)),"",IF(OR(NOT($AO22),NOT($AP22)),0,MIN(Constants!$B$18,(Constants!$B$29*$AR22+Constants!$B$30*$AS22)*IF($AQ22,1,MAX(0,MIN(1,(Constants!$B$20-N22)/Constants!$B$20)))))) | BV22: =IF(BU22="","",BU22*BP22) | BW22: =IF(OR($BK22<>Constants!$B$12,NOT($BO22)),"",BR22+BT22+BV22) | BX22: =IF(OR($BK22<>Constants!$B$12,$AT22<>TRUE()),"",IF(NOT($AW22),TRUE(),IF($AY22="","",$AY22))) | BY22: =IF(BX22="",FALSE(),IF(NOT($AW22),TRUE(),IF($AY22,ISNUMBER(X22),ISNUMBER(W22)))) -> 0 | BZ22: =IF(BY22,IF($AJ22,1,Constants!$B$22)*POWER(Constants!$B$23,MAX($AU22,0))*POWER(Constants!$B$24,MAX($AV22,0)),"") | CA22: =IF(OR($BK22<>Constants!$B$12,NOT($BY22)),"",IF(NOT($AW22),0,Constants!$B$19*IF($AY22,1,MAX(0,MIN(1,(Constants!$B$20-W22)/Constants!$B$20))))) | CB22: =IF(CA22="","",CA22*IF($AX22,1,Constants!$B$25)*BZ22) | CC22: =IF(OR($BK22<>Constants!$B$12,NOT($BY22)),"",IF(NOT($AW22),0,IF(NOT($AY22),0,MAX(0,Constants!$B$21*(1-ABS(X22-$BM22)/$BM22))))) | CD22: =IF(CC22="","",CC22*BZ22) | CE22: =IF(OR($BK22<>Constants!$B$12,NOT($BY22)),"",IF(OR(NOT($AW22),NOT($AX22)),0,MIN(Constants!$B$18,(Constants!$B$29*$AZ22+Constants!$B$30*$BA22)*IF($AY22,1,MAX(0,MIN(1,(Constants!$B$20-W22)/Constants!$B$20)))))) | CF22: =IF(CE22="","",CE22*BZ22) | CG22: =IF(OR($BK22<>Constants!$B$12,NOT($BY22)),"",CB22+CD22+CF22) | CH22: =IF(OR(BN22="",BX22=""),TRUE(),BN22<>BX22) -> 1 | CI22: =IF(OR($BK22<>Constants!$B$12,$BB22<>TRUE(),NOT($CH22)),"",IF(NOT($BE22),TRUE(),IF($BG22="","",$BG22))) | CJ22: =IF(CI22="",FALSE(),IF(NOT($BE22),TRUE(),IF($BG22,ISNUMBER(AG22),ISNUMBER(AF22)))) -> 0 | CK22: =IF(CJ22,IF($AJ22,1,Constants!$B$22)*POWER(Constants!$B$23,MAX($BC22,0))*POWER(Constants!$B$24,MAX($BD22,0)),"") | CL22: =IF(OR($BK22<>Constants!$B$12,NOT($CJ22)),"",IF(NOT($BE22),0,Constants!$B$19*IF($BG22,1,MAX(0,MIN(1,(Constants!$B$20-AF22)/Constants!$B$20))))) | CM22: =IF(CL22="","",CL22*IF($BF22,1,Constants!$B$25)*CK22) | CN22: =IF(OR($BK22<>Constants!$B$12,NOT($CJ22)),"",IF(NOT($BE22),0,IF(NOT($BG22),0,MAX(0,Constants!$B$21*(1-ABS(AG22-$BM22)/$BM22))))) | CO22: =IF(CN22="","",CN22*CK22) | CP22: =IF(OR($BK22<>Constants!$B$12,NOT($CJ22)),"",IF(OR(NOT($BE22),NOT($BF22)),0,MIN(Constants!$B$18,(Constants!$B$29*$BH22+Constants!$B$30*$BI22)*IF($BG22,1,MAX(0,MIN(1,(Constants!$B$20-AF22)/Constants!$B$20)))))) | CQ22: =IF(CP22="","",CP22*CK22) | CR22: =IF(OR($BK22<>Constants!$B$12,NOT($CJ22)),"",CM22+CO22+CQ22) | CS22: =IF(OR($BK22<>Constants!$B$12,ISBLANK($C22)),"",BW22) | CT22: =IF(OR($BK22<>Constants!$B$12,ISBLANK($C22)),"",CG22) | CU22: =IF(OR($BK22<>Constants!$B$12,ISBLANK($C22)),"",CR22) | CV22: =IF(OR($BK22<>Constants!$B$12,ISBLANK($C22)),"",IF(COUNT(CS22:CU22)=0,0,MAX(CS22:CU22))) | CW22: =IF($BK22<>Constants!$B$12,"",CV22) | CX22: =IF(ISNUMBER(CW22), RANK(CW22,$CW$11:$CW$510), "") | CY22: =IF(OR($BK22<>Constants!$B$12,ISBLANK($C22)),"",MAX(BT22,CD22,CO22)) | CZ22: =IF(ISNUMBER(CY22), RANK(CY22,CY$11:CY$510), "") | DA22: =IF(OR($BK22<>Constants!$B$12,ISBLANK($C22)),"",MAX(AM22,AU22,IF($CH22,BC22,0))) | DB22: =IF(ISNUMBER(DA22), RANK(DA22,DA$11:DA$510,1), "") | DC22: =IF(OR($BK22<>Constants!$B$12,ISBLANK($C22)),"",MAX(BV22,CF22,CQ22)) | DD22: =IF(ISNUMBER(DC22),RANK(DC22,DC$11:DC$510),"") | DE22: =IFERROR(IF(OR($BK22<>Constants!$B$12, ISBLANK($C22)),"",LARGE(CS22:CU22,2)), 0) | DF22: =IF(ISNUMBER(DE22), RANK(DE22,DE$11:DE$510), "") | DG22: =IF(ISBLANK($C22),"",IF(BK22=Constants!$B$12,RANK($CX22, $CX$11:$CX$510, 1)+ SUMPRODUCT(--($CX$11:$CX$510=$CX22),--($CZ22>$CZ$11:$CZ$510))+ SUMPRODUCT(--($CX$11:$CX$510=$CX22),--($CZ22=$CZ$11:$CZ$510),--($DB22>$DB$11:$DB$510))+ SUMPRODUCT(--($CX$11:$CX$510=$CX22),--($CZ22=$CZ$11:$CZ$510),--($DB22=$DB$11:$DB$510), --($DD22>$DD$11:$DD$510))+ SUMPRODUCT(--($CX$11:$CX$510=$CX22),--($CZ22=$CZ$11:$CZ$510),--($DB22=$DB$11:$DB$510), --($DD22=$DD$11:$DD$510), --($DF22>$DF$11:$DF$510)) ,BK22) ) | DH22: =IF(ISBLANK(C22),"",IF(BK22<>Constants!$B$12, BK22, CX22-DG22)) | DK22: =IF(ISBLANK($C22),"",IF($BK22=Constants!$B$13,$BM22,"")) | DL22: =IF(ISBLANK($C22),"",IF($BK22<>Constants!$B$12,"",IF(COUNT($CS22:$CU22)=0,"",MATCH($CV22,$CS22:$CU22,0)))) | DM22: =IF(ISNUMBER($DL22),CHOOSE($DL22,$BR22,$CB22,$CM22),"") | DN22: =IF(ISNUMBER($DL22),CHOOSE($DL22,$BT22,$CD22,$CO22),"") | DO22: =IF(ISNUMBER($DL22),CHOOSE($DL22,$BV22,$CF22,$CQ22),"") | DP22: =IF(ISBLANK(C22),"",IF(BK22<>Constants!$B$12, BK22 ,CW22)) | DQ22: =IF(ISBLANK($C22),"",IF($BK22<>Constants!$B$12,$BK22,$BL22)) | DR22: =IF(ISBLANK(C22),"",DH22) | DS22: =IF(ISBLANK(C22),"",DG22) | DT22: =IF(ISBLANK(C22), "", IF(DS22=Constants!$B$9,COUNTA($C$11:$C510)+2,IF(DS22=Constants!$B$10,COUNTA($C$11:$C510)+1,IF(DS22=Constants!$B$11,COUNTA($C$11:$C510),DS22)))) | DV22: =IF(OR(ISNUMBER(DS22),DS22="DQ",DS22="P",DS22="NS"), 1, 0 ) -> 0 | DW22: 12 | DX22: =IF(ISBLANK($C22),"",IF(ISNUMBER(DT22),DT22+ROW($B22)/1000,"")) | DY22: =IF(ISNUMBER(DX22), RANK(DX22,DX$11:DX$510,1), "") | DZ22: =IF(ISBLANK($C22), "", $B22 ) | EA22: =IF(ISBLANK($C22), "", $C22 ) | EB22: =IF(ISBLANK($C22), "", $D22 ) | EC22: =IF(ISBLANK($C22),"",$DQ22) | ED22: =DP22 | EE22: =IF(ISBLANK($C22), "", DS22 ) | EF22: =IF(DW22>DV$10, "", VLOOKUP(DW22,DY$11:EE520,7,FALSE()) ) | EG22: =IF(DW22>DV$10, "", VLOOKUP(DW22,DY$11:EE520,2,FALSE()) ) | EH22: =IF(DW22>DV$10, "", VLOOKUP(DW22,DY$11:EE520,3,FALSE()) ) | EI22: =IF(DW22>DV$10, "", VLOOKUP(DW22,DY$11:EE520,4,FALSE()) ) | EJ22: =IF(DW22>DV$10, "", VLOOKUP(DW22,DY$11:EE520,6,FALSE()) )
AJ23: =IF(ISBLANK($C23), "", IF(E23=Constants!$B$7, TRUE(), IF(E23=Constants!$B$8, FALSE(), TRUE() ))) | AK23: =IF(ISBLANK($C23),"",IF(F23=Constants!$B$8,FALSE(),TRUE())) | AL23: =IF(ISBLANK($C23),"",COUNTA($G23:$O23)>0) | AM23: =IF(OR(ISBLANK($C23),$AL23<>TRUE()),"",IF(ISBLANK(G23),Constants!$B$27,MAX(0,G23))) | AN23: =IF(OR(ISBLANK($C23),$AL23<>TRUE()),"",IF(ISBLANK(H23),Constants!$B$28,MAX(0,H23))) | AO23: =IF(OR(ISBLANK($C23),$AL23<>TRUE()),"",IF(J23=Constants!$B$7,TRUE(),IF(J23=Constants!$B$8,FALSE(),TRUE()))) | AP23: =IF(OR(ISBLANK($C23),$AL23<>TRUE()),"",IF(I23=Constants!$B$7,TRUE(),IF(I23=Constants!$B$8,FALSE(),TRUE()))) | AQ23: =IF(OR(ISBLANK($C23),$AL23<>TRUE()),"",IF(K23=Constants!$B$33,TRUE(),IF(K23=Constants!$B$34,FALSE(),IF(AND(ISNUMBER(O23),OR(ISBLANK(N23),N23=0)),TRUE(),IF(AND(ISBLANK(O23),ISNUMBER(N23),N23<>0),FALSE(),""))))) | AR23: =IF(OR(ISBLANK($C23),$AL23<>TRUE()),"",IF(ISBLANK(L23),Constants!$B$35,MAX(0,MIN(Constants!$B$31,L23)))) | AS23: =IF(OR(ISBLANK($C23),$AL23<>TRUE()),"",IF(ISBLANK(M23),Constants!$B$35,MAX(0,MIN(Constants!$B$32,M23)))) | AT23: =IF(ISBLANK($C23),"",COUNTA($P23:$X23)>0) | AU23: =IF(OR(ISBLANK($C23),$AT23<>TRUE()),"",IF(ISBLANK(P23),Constants!$B$27,MAX(0,P23))) | AV23: =IF(OR(ISBLANK($C23),$AT23<>TRUE()),"",IF(ISBLANK(Q23),Constants!$B$28,MAX(0,Q23))) | AW23: =IF(OR(ISBLANK($C23),$AT23<>TRUE()),"",IF(S23=Constants!$B$7,TRUE(),IF(S23=Constants!$B$8,FALSE(),TRUE()))) | AX23: =IF(OR(ISBLANK($C23),$AT23<>TRUE()),"",IF(R23=Constants!$B$7,TRUE(),IF(R23=Constants!$B$8,FALSE(),TRUE()))) | AY23: =IF(OR(ISBLANK($C23),$AT23<>TRUE()),"",IF(T23=Constants!$B$33,TRUE(),IF(T23=Constants!$B$34,FALSE(),IF(AND(ISNUMBER(X23),OR(ISBLANK(W23),W23=0)),TRUE(),IF(AND(ISBLANK(X23),ISNUMBER(W23),W23<>0),FALSE(),""))))) | AZ23: =IF(OR(ISBLANK($C23),$AT23<>TRUE()),"",IF(ISBLANK(U23),Constants!$B$35,MAX(0,MIN(Constants!$B$31,U23)))) | BA23: =IF(OR(ISBLANK($C23),$AT23<>TRUE()),"",IF(ISBLANK(V23),Constants!$B$35,MAX(0,MIN(Constants!$B$32,V23)))) | BB23: =IF(ISBLANK($C23),"",COUNTA($Y23:$AG23)>0) | BC23: =IF(OR(ISBLANK($C23),$BB23<>TRUE()),"",IF(ISBLANK(Y23),Constants!$B$27,MAX(0,Y23))) | BD23: =IF(OR(ISBLANK($C23),$BB23<>TRUE()),"",IF(ISBLANK(Z23),Constants!$B$28,MAX(0,Z23))) | BE23: =IF(OR(ISBLANK($C23),$BB23<>TRUE()),"",IF(AB23=Constants!$B$7,TRUE(),IF(AB23=Constants!$B$8,FALSE(),TRUE()))) | BF23: =IF(OR(ISBLANK($C23),$BB23<>TRUE()),"",IF(AA23=Constants!$B$7,TRUE(),IF(AA23=Constants!$B$8,FALSE(),TRUE()))) | BG23: =IF(OR(ISBLANK($C23),$BB23<>TRUE()),"",IF(AC23=Constants!$B$33,TRUE(),IF(AC23=Constants!$B$34,FALSE(),IF(AND(ISNUMBER(AG23),OR(ISBLANK(AF23),AF23=0)),TRUE(),IF(AND(ISBLANK(AG23),ISNUMBER(AF23),AF23<>0),FALSE(),""))))) | BH23: =IF(OR(ISBLANK($C23),$BB23<>TRUE()),"",IF(ISBLANK(AD23),Constants!$B$35,MAX(0,MIN(Constants!$B$31,AD23)))) | BI23: =IF(OR(ISBLANK($C23),$BB23<>TRUE()),"",IF(ISBLANK(AE23),Constants!$B$35,MAX(0,MIN(Constants!$B$32,AE23)))) | BJ23: =IF(ISBLANK($C23), "", IF(AH23=Constants!$B$7, TRUE(), IF(AH23=Constants!$B$8, FALSE(), FALSE() ))) | BK23: =IF(ISBLANK($C23),"",IF($BJ23,Constants!$B$9,IF(COUNTA($E23:$AH23)=0,Constants!$B$10,IF(NOT($AK23),Constants!$B$11,IF(AND(NOT(ISNUMBER($BM23)),COUNTA($O23,$X23,$AG23)>0),Constants!$B$13,Constants!$B$12))))) | BL23: =IF(ISBLANK($C23),"",IF($BK23<>Constants!$B$12,$BK23,Constants!$B$4)) | BM23: =IF(OR(ISBLANK($D$8), NOT(ISNUMBER($D$8))), Constants!$B$17,$D$8) -> ERROR: Set Target Time in cell D8 | BN23: =IF(OR($BK23<>Constants!$B$12,$AL23<>TRUE()),"",IF(NOT($AO23),TRUE(),IF($AQ23="","",$AQ23))) | BO23: =IF(BN23="",FALSE(),IF(NOT($AO23),TRUE(),IF($AQ23,ISNUMBER(O23),ISNUMBER(N23)))) -> FALSE | BP23: =IF(BO23,IF($AJ23,1,Constants!$B$22)*POWER(Constants!$B$23,MAX($AM23,0))*POWER(Constants!$B$24,MAX($AN23,0)),"") | BQ23: =IF(OR($BK23<>Constants!$B$12,NOT($BO23)),"",IF(NOT($AO23),0,Constants!$B$19*IF($AQ23,1,MAX(0,MIN(1,(Constants!$B$20-N23)/Constants!$B$20))))) | BR23: =IF(BQ23="","",BQ23*IF($AP23,1,Constants!$B$25)*BP23) | BS23: =IF(OR($BK23<>Constants!$B$12,NOT($BO23)),"",IF(NOT($AO23),0,IF(NOT($AQ23),0,MAX(0,Constants!$B$21*(1-ABS(O23-$BM23)/$BM23))))) | BT23: =IF(BS23="","",BS23*BP23) | BU23: =IF(OR($BK23<>Constants!$B$12,NOT($BO23)),"",IF(OR(NOT($AO23),NOT($AP23)),0,MIN(Constants!$B$18,(Constants!$B$29*$AR23+Constants!$B$30*$AS23)*IF($AQ23,1,MAX(0,MIN(1,(Constants!$B$20-N23)/Constants!$B$20)))))) | BV23: =IF(BU23="","",BU23*BP23) | BW23: =IF(OR($BK23<>Constants!$B$12,NOT($BO23)),"",BR23+BT23+BV23) | BX23: =IF(OR($BK23<>Constants!$B$12,$AT23<>TRUE()),"",IF(NOT($AW23),TRUE(),IF($AY23="","",$AY23))) | BY23: =IF(BX23="",FALSE(),IF(NOT($AW23),TRUE(),IF($AY23,ISNUMBER(X23),ISNUMBER(W23)))) -> FALSE | BZ23: =IF(BY23,IF($AJ23,1,Constants!$B$22)*POWER(Constants!$B$23,MAX($AU23,0))*POWER(Constants!$B$24,MAX($AV23,0)),"") | CA23: =IF(OR($BK23<>Constants!$B$12,NOT($BY23)),"",IF(NOT($AW23),0,Constants!$B$19*IF($AY23,1,MAX(0,MIN(1,(Constants!$B$20-W23)/Constants!$B$20))))) | CB23: =IF(CA23="","",CA23*IF($AX23,1,Constants!$B$25)*BZ23) | CC23: =IF(OR($BK23<>Constants!$B$12,NOT($BY23)),"",IF(NOT($AW23),0,IF(NOT($AY23),0,MAX(0,Constants!$B$21*(1-ABS(X23-$BM23)/$BM23))))) | CD23: =IF(CC23="","",CC23*BZ23) | CE23: =IF(OR($BK23<>Constants!$B$12,NOT($BY23)),"",IF(OR(NOT($AW23),NOT($AX23)),0,MIN(Constants!$B$18,(Constants!$B$29*$AZ23+Constants!$B$30*$BA23)*IF($AY23,1,MAX(0,MIN(1,(Constants!$B$20-W23)/Constants!$B$20)))))) | CF23: =IF(CE23="","",CE23*BZ23) | CG23: =IF(OR($BK23<>Constants!$B$12,NOT($BY23)),"",CB23+CD23+CF23) | CH23: =IF(OR(BN23="",BX23=""),TRUE(),BN23<>BX23) -> TRUE | CI23: =IF(OR($BK23<>Constants!$B$12,$BB23<>TRUE(),NOT($CH23)),"",IF(NOT($BE23),TRUE(),IF($BG23="","",$BG23))) | CJ23: =IF(CI23="",FALSE(),IF(NOT($BE23),TRUE(),IF($BG23,ISNUMBER(AG23),ISNUMBER(AF23)))) -> FALSE | CK23: =IF(CJ23,IF($AJ23,1,Constants!$B$22)*POWER(Constants!$B$23,MAX($BC23,0))*POWER(Constants!$B$24,MAX($BD23,0)),"") | CL23: =IF(OR($BK23<>Constants!$B$12,NOT($CJ23)),"",IF(NOT($BE23),0,Constants!$B$19*IF($BG23,1,MAX(0,MIN(1,(Constants!$B$20-AF23)/Constants!$B$20))))) | CM23: =IF(CL23="","",CL23*IF($BF23,1,Constants!$B$25)*CK23) | CN23: =IF(OR($BK23<>Constants!$B$12,NOT($CJ23)),"",IF(NOT($BE23),0,IF(NOT($BG23),0,MAX(0,Constants!$B$21*(1-ABS(AG23-$BM23)/$BM23))))) | CO23: =IF(CN23="","",CN23*CK23) | CP23: =IF(OR($BK23<>Constants!$B$12,NOT($CJ23)),"",IF(OR(NOT($BE23),NOT($BF23)),0,MIN(Constants!$B$18,(Constants!$B$29*$BH23+Constants!$B$30*$BI23)*IF($BG23,1,MAX(0,MIN(1,(Constants!$B$20-AF23)/Constants!$B$20)))))) | CQ23: =IF(CP23="","",CP23*CK23) | CR23: =IF(OR($BK23<>Constants!$B$12,NOT($CJ23)),"",CM23+CO23+CQ23) | CS23: =IF(OR($BK23<>Constants!$B$12,ISBLANK($C23)),"",BW23) | CT23: =IF(OR($BK23<>Constants!$B$12,ISBLANK($C23)),"",CG23) | CU23: =IF(OR($BK23<>Constants!$B$12,ISBLANK($C23)),"",CR23) | CV23: =IF(OR($BK23<>Constants!$B$12,ISBLANK($C23)),"",IF(COUNT(CS23:CU23)=0,0,MAX(CS23:CU23))) | CW23: =IF($BK23<>Constants!$B$12,"",CV23) | CX23: =IF(ISNUMBER(CW23), RANK(CW23,$CW$11:$CW$510), "") | CY23: =IF(OR($BK23<>Constants!$B$12,ISBLANK($C23)),"",MAX(BT23,CD23,CO23)) | CZ23: =IF(ISNUMBER(CY23), RANK(CY23,CY$11:CY$510), "") | DA23: =IF(OR($BK23<>Constants!$B$12,ISBLANK($C23)),"",MAX(AM23,AU23,IF($CH23,BC23,0))) | DB23: =IF(ISNUMBER(DA23), RANK(DA23,DA$11:DA$510,1), "") | DC23: =IF(OR($BK23<>Constants!$B$12,ISBLANK($C23)),"",MAX(BV23,CF23,CQ23)) | DD23: =IF(ISNUMBER(DC23),RANK(DC23,DC$11:DC$510),"") | DE23: =IFERROR(IF(OR($BK23<>Constants!$B$12, ISBLANK($C23)),"",LARGE(CS23:CU23,2)), 0) | DF23: =IF(ISNUMBER(DE23), RANK(DE23,DE$11:DE$510), "") | DG23: =IF(ISBLANK($C23),"",IF(BK23=Constants!$B$12,RANK($CX23, $CX$11:$CX$510, 1)+ SUMPRODUCT(--($CX$11:$CX$510=$CX23),--($CZ23>$CZ$11:$CZ$510))+ SUMPRODUCT(--($CX$11:$CX$510=$CX23),--($CZ23=$CZ$11:$CZ$510),--($DB23>$DB$11:$DB$510))+ SUMPRODUCT(--($CX$11:$CX$510=$CX23),--($CZ23=$CZ$11:$CZ$510),--($DB23=$DB$11:$DB$510), --($DD23>$DD$11:$DD$510))+ SUMPRODUCT(--($CX$11:$CX$510=$CX23),--($CZ23=$CZ$11:$CZ$510),--($DB23=$DB$11:$DB$510), --($DD23=$DD$11:$DD$510), --($DF23>$DF$11:$DF$510)) ,BK23) ) | DH23: =IF(ISBLANK(C23),"",IF(BK23<>Constants!$B$12, BK23, CX23-DG23)) | DK23: =IF(ISBLANK($C23),"",IF($BK23=Constants!$B$13,$BM23,"")) | DL23: =IF(ISBLANK($C23),"",IF($BK23<>Constants!$B$12,"",IF(COUNT($CS23:$CU23)=0,"",MATCH($CV23,$CS23:$CU23,0)))) | DM23: =IF(ISNUMBER($DL23),CHOOSE($DL23,$BR23,$CB23,$CM23),"") | DN23: =IF(ISNUMBER($DL23),CHOOSE($DL23,$BT23,$CD23,$CO23),"") | DO23: =IF(ISNUMBER($DL23),CHOOSE($DL23,$BV23,$CF23,$CQ23),"") | DP23: =IF(ISBLANK(C23),"",IF(BK23<>Constants!$B$12, BK23 ,CW23)) | DQ23: =IF(ISBLANK($C23),"",IF($BK23<>Constants!$B$12,$BK23,$BL23)) | DR23: =IF(ISBLANK(C23),"",DH23) | DS23: =IF(ISBLANK(C23),"",DG23) | DT23: =IF(ISBLANK(C23), "", IF(DS23=Constants!$B$9,COUNTA($C$11:$C510)+2,IF(DS23=Constants!$B$10,COUNTA($C$11:$C510)+1,IF(DS23=Constants!$B$11,COUNTA($C$11:$C510),DS23)))) | DV23: =IF(OR(ISNUMBER(DS23),DS23="DQ",DS23="P",DS23="NS"), 1, 0 ) -> 0 | DW23: 13 | DX23: =IF(ISBLANK($C23),"",IF(ISNUMBER(DT23),DT23+ROW($B23)/1000,"")) | DY23: =IF(ISNUMBER(DX23), RANK(DX23,DX$11:DX$510,1), "") | DZ23: =IF(ISBLANK($C23), "", $B23 ) | EA23: =IF(ISBLANK($C23), "", $C23 ) | EB23: =IF(ISBLANK($C23), "", $D23 ) | EC23: =IF(ISBLANK($C23),"",$DQ23) | ED23: =DP23 | EE23: =IF(ISBLANK($C23), "", DS23 ) | EF23: =IF(DW23>DV$10, "", VLOOKUP(DW23,DY$11:EE521,7,FALSE()) ) | EG23: =IF(DW23>DV$10, "", VLOOKUP(DW23,DY$11:EE521,2,FALSE()) ) | EH23: =IF(DW23>DV$10, "", VLOOKUP(DW23,DY$11:EE521,3,FALSE()) ) | EI23: =IF(DW23>DV$10, "", VLOOKUP(DW23,DY$11:EE521,4,FALSE()) ) | EJ23: =IF(DW23>DV$10, "", VLOOKUP(DW23,DY$11:EE521,6,FALSE()) )
AJ24: =IF(ISBLANK($C24), "", IF(E24=Constants!$B$7, TRUE(), IF(E24=Constants!$B$8, FALSE(), TRUE() ))) | AK24: =IF(ISBLANK($C24),"",IF(F24=Constants!$B$8,FALSE(),TRUE())) | AL24: =IF(ISBLANK($C24),"",COUNTA($G24:$O24)>0) | AM24: =IF(OR(ISBLANK($C24),$AL24<>TRUE()),"",IF(ISBLANK(G24),Constants!$B$27,MAX(0,G24))) | AN24: =IF(OR(ISBLANK($C24),$AL24<>TRUE()),"",IF(ISBLANK(H24),Constants!$B$28,MAX(0,H24))) | AO24: =IF(OR(ISBLANK($C24),$AL24<>TRUE()),"",IF(J24=Constants!$B$7,TRUE(),IF(J24=Constants!$B$8,FALSE(),TRUE()))) | AP24: =IF(OR(ISBLANK($C24),$AL24<>TRUE()),"",IF(I24=Constants!$B$7,TRUE(),IF(I24=Constants!$B$8,FALSE(),TRUE()))) | AQ24: =IF(OR(ISBLANK($C24),$AL24<>TRUE()),"",IF(K24=Constants!$B$33,TRUE(),IF(K24=Constants!$B$34,FALSE(),IF(AND(ISNUMBER(O24),OR(ISBLANK(N24),N24=0)),TRUE(),IF(AND(ISBLANK(O24),ISNUMBER(N24),N24<>0),FALSE(),""))))) | AR24: =IF(OR(ISBLANK($C24),$AL24<>TRUE()),"",IF(ISBLANK(L24),Constants!$B$35,MAX(0,MIN(Constants!$B$31,L24)))) | AS24: =IF(OR(ISBLANK($C24),$AL24<>TRUE()),"",IF(ISBLANK(M24),Constants!$B$35,MAX(0,MIN(Constants!$B$32,M24)))) | AT24: =IF(ISBLANK($C24),"",COUNTA($P24:$X24)>0) | AU24: =IF(OR(ISBLANK($C24),$AT24<>TRUE()),"",IF(ISBLANK(P24),Constants!$B$27,MAX(0,P24))) | AV24: =IF(OR(ISBLANK($C24),$AT24<>TRUE()),"",IF(ISBLANK(Q24),Constants!$B$28,MAX(0,Q24))) | AW24: =IF(OR(ISBLANK($C24),$AT24<>TRUE()),"",IF(S24=Constants!$B$7,TRUE(),IF(S24=Constants!$B$8,FALSE(),TRUE()))) | AX24: =IF(OR(ISBLANK($C24),$AT24<>TRUE()),"",IF(R24=Constants!$B$7,TRUE(),IF(R24=Constants!$B$8,FALSE(),TRUE()))) | AY24: =IF(OR(ISBLANK($C24),$AT24<>TRUE()),"",IF(T24=Constants!$B$33,TRUE(),IF(T24=Constants!$B$34,FALSE(),IF(AND(ISNUMBER(X24),OR(ISBLANK(W24),W24=0)),TRUE(),IF(AND(ISBLANK(X24),ISNUMBER(W24),W24<>0),FALSE(),""))))) | AZ24: =IF(OR(ISBLANK($C24),$AT24<>TRUE()),"",IF(ISBLANK(U24),Constants!$B$35,MAX(0,MIN(Constants!$B$31,U24)))) | BA24: =IF(OR(ISBLANK($C24),$AT24<>TRUE()),"",IF(ISBLANK(V24),Constants!$B$35,MAX(0,MIN(Constants!$B$32,V24)))) | BB24: =IF(ISBLANK($C24),"",COUNTA($Y24:$AG24)>0) | BC24: =IF(OR(ISBLANK($C24),$BB24<>TRUE()),"",IF(ISBLANK(Y24),Constants!$B$27,MAX(0,Y24))) | BD24: =IF(OR(ISBLANK($C24),$BB24<>TRUE()),"",IF(ISBLANK(Z24),Constants!$B$28,MAX(0,Z24))) | BE24: =IF(OR(ISBLANK($C24),$BB24<>TRUE()),"",IF(AB24=Constants!$B$7,TRUE(),IF(AB24=Constants!$B$8,FALSE(),TRUE()))) | BF24: =IF(OR(ISBLANK($C24),$BB24<>TRUE()),"",IF(AA24=Constants!$B$7,TRUE(),IF(AA24=Constants!$B$8,FALSE(),TRUE()))) | BG24: =IF(OR(ISBLANK($C24),$BB24<>TRUE()),"",IF(AC24=Constants!$B$33,TRUE(),IF(AC24=Constants!$B$34,FALSE(),IF(AND(ISNUMBER(AG24),OR(ISBLANK(AF24),AF24=0)),TRUE(),IF(AND(ISBLANK(AG24),ISNUMBER(AF24),AF24<>0),FALSE(),""))))) | BH24: =IF(OR(ISBLANK($C24),$BB24<>TRUE()),"",IF(ISBLANK(AD24),Constants!$B$35,MAX(0,MIN(Constants!$B$31,AD24)))) | BI24: =IF(OR(ISBLANK($C24),$BB24<>TRUE()),"",IF(ISBLANK(AE24),Constants!$B$35,MAX(0,MIN(Constants!$B$32,AE24)))) | BJ24: =IF(ISBLANK($C24), "", IF(AH24=Constants!$B$7, TRUE(), IF(AH24=Constants!$B$8, FALSE(), FALSE() ))) | BK24: =IF(ISBLANK($C24),"",IF($BJ24,Constants!$B$9,IF(COUNTA($E24:$AH24)=0,Constants!$B$10,IF(NOT($AK24),Constants!$B$11,IF(AND(NOT(ISNUMBER($BM24)),COUNTA($O24,$X24,$AG24)>0),Constants!$B$13,Constants!$B$12))))) | BL24: =IF(ISBLANK($C24),"",IF($BK24<>Constants!$B$12,$BK24,Constants!$B$4)) | BM24: =IF(OR(ISBLANK($D$8), NOT(ISNUMBER($D$8))), Constants!$B$17,$D$8) -> ERROR: Set Target Time in cell D8 | BN24: =IF(OR($BK24<>Constants!$B$12,$AL24<>TRUE()),"",IF(NOT($AO24),TRUE(),IF($AQ24="","",$AQ24))) | BO24: =IF(BN24="",FALSE(),IF(NOT($AO24),TRUE(),IF($AQ24,ISNUMBER(O24),ISNUMBER(N24)))) -> FALSE | BP24: =IF(BO24,IF($AJ24,1,Constants!$B$22)*POWER(Constants!$B$23,MAX($AM24,0))*POWER(Constants!$B$24,MAX($AN24,0)),"") | BQ24: =IF(OR($BK24<>Constants!$B$12,NOT($BO24)),"",IF(NOT($AO24),0,Constants!$B$19*IF($AQ24,1,MAX(0,MIN(1,(Constants!$B$20-N24)/Constants!$B$20))))) | BR24: =IF(BQ24="","",BQ24*IF($AP24,1,Constants!$B$25)*BP24) | BS24: =IF(OR($BK24<>Constants!$B$12,NOT($BO24)),"",IF(NOT($AO24),0,IF(NOT($AQ24),0,MAX(0,Constants!$B$21*(1-ABS(O24-$BM24)/$BM24))))) | BT24: =IF(BS24="","",BS24*BP24) | BU24: =IF(OR($BK24<>Constants!$B$12,NOT($BO24)),"",IF(OR(NOT($AO24),NOT($AP24)),0,MIN(Constants!$B$18,(Constants!$B$29*$AR24+Constants!$B$30*$AS24)*IF($AQ24,1,MAX(0,MIN(1,(Constants!$B$20-N24)/Constants!$B$20)))))) | BV24: =IF(BU24="","",BU24*BP24) | BW24: =IF(OR($BK24<>Constants!$B$12,NOT($BO24)),"",BR24+BT24+BV24) | BX24: =IF(OR($BK24<>Constants!$B$12,$AT24<>TRUE()),"",IF(NOT($AW24),TRUE(),IF($AY24="","",$AY24))) | BY24: =IF(BX24="",FALSE(),IF(NOT($AW24),TRUE(),IF($AY24,ISNUMBER(X24),ISNUMBER(W24)))) -> FALSE | BZ24: =IF(BY24,IF($AJ24,1,Constants!$B$22)*POWER(Constants!$B$23,MAX($AU24,0))*POWER(Constants!$B$24,MAX($AV24,0)),"") | CA24: =IF(OR($BK24<>Constants!$B$12,NOT($BY24)),"",IF(NOT($AW24),0,Constants!$B$19*IF($AY24,1,MAX(0,MIN(1,(Constants!$B$20-W24)/Constants!$B$20))))) | CB24: =IF(CA24="","",CA24*IF($AX24,1,Constants!$B$25)*BZ24) | CC24: =IF(OR($BK24<>Constants!$B$12,NOT($BY24)),"",IF(NOT($AW24),0,IF(NOT($AY24),0,MAX(0,Constants!$B$21*(1-ABS(X24-$BM24)/$BM24))))) | CD24: =IF(CC24="","",CC24*BZ24) | CE24: =IF(OR($BK24<>Constants!$B$12,NOT($BY24)),"",IF(OR(NOT($AW24),NOT($AX24)),0,MIN(Constants!$B$18,(Constants!$B$29*$AZ24+Constants!$B$30*$BA24)*IF($AY24,1,MAX(0,MIN(1,(Constants!$B$20-W24)/Constants!$B$20)))))) | CF24: =IF(CE24="","",CE24*BZ24) | CG24: =IF(OR($BK24<>Constants!$B$12,NOT($BY24)),"",CB24+CD24+CF24) | CH24: =IF(OR(BN24="",BX24=""),TRUE(),BN24<>BX24) -> TRUE | CI24: =IF(OR($BK24<>Constants!$B$12,$BB24<>TRUE(),NOT($CH24)),"",IF(NOT($BE24),TRUE(),IF($BG24="","",$BG24))) | CJ24: =IF(CI24="",FALSE(),IF(NOT($BE24),TRUE(),IF($BG24,ISNUMBER(AG24),ISNUMBER(AF24)))) -> FALSE | CK24: =IF(CJ24,IF($AJ24,1,Constants!$B$22)*POWER(Constants!$B$23,MAX($BC24,0))*POWER(Constants!$B$24,MAX($BD24,0)),"") | CL24: =IF(OR($BK24<>Constants!$B$12,NOT($CJ24)),"",IF(NOT($BE24),0,Constants!$B$19*IF($BG24,1,MAX(0,MIN(1,(Constants!$B$20-AF24)/Constants!$B$20))))) | CM24: =IF(CL24="","",CL24*IF($BF24,1,Constants!$B$25)*CK24) | CN24: =IF(OR($BK24<>Constants!$B$12,NOT($CJ24)),"",IF(NOT($BE24),0,IF(NOT($BG24),0,MAX(0,Constants!$B$21*(1-ABS(AG24-$BM24)/$BM24))))) | CO24: =IF(CN24="","",CN24*CK24) | CP24: =IF(OR($BK24<>Constants!$B$12,NOT($CJ24)),"",IF(OR(NOT($BE24),NOT($BF24)),0,MIN(Constants!$B$18,(Constants!$B$29*$BH24+Constants!$B$30*$BI24)*IF($BG24,1,MAX(0,MIN(1,(Constants!$B$20-AF24)/Constants!$B$20)))))) | CQ24: =IF(CP24="","",CP24*CK24) | CR24: =IF(OR($BK24<>Constants!$B$12,NOT($CJ24)),"",CM24+CO24+CQ24) | CS24: =IF(OR($BK24<>Constants!$B$12,ISBLANK($C24)),"",BW24) | CT24: =IF(OR($BK24<>Constants!$B$12,ISBLANK($C24)),"",CG24) | CU24: =IF(OR($BK24<>Constants!$B$12,ISBLANK($C24)),"",CR24) | CV24: =IF(OR($BK24<>Constants!$B$12,ISBLANK($C24)),"",IF(COUNT(CS24:CU24)=0,0,MAX(CS24:CU24))) | CW24: =IF($BK24<>Constants!$B$12,"",CV24) | CX24: =IF(ISNUMBER(CW24), RANK(CW24,$CW$11:$CW$510), "") | CY24: =IF(OR($BK24<>Constants!$B$12,ISBLANK($C24)),"",MAX(BT24,CD24,CO24)) | CZ24: =IF(ISNUMBER(CY24), RANK(CY24,CY$11:CY$510), "") | DA24: =IF(OR($BK24<>Constants!$B$12,ISBLANK($C24)),"",MAX(AM24,AU24,IF($CH24,BC24,0))) | DB24: =IF(ISNUMBER(DA24), RANK(DA24,DA$11:DA$510,1), "") | DC24: =IF(OR($BK24<>Constants!$B$12,ISBLANK($C24)),"",MAX(BV24,CF24,CQ24)) | DD24: =IF(ISNUMBER(DC24),RANK(DC24,DC$11:DC$510),"") | DE24: =IFERROR(IF(OR($BK24<>Constants!$B$12, ISBLANK($C24)),"",LARGE(CS24:CU24,2)), 0) | DF24: =IF(ISNUMBER(DE24), RANK(DE24,DE$11:DE$510), "") | DG24: =IF(ISBLANK($C24),"",IF(BK24=Constants!$B$12,RANK($CX24, $CX$11:$CX$510, 1)+ SUMPRODUCT(--($CX$11:$CX$510=$CX24),--($CZ24>$CZ$11:$CZ$510))+ SUMPRODUCT(--($CX$11:$CX$510=$CX24),--($CZ24=$CZ$11:$CZ$510),--($DB24>$DB$11:$DB$510))+ SUMPRODUCT(--($CX$11:$CX$510=$CX24),--($CZ24=$CZ$11:$CZ$510),--($DB24=$DB$11:$DB$510), --($DD24>$DD$11:$DD$510))+ SUMPRODUCT(--($CX$11:$CX$510=$CX24),--($CZ24=$CZ$11:$CZ$510),--($DB24=$DB$11:$DB$510), --($DD24=$DD$11:$DD$510), --($DF24>$DF$11:$DF$510)) ,BK24) ) | DH24: =IF(ISBLANK(C24),"",IF(BK24<>Constants!$B$12, BK24, CX24-DG24)) | DK24: =IF(ISBLANK($C24),"",IF($BK24=Constants!$B$13,$BM24,"")) | DL24: =IF(ISBLANK($C24),"",IF($BK24<>Constants!$B$12,"",IF(COUNT($CS24:$CU24)=0,"",MATCH($CV24,$CS24:$CU24,0)))) | DM24: =IF(ISNUMBER($DL24),CHOOSE($DL24,$BR24,$CB24,$CM24),"") | DN24: =IF(ISNUMBER($DL24),CHOOSE($DL24,$BT24,$CD24,$CO24),"") | DO24: =IF(ISNUMBER($DL24),CHOOSE($DL24,$BV24,$CF24,$CQ24),"") | DP24: =IF(ISBLANK(C24),"",IF(BK24<>Constants!$B$12, BK24 ,CW24)) | DQ24: =IF(ISBLANK($C24),"",IF($BK24<>Constants!$B$12,$BK24,$BL24)) | DR24: =IF(ISBLANK(C24),"",DH24) | DS24: =IF(ISBLANK(C24),"",DG24) | DT24: =IF(ISBLANK(C24), "", IF(DS24=Constants!$B$9,COUNTA($C$11:$C510)+2,IF(DS24=Constants!$B$10,COUNTA($C$11:$C510)+1,IF(DS24=Constants!$B$11,COUNTA($C$11:$C510),DS24)))) | DV24: =IF(OR(ISNUMBER(DS24),DS24="DQ",DS24="P",DS24="NS"), 1, 0 ) -> 0 | DW24: 14 | DX24: =IF(ISBLANK($C24),"",IF(ISNUMBER(DT24),DT24+ROW($B24)/1000,"")) | DY24: =IF(ISNUMBER(DX24), RANK(DX24,DX$11:DX$510,1), "") | DZ24: =IF(ISBLANK($C24), "", $B24 ) | EA24: =IF(ISBLANK($C24), "", $C24 ) | EB24: =IF(ISBLANK($C24), "", $D24 ) | EC24: =IF(ISBLANK($C24),"",$DQ24) | ED24: =DP24 | EE24: =IF(ISBLANK($C24), "", DS24 ) | EF24: =IF(DW24>DV$10, "", VLOOKUP(DW24,DY$11:EE522,7,FALSE()) ) | EG24: =IF(DW24>DV$10, "", VLOOKUP(DW24,DY$11:EE522,2,FALSE()) ) | EH24: =IF(DW24>DV$10, "", VLOOKUP(DW24,DY$11:EE522,3,FALSE()) ) | EI24: =IF(DW24>DV$10, "", VLOOKUP(DW24,DY$11:EE522,4,FALSE()) ) | EJ24: =IF(DW24>DV$10, "", VLOOKUP(DW24,DY$11:EE522,6,FALSE()) )
AJ25: =IF(ISBLANK($C25), "", IF(E25=Constants!$B$7, TRUE(), IF(E25=Constants!$B$8, FALSE(), TRUE() ))) | AK25: =IF(ISBLANK($C25),"",IF(F25=Constants!$B$8,FALSE(),TRUE())) | AL25: =IF(ISBLANK($C25),"",COUNTA($G25:$O25)>0) | AM25: =IF(OR(ISBLANK($C25),$AL25<>TRUE()),"",IF(ISBLANK(G25),Constants!$B$27,MAX(0,G25))) | AN25: =IF(OR(ISBLANK($C25),$AL25<>TRUE()),"",IF(ISBLANK(H25),Constants!$B$28,MAX(0,H25))) | AO25: =IF(OR(ISBLANK($C25),$AL25<>TRUE()),"",IF(J25=Constants!$B$7,TRUE(),IF(J25=Constants!$B$8,FALSE(),TRUE()))) | AP25: =IF(OR(ISBLANK($C25),$AL25<>TRUE()),"",IF(I25=Constants!$B$7,TRUE(),IF(I25=Constants!$B$8,FALSE(),TRUE()))) | AQ25: =IF(OR(ISBLANK($C25),$AL25<>TRUE()),"",IF(K25=Constants!$B$33,TRUE(),IF(K25=Constants!$B$34,FALSE(),IF(AND(ISNUMBER(O25),OR(ISBLANK(N25),N25=0)),TRUE(),IF(AND(ISBLANK(O25),ISNUMBER(N25),N25<>0),FALSE(),""))))) | AR25: =IF(OR(ISBLANK($C25),$AL25<>TRUE()),"",IF(ISBLANK(L25),Constants!$B$35,MAX(0,MIN(Constants!$B$31,L25)))) | AS25: =IF(OR(ISBLANK($C25),$AL25<>TRUE()),"",IF(ISBLANK(M25),Constants!$B$35,MAX(0,MIN(Constants!$B$32,M25)))) | AT25: =IF(ISBLANK($C25),"",COUNTA($P25:$X25)>0) | AU25: =IF(OR(ISBLANK($C25),$AT25<>TRUE()),"",IF(ISBLANK(P25),Constants!$B$27,MAX(0,P25))) | AV25: =IF(OR(ISBLANK($C25),$AT25<>TRUE()),"",IF(ISBLANK(Q25),Constants!$B$28,MAX(0,Q25))) | AW25: =IF(OR(ISBLANK($C25),$AT25<>TRUE()),"",IF(S25=Constants!$B$7,TRUE(),IF(S25=Constants!$B$8,FALSE(),TRUE()))) | AX25: =IF(OR(ISBLANK($C25),$AT25<>TRUE()),"",IF(R25=Constants!$B$7,TRUE(),IF(R25=Constants!$B$8,FALSE(),TRUE()))) | AY25: =IF(OR(ISBLANK($C25),$AT25<>TRUE()),"",IF(T25=Constants!$B$33,TRUE(),IF(T25=Constants!$B$34,FALSE(),IF(AND(ISNUMBER(X25),OR(ISBLANK(W25),W25=0)),TRUE(),IF(AND(ISBLANK(X25),ISNUMBER(W25),W25<>0),FALSE(),""))))) | AZ25: =IF(OR(ISBLANK($C25),$AT25<>TRUE()),"",IF(ISBLANK(U25),Constants!$B$35,MAX(0,MIN(Constants!$B$31,U25)))) | BA25: =IF(OR(ISBLANK($C25),$AT25<>TRUE()),"",IF(ISBLANK(V25),Constants!$B$35,MAX(0,MIN(Constants!$B$32,V25)))) | BB25: =IF(ISBLANK($C25),"",COUNTA($Y25:$AG25)>0) | BC25: =IF(OR(ISBLANK($C25),$BB25<>TRUE()),"",IF(ISBLANK(Y25),Constants!$B$27,MAX(0,Y25))) | BD25: =IF(OR(ISBLANK($C25),$BB25<>TRUE()),"",IF(ISBLANK(Z25),Constants!$B$28,MAX(0,Z25))) | BE25: =IF(OR(ISBLANK($C25),$BB25<>TRUE()),"",IF(AB25=Constants!$B$7,TRUE(),IF(AB25=Constants!$B$8,FALSE(),TRUE()))) | BF25: =IF(OR(ISBLANK($C25),$BB25<>TRUE()),"",IF(AA25=Constants!$B$7,TRUE(),IF(AA25=Constants!$B$8,FALSE(),TRUE()))) | BG25: =IF(OR(ISBLANK($C25),$BB25<>TRUE()),"",IF(AC25=Constants!$B$33,TRUE(),IF(AC25=Constants!$B$34,FALSE(),IF(AND(ISNUMBER(AG25),OR(ISBLANK(AF25),AF25=0)),TRUE(),IF(AND(ISBLANK(AG25),ISNUMBER(AF25),AF25<>0),FALSE(),""))))) | BH25: =IF(OR(ISBLANK($C25),$BB25<>TRUE()),"",IF(ISBLANK(AD25),Constants!$B$35,MAX(0,MIN(Constants!$B$31,AD25)))) | BI25: =IF(OR(ISBLANK($C25),$BB25<>TRUE()),"",IF(ISBLANK(AE25),Constants!$B$35,MAX(0,MIN(Constants!$B$32,AE25)))) | BJ25: =IF(ISBLANK($C25), "", IF(AH25=Constants!$B$7, TRUE(), IF(AH25=Constants!$B$8, FALSE(), FALSE() ))) | BK25: =IF(ISBLANK($C25),"",IF($BJ25,Constants!$B$9,IF(COUNTA($E25:$AH25)=0,Constants!$B$10,IF(NOT($AK25),Constants!$B$11,IF(AND(NOT(ISNUMBER($BM25)),COUNTA($O25,$X25,$AG25)>0),Constants!$B$13,Constants!$B$12))))) | BL25: =IF(ISBLANK($C25),"",IF($BK25<>Constants!$B$12,$BK25,Constants!$B$4)) | BM25: =IF(OR(ISBLANK($D$8), NOT(ISNUMBER($D$8))), Constants!$B$17,$D$8) -> ERROR: Set Target Time in cell D8 | BN25: =IF(OR($BK25<>Constants!$B$12,$AL25<>TRUE()),"",IF(NOT($AO25),TRUE(),IF($AQ25="","",$AQ25))) | BO25: =IF(BN25="",FALSE(),IF(NOT($AO25),TRUE(),IF($AQ25,ISNUMBER(O25),ISNUMBER(N25)))) -> FALSE | BP25: =IF(BO25,IF($AJ25,1,Constants!$B$22)*POWER(Constants!$B$23,MAX($AM25,0))*POWER(Constants!$B$24,MAX($AN25,0)),"") | BQ25: =IF(OR($BK25<>Constants!$B$12,NOT($BO25)),"",IF(NOT($AO25),0,Constants!$B$19*IF($AQ25,1,MAX(0,MIN(1,(Constants!$B$20-N25)/Constants!$B$20))))) | BR25: =IF(BQ25="","",BQ25*IF($AP25,1,Constants!$B$25)*BP25) | BS25: =IF(OR($BK25<>Constants!$B$12,NOT($BO25)),"",IF(NOT($AO25),0,IF(NOT($AQ25),0,MAX(0,Constants!$B$21*(1-ABS(O25-$BM25)/$BM25))))) | BT25: =IF(BS25="","",BS25*BP25) | BU25: =IF(OR($BK25<>Constants!$B$12,NOT($BO25)),"",IF(OR(NOT($AO25),NOT($AP25)),0,MIN(Constants!$B$18,(Constants!$B$29*$AR25+Constants!$B$30*$AS25)*IF($AQ25,1,MAX(0,MIN(1,(Constants!$B$20-N25)/Constants!$B$20)))))) | BV25: =IF(BU25="","",BU25*BP25) | BW25: =IF(OR($BK25<>Constants!$B$12,NOT($BO25)),"",BR25+BT25+BV25) | BX25: =IF(OR($BK25<>Constants!$B$12,$AT25<>TRUE()),"",IF(NOT($AW25),TRUE(),IF($AY25="","",$AY25))) | BY25: =IF(BX25="",FALSE(),IF(NOT($AW25),TRUE(),IF($AY25,ISNUMBER(X25),ISNUMBER(W25)))) -> FALSE | BZ25: =IF(BY25,IF($AJ25,1,Constants!$B$22)*POWER(Constants!$B$23,MAX($AU25,0))*POWER(Constants!$B$24,MAX($AV25,0)),"") | CA25: =IF(OR($BK25<>Constants!$B$12,NOT($BY25)),"",IF(NOT($AW25),0,Constants!$B$19*IF($AY25,1,MAX(0,MIN(1,(Constants!$B$20-W25)/Constants!$B$20))))) | CB25: =IF(CA25="","",CA25*IF($AX25,1,Constants!$B$25)*BZ25) | CC25: =IF(OR($BK25<>Constants!$B$12,NOT($BY25)),"",IF(NOT($AW25),0,IF(NOT($AY25),0,MAX(0,Constants!$B$21*(1-ABS(X25-$BM25)/$BM25))))) | CD25: =IF(CC25="","",CC25*BZ25) | CE25: =IF(OR($BK25<>Constants!$B$12,NOT($BY25)),"",IF(OR(NOT($AW25),NOT($AX25)),0,MIN(Constants!$B$18,(Constants!$B$29*$AZ25+Constants!$B$30*$BA25)*IF($AY25,1,MAX(0,MIN(1,(Constants!$B$20-W25)/Constants!$B$20)))))) | CF25: =IF(CE25="","",CE25*BZ25) | CG25: =IF(OR($BK25<>Constants!$B$12,NOT($BY25)),"",CB25+CD25+CF25) | CH25: =IF(OR(BN25="",BX25=""),TRUE(),BN25<>BX25) -> TRUE | CI25: =IF(OR($BK25<>Constants!$B$12,$BB25<>TRUE(),NOT($CH25)),"",IF(NOT($BE25),TRUE(),IF($BG25="","",$BG25))) | CJ25: =IF(CI25="",FALSE(),IF(NOT($BE25),TRUE(),IF($BG25,ISNUMBER(AG25),ISNUMBER(AF25)))) -> FALSE | CK25: =IF(CJ25,IF($AJ25,1,Constants!$B$22)*POWER(Constants!$B$23,MAX($BC25,0))*POWER(Constants!$B$24,MAX($BD25,0)),"") | CL25: =IF(OR($BK25<>Constants!$B$12,NOT($CJ25)),"",IF(NOT($BE25),0,Constants!$B$19*IF($BG25,1,MAX(0,MIN(1,(Constants!$B$20-AF25)/Constants!$B$20))))) | CM25: =IF(CL25="","",CL25*IF($BF25,1,Constants!$B$25)*CK25) | CN25: =IF(OR($BK25<>Constants!$B$12,NOT($CJ25)),"",IF(NOT($BE25),0,IF(NOT($BG25),0,MAX(0,Constants!$B$21*(1-ABS(AG25-$BM25)/$BM25))))) | CO25: =IF(CN25="","",CN25*CK25) | CP25: =IF(OR($BK25<>Constants!$B$12,NOT($CJ25)),"",IF(OR(NOT($BE25),NOT($BF25)),0,MIN(Constants!$B$18,(Constants!$B$29*$BH25+Constants!$B$30*$BI25)*IF($BG25,1,MAX(0,MIN(1,(Constants!$B$20-AF25)/Constants!$B$20)))))) | CQ25: =IF(CP25="","",CP25*CK25) | CR25: =IF(OR($BK25<>Constants!$B$12,NOT($CJ25)),"",CM25+CO25+CQ25) | CS25: =IF(OR($BK25<>Constants!$B$12,ISBLANK($C25)),"",BW25) | CT25: =IF(OR($BK25<>Constants!$B$12,ISBLANK($C25)),"",CG25) | CU25: =IF(OR($BK25<>Constants!$B$12,ISBLANK($C25)),"",CR25) | CV25: =IF(OR($BK25<>Constants!$B$12,ISBLANK($C25)),"",IF(COUNT(CS25:CU25)=0,0,MAX(CS25:CU25))) | CW25: =IF($BK25<>Constants!$B$12,"",CV25) | CX25: =IF(ISNUMBER(CW25), RANK(CW25,$CW$11:$CW$510), "") | CY25: =IF(OR($BK25<>Constants!$B$12,ISBLANK($C25)),"",MAX(BT25,CD25,CO25)) | CZ25: =IF(ISNUMBER(CY25), RANK(CY25,CY$11:CY$510), "") | DA25: =IF(OR($BK25<>Constants!$B$12,ISBLANK($C25)),"",MAX(AM25,AU25,IF($CH25,BC25,0))) | DB25: =IF(ISNUMBER(DA25), RANK(DA25,DA$11:DA$510,1), "") | DC25: =IF(OR($BK25<>Constants!$B$12,ISBLANK($C25)),"",MAX(BV25,CF25,CQ25)) | DD25: =IF(ISNUMBER(DC25),RANK(DC25,DC$11:DC$510),"") | DE25: =IFERROR(IF(OR($BK25<>Constants!$B$12, ISBLANK($C25)),"",LARGE(CS25:CU25,2)), 0) | DF25: =IF(ISNUMBER(DE25), RANK(DE25,DE$11:DE$510), "") | DG25: =IF(ISBLANK($C25),"",IF(BK25=Constants!$B$12,RANK($CX25, $CX$11:$CX$510, 1)+ SUMPRODUCT(--($CX$11:$CX$510=$CX25),--($CZ25>$CZ$11:$CZ$510))+ SUMPRODUCT(--($CX$11:$CX$510=$CX25),--($CZ25=$CZ$11:$CZ$510),--($DB25>$DB$11:$DB$510))+ SUMPRODUCT(--($CX$11:$CX$510=$CX25),--($CZ25=$CZ$11:$CZ$510),--($DB25=$DB$11:$DB$510), --($DD25>$DD$11:$DD$510))+ SUMPRODUCT(--($CX$11:$CX$510=$CX25),--($CZ25=$CZ$11:$CZ$510),--($DB25=$DB$11:$DB$510), --($DD25=$DD$11:$DD$510), --($DF25>$DF$11:$DF$510)) ,BK25) ) | DH25: =IF(ISBLANK(C25),"",IF(BK25<>Constants!$B$12, BK25, CX25-DG25)) | DK25: =IF(ISBLANK($C25),"",IF($BK25=Constants!$B$13,$BM25,"")) | DL25: =IF(ISBLANK($C25),"",IF($BK25<>Constants!$B$12,"",IF(COUNT($CS25:$CU25)=0,"",MATCH($CV25,$CS25:$CU25,0)))) | DM25: =IF(ISNUMBER($DL25),CHOOSE($DL25,$BR25,$CB25,$CM25),"") | DN25: =IF(ISNUMBER($DL25),CHOOSE($DL25,$BT25,$CD25,$CO25),"") | DO25: =IF(ISNUMBER($DL25),CHOOSE($DL25,$BV25,$CF25,$CQ25),"") | DP25: =IF(ISBLANK(C25),"",IF(BK25<>Constants!$B$12, BK25 ,CW25)) | DQ25: =IF(ISBLANK($C25),"",IF($BK25<>Constants!$B$12,$BK25,$BL25)) | DR25: =IF(ISBLANK(C25),"",DH25) | DS25: =IF(ISBLANK(C25),"",DG25) | DT25: =IF(ISBLANK(C25), "", IF(DS25=Constants!$B$9,COUNTA($C$11:$C510)+2,IF(DS25=Constants!$B$10,COUNTA($C$11:$C510)+1,IF(DS25=Constants!$B$11,COUNTA($C$11:$C510),DS25)))) | DV25: =IF(OR(ISNUMBER(DS25),DS25="DQ",DS25="P",DS25="NS"), 1, 0 ) -> 0 | DW25: 15 | DX25: =IF(ISBLANK($C25),"",IF(ISNUMBER(DT25),DT25+ROW($B25)/1000,"")) | DY25: =IF(ISNUMBER(DX25), RANK(DX25,DX$11:DX$510,1), "") | DZ25: =IF(ISBLANK($C25), "", $B25 ) | EA25: =IF(ISBLANK($C25), "", $C25 ) | EB25: =IF(ISBLANK($C25), "", $D25 ) | EC25: =IF(ISBLANK($C25),"",$DQ25) | ED25: =DP25 | EE25: =IF(ISBLANK($C25), "", DS25 ) | EF25: =IF(DW25>DV$10, "", VLOOKUP(DW25,DY$11:EE523,7,FALSE()) ) | EG25: =IF(DW25>DV$10, "", VLOOKUP(DW25,DY$11:EE523,2,FALSE()) ) | EH25: =IF(DW25>DV$10, "", VLOOKUP(DW25,DY$11:EE523,3,FALSE()) ) | EI25: =IF(DW25>DV$10, "", VLOOKUP(DW25,DY$11:EE523,4,FALSE()) ) | EJ25: =IF(DW25>DV$10, "", VLOOKUP(DW25,DY$11:EE523,6,FALSE()) )
AJ26: =IF(ISBLANK($C26), "", IF(E26=Constants!$B$7, TRUE(), IF(E26=Constants!$B$8, FALSE(), TRUE() ))) | AK26: =IF(ISBLANK($C26),"",IF(F26=Constants!$B$8,FALSE(),TRUE())) | AL26: =IF(ISBLANK($C26),"",COUNTA($G26:$O26)>0) | AM26: =IF(OR(ISBLANK($C26),$AL26<>TRUE()),"",IF(ISBLANK(G26),Constants!$B$27,MAX(0,G26))) | AN26: =IF(OR(ISBLANK($C26),$AL26<>TRUE()),"",IF(ISBLANK(H26),Constants!$B$28,MAX(0,H26))) | AO26: =IF(OR(ISBLANK($C26),$AL26<>TRUE()),"",IF(J26=Constants!$B$7,TRUE(),IF(J26=Constants!$B$8,FALSE(),TRUE()))) | AP26: =IF(OR(ISBLANK($C26),$AL26<>TRUE()),"",IF(I26=Constants!$B$7,TRUE(),IF(I26=Constants!$B$8,FALSE(),TRUE()))) | AQ26: =IF(OR(ISBLANK($C26),$AL26<>TRUE()),"",IF(K26=Constants!$B$33,TRUE(),IF(K26=Constants!$B$34,FALSE(),IF(AND(ISNUMBER(O26),OR(ISBLANK(N26),N26=0)),TRUE(),IF(AND(ISBLANK(O26),ISNUMBER(N26),N26<>0),FALSE(),""))))) | AR26: =IF(OR(ISBLANK($C26),$AL26<>TRUE()),"",IF(ISBLANK(L26),Constants!$B$35,MAX(0,MIN(Constants!$B$31,L26)))) | AS26: =IF(OR(ISBLANK($C26),$AL26<>TRUE()),"",IF(ISBLANK(M26),Constants!$B$35,MAX(0,MIN(Constants!$B$32,M26)))) | AT26: =IF(ISBLANK($C26),"",COUNTA($P26:$X26)>0) | AU26: =IF(OR(ISBLANK($C26),$AT26<>TRUE()),"",IF(ISBLANK(P26),Constants!$B$27,MAX(0,P26))) | AV26: =IF(OR(ISBLANK($C26),$AT26<>TRUE()),"",IF(ISBLANK(Q26),Constants!$B$28,MAX(0,Q26))) | AW26: =IF(OR(ISBLANK($C26),$AT26<>TRUE()),"",IF(S26=Constants!$B$7,TRUE(),IF(S26=Constants!$B$8,FALSE(),TRUE()))) | AX26: =IF(OR(ISBLANK($C26),$AT26<>TRUE()),"",IF(R26=Constants!$B$7,TRUE(),IF(R26=Constants!$B$8,FALSE(),TRUE()))) | AY26: =IF(OR(ISBLANK($C26),$AT26<>TRUE()),"",IF(T26=Constants!$B$33,TRUE(),IF(T26=Constants!$B$34,FALSE(),IF(AND(ISNUMBER(X26),OR(ISBLANK(W26),W26=0)),TRUE(),IF(AND(ISBLANK(X26),ISNUMBER(W26),W26<>0),FALSE(),""))))) | AZ26: =IF(OR(ISBLANK($C26),$AT26<>TRUE()),"",IF(ISBLANK(U26),Constants!$B$35,MAX(0,MIN(Constants!$B$31,U26)))) | BA26: =IF(OR(ISBLANK($C26),$AT26<>TRUE()),"",IF(ISBLANK(V26),Constants!$B$35,MAX(0,MIN(Constants!$B$32,V26)))) | BB26: =IF(ISBLANK($C26),"",COUNTA($Y26:$AG26)>0) | BC26: =IF(OR(ISBLANK($C26),$BB26<>TRUE()),"",IF(ISBLANK(Y26),Constants!$B$27,MAX(0,Y26))) | BD26: =IF(OR(ISBLANK($C26),$BB26<>TRUE()),"",IF(ISBLANK(Z26),Constants!$B$28,MAX(0,Z26))) | BE26: =IF(OR(ISBLANK($C26),$BB26<>TRUE()),"",IF(AB26=Constants!$B$7,TRUE(),IF(AB26=Constants!$B$8,FALSE(),TRUE()))) | BF26: =IF(OR(ISBLANK($C26),$BB26<>TRUE()),"",IF(AA26=Constants!$B$7,TRUE(),IF(AA26=Constants!$B$8,FALSE(),TRUE()))) | BG26: =IF(OR(ISBLANK($C26),$BB26<>TRUE()),"",IF(AC26=Constants!$B$33,TRUE(),IF(AC26=Constants!$B$34,FALSE(),IF(AND(ISNUMBER(AG26),OR(ISBLANK(AF26),AF26=0)),TRUE(),IF(AND(ISBLANK(AG26),ISNUMBER(AF26),AF26<>0),FALSE(),""))))) | BH26: =IF(OR(ISBLANK($C26),$BB26<>TRUE()),"",IF(ISBLANK(AD26),Constants!$B$35,MAX(0,MIN(Constants!$B$31,AD26)))) | BI26: =IF(OR(ISBLANK($C26),$BB26<>TRUE()),"",IF(ISBLANK(AE26),Constants!$B$35,MAX(0,MIN(Constants!$B$32,AE26)))) | BJ26: =IF(ISBLANK($C26), "", IF(AH26=Constants!$B$7, TRUE(), IF(AH26=Constants!$B$8, FALSE(), FALSE() ))) | BK26: =IF(ISBLANK($C26),"",IF($BJ26,Constants!$B$9,IF(COUNTA($E26:$AH26)=0,Constants!$B$10,IF(NOT($AK26),Constants!$B$11,IF(AND(NOT(ISNUMBER($BM26)),COUNTA($O26,$X26,$AG26)>0),Constants!$B$13,Constants!$B$12))))) | BL26: =IF(ISBLANK($C26),"",IF($BK26<>Constants!$B$12,$BK26,Constants!$B$4)) | BM26: =IF(OR(ISBLANK($D$8), NOT(ISNUMBER($D$8))), Constants!$B$17,$D$8) -> ERROR: Set Target Time in cell D8 | BN26: =IF(OR($BK26<>Constants!$B$12,$AL26<>TRUE()),"",IF(NOT($AO26),TRUE(),IF($AQ26="","",$AQ26))) | BO26: =IF(BN26="",FALSE(),IF(NOT($AO26),TRUE(),IF($AQ26,ISNUMBER(O26),ISNUMBER(N26)))) -> 0 | BP26: =IF(BO26,IF($AJ26,1,Constants!$B$22)*POWER(Constants!$B$23,MAX($AM26,0))*POWER(Constants!$B$24,MAX($AN26,0)),"") | BQ26: =IF(OR($BK26<>Constants!$B$12,NOT($BO26)),"",IF(NOT($AO26),0,Constants!$B$19*IF($AQ26,1,MAX(0,MIN(1,(Constants!$B$20-N26)/Constants!$B$20))))) | BR26: =IF(BQ26="","",BQ26*IF($AP26,1,Constants!$B$25)*BP26) | BS26: =IF(OR($BK26<>Constants!$B$12,NOT($BO26)),"",IF(NOT($AO26),0,IF(NOT($AQ26),0,MAX(0,Constants!$B$21*(1-ABS(O26-$BM26)/$BM26))))) | BT26: =IF(BS26="","",BS26*BP26) | BU26: =IF(OR($BK26<>Constants!$B$12,NOT($BO26)),"",IF(OR(NOT($AO26),NOT($AP26)),0,MIN(Constants!$B$18,(Constants!$B$29*$AR26+Constants!$B$30*$AS26)*IF($AQ26,1,MAX(0,MIN(1,(Constants!$B$20-N26)/Constants!$B$20)))))) | BV26: =IF(BU26="","",BU26*BP26) | BW26: =IF(OR($BK26<>Constants!$B$12,NOT($BO26)),"",BR26+BT26+BV26) | BX26: =IF(OR($BK26<>Constants!$B$12,$AT26<>TRUE()),"",IF(NOT($AW26),TRUE(),IF($AY26="","",$AY26))) | BY26: =IF(BX26="",FALSE(),IF(NOT($AW26),TRUE(),IF($AY26,ISNUMBER(X26),ISNUMBER(W26)))) -> 0 | BZ26: =IF(BY26,IF($AJ26,1,Constants!$B$22)*POWER(Constants!$B$23,MAX($AU26,0))*POWER(Constants!$B$24,MAX($AV26,0)),"") | CA26: =IF(OR($BK26<>Constants!$B$12,NOT($BY26)),"",IF(NOT($AW26),0,Constants!$B$19*IF($AY26,1,MAX(0,MIN(1,(Constants!$B$20-W26)/Constants!$B$20))))) | CB26: =IF(CA26="","",CA26*IF($AX26,1,Constants!$B$25)*BZ26) | CC26: =IF(OR($BK26<>Constants!$B$12,NOT($BY26)),"",IF(NOT($AW26),0,IF(NOT($AY26),0,MAX(0,Constants!$B$21*(1-ABS(X26-$BM26)/$BM26))))) | CD26: =IF(CC26="","",CC26*BZ26) | CE26: =IF(OR($BK26<>Constants!$B$12,NOT($BY26)),"",IF(OR(NOT($AW26),NOT($AX26)),0,MIN(Constants!$B$18,(Constants!$B$29*$AZ26+Constants!$B$30*$BA26)*IF($AY26,1,MAX(0,MIN(1,(Constants!$B$20-W26)/Constants!$B$20)))))) | CF26: =IF(CE26="","",CE26*BZ26) | CG26: =IF(OR($BK26<>Constants!$B$12,NOT($BY26)),"",CB26+CD26+CF26) | CH26: =IF(OR(BN26="",BX26=""),TRUE(),BN26<>BX26) -> 1 | CI26: =IF(OR($BK26<>Constants!$B$12,$BB26<>TRUE(),NOT($CH26)),"",IF(NOT($BE26),TRUE(),IF($BG26="","",$BG26))) | CJ26: =IF(CI26="",FALSE(),IF(NOT($BE26),TRUE(),IF($BG26,ISNUMBER(AG26),ISNUMBER(AF26)))) -> 0 | CK26: =IF(CJ26,IF($AJ26,1,Constants!$B$22)*POWER(Constants!$B$23,MAX($BC26,0))*POWER(Constants!$B$24,MAX($BD26,0)),"") | CL26: =IF(OR($BK26<>Constants!$B$12,NOT($CJ26)),"",IF(NOT($BE26),0,Constants!$B$19*IF($BG26,1,MAX(0,MIN(1,(Constants!$B$20-AF26)/Constants!$B$20))))) | CM26: =IF(CL26="","",CL26*IF($BF26,1,Constants!$B$25)*CK26) | CN26: =IF(OR($BK26<>Constants!$B$12,NOT($CJ26)),"",IF(NOT($BE26),0,IF(NOT($BG26),0,MAX(0,Constants!$B$21*(1-ABS(AG26-$BM26)/$BM26))))) | CO26: =IF(CN26="","",CN26*CK26) | CP26: =IF(OR($BK26<>Constants!$B$12,NOT($CJ26)),"",IF(OR(NOT($BE26),NOT($BF26)),0,MIN(Constants!$B$18,(Constants!$B$29*$BH26+Constants!$B$30*$BI26)*IF($BG26,1,MAX(0,MIN(1,(Constants!$B$20-AF26)/Constants!$B$20)))))) | CQ26: =IF(CP26="","",CP26*CK26) | CR26: =IF(OR($BK26<>Constants!$B$12,NOT($CJ26)),"",CM26+CO26+CQ26) | CS26: =IF(OR($BK26<>Constants!$B$12,ISBLANK($C26)),"",BW26) | CT26: =IF(OR($BK26<>Constants!$B$12,ISBLANK($C26)),"",CG26) | CU26: =IF(OR($BK26<>Constants!$B$12,ISBLANK($C26)),"",CR26) | CV26: =IF(OR($BK26<>Constants!$B$12,ISBLANK($C26)),"",IF(COUNT(CS26:CU26)=0,0,MAX(CS26:CU26))) | CW26: =IF($BK26<>Constants!$B$12,"",CV26) | CX26: =IF(ISNUMBER(CW26), RANK(CW26,$CW$11:$CW$510), "") | CY26: =IF(OR($BK26<>Constants!$B$12,ISBLANK($C26)),"",MAX(BT26,CD26,CO26)) | CZ26: =IF(ISNUMBER(CY26), RANK(CY26,CY$11:CY$510), "") | DA26: =IF(OR($BK26<>Constants!$B$12,ISBLANK($C26)),"",MAX(AM26,AU26,IF($CH26,BC26,0))) | DB26: =IF(ISNUMBER(DA26), RANK(DA26,DA$11:DA$510,1), "") | DC26: =IF(OR($BK26<>Constants!$B$12,ISBLANK($C26)),"",MAX(BV26,CF26,CQ26)) | DD26: =IF(ISNUMBER(DC26),RANK(DC26,DC$11:DC$510),"") | DE26: =IFERROR(IF(OR($BK26<>Constants!$B$12, ISBLANK($C26)),"",LARGE(CS26:CU26,2)), 0) | DF26: =IF(ISNUMBER(DE26), RANK(DE26,DE$11:DE$510), "") | DG26: =IF(ISBLANK($C26),"",IF(BK26=Constants!$B$12,RANK($CX26, $CX$11:$CX$510, 1)+ SUMPRODUCT(--($CX$11:$CX$510=$CX26),--($CZ26>$CZ$11:$CZ$510))+ SUMPRODUCT(--($CX$11:$CX$510=$CX26),--($CZ26=$CZ$11:$CZ$510),--($DB26>$DB$11:$DB$510))+ SUMPRODUCT(--($CX$11:$CX$510=$CX26),--($CZ26=$CZ$11:$CZ$510),--($DB26=$DB$11:$DB$510), --($DD26>$DD$11:$DD$510))+ SUMPRODUCT(--($CX$11:$CX$510=$CX26),--($CZ26=$CZ$11:$CZ$510),--($DB26=$DB$11:$DB$510), --($DD26=$DD$11:$DD$510), --($DF26>$DF$11:$DF$510)) ,BK26) ) | DH26: =IF(ISBLANK(C26),"",IF(BK26<>Constants!$B$12, BK26, CX26-DG26)) | DK26: =IF(ISBLANK($C26),"",IF($BK26=Constants!$B$13,$BM26,"")) | DL26: =IF(ISBLANK($C26),"",IF($BK26<>Constants!$B$12,"",IF(COUNT($CS26:$CU26)=0,"",MATCH($CV26,$CS26:$CU26,0)))) | DM26: =IF(ISNUMBER($DL26),CHOOSE($DL26,$BR26,$CB26,$CM26),"") | DN26: =IF(ISNUMBER($DL26),CHOOSE($DL26,$BT26,$CD26,$CO26),"") | DO26: =IF(ISNUMBER($DL26),CHOOSE($DL26,$BV26,$CF26,$CQ26),"") | DP26: =IF(ISBLANK(C26),"",IF(BK26<>Constants!$B$12, BK26 ,CW26)) | DQ26: =IF(ISBLANK($C26),"",IF($BK26<>Constants!$B$12,$BK26,$BL26)) | DR26: =IF(ISBLANK(C26),"",DH26) | DS26: =IF(ISBLANK(C26),"",DG26) | DT26: =IF(ISBLANK(C26), "", IF(DS26=Constants!$B$9,COUNTA($C$11:$C510)+2,IF(DS26=Constants!$B$10,COUNTA($C$11:$C510)+1,IF(DS26=Constants!$B$11,COUNTA($C$11:$C510),DS26)))) | DV26: =IF(OR(ISNUMBER(DS26),DS26="DQ",DS26="P",DS26="NS"), 1, 0 ) -> 0 | DW26: 16 | DX26: =IF(ISBLANK($C26),"",IF(ISNUMBER(DT26),DT26+ROW($B26)/1000,"")) | DY26: =IF(ISNUMBER(DX26), RANK(DX26,DX$11:DX$510,1), "") | DZ26: =IF(ISBLANK($C26), "", $B26 ) | EA26: =IF(ISBLANK($C26), "", $C26 ) | EB26: =IF(ISBLANK($C26), "", $D26 ) | EC26: =IF(ISBLANK($C26),"",$DQ26) | ED26: =DP26 | EE26: =IF(ISBLANK($C26), "", DS26 ) | EF26: =IF(DW26>DV$10, "", VLOOKUP(DW26,DY$11:EE524,7,FALSE()) ) | EG26: =IF(DW26>DV$10, "", VLOOKUP(DW26,DY$11:EE524,2,FALSE()) ) | EH26: =IF(DW26>DV$10, "", VLOOKUP(DW26,DY$11:EE524,3,FALSE()) ) | EI26: =IF(DW26>DV$10, "", VLOOKUP(DW26,DY$11:EE524,4,FALSE()) ) | EJ26: =IF(DW26>DV$10, "", VLOOKUP(DW26,DY$11:EE524,6,FALSE()) )
AJ27: =IF(ISBLANK($C27), "", IF(E27=Constants!$B$7, TRUE(), IF(E27=Constants!$B$8, FALSE(), TRUE() ))) | AK27: =IF(ISBLANK($C27),"",IF(F27=Constants!$B$8,FALSE(),TRUE())) | AL27: =IF(ISBLANK($C27),"",COUNTA($G27:$O27)>0) | AM27: =IF(OR(ISBLANK($C27),$AL27<>TRUE()),"",IF(ISBLANK(G27),Constants!$B$27,MAX(0,G27))) | AN27: =IF(OR(ISBLANK($C27),$AL27<>TRUE()),"",IF(ISBLANK(H27),Constants!$B$28,MAX(0,H27))) | AO27: =IF(OR(ISBLANK($C27),$AL27<>TRUE()),"",IF(J27=Constants!$B$7,TRUE(),IF(J27=Constants!$B$8,FALSE(),TRUE()))) | AP27: =IF(OR(ISBLANK($C27),$AL27<>TRUE()),"",IF(I27=Constants!$B$7,TRUE(),IF(I27=Constants!$B$8,FALSE(),TRUE()))) | AQ27: =IF(OR(ISBLANK($C27),$AL27<>TRUE()),"",IF(K27=Constants!$B$33,TRUE(),IF(K27=Constants!$B$34,FALSE(),IF(AND(ISNUMBER(O27),OR(ISBLANK(N27),N27=0)),TRUE(),IF(AND(ISBLANK(O27),ISNUMBER(N27),N27<>0),FALSE(),""))))) | AR27: =IF(OR(ISBLANK($C27),$AL27<>TRUE()),"",IF(ISBLANK(L27),Constants!$B$35,MAX(0,MIN(Constants!$B$31,L27)))) | AS27: =IF(OR(ISBLANK($C27),$AL27<>TRUE()),"",IF(ISBLANK(M27),Constants!$B$35,MAX(0,MIN(Constants!$B$32,M27)))) | AT27: =IF(ISBLANK($C27),"",COUNTA($P27:$X27)>0) | AU27: =IF(OR(ISBLANK($C27),$AT27<>TRUE()),"",IF(ISBLANK(P27),Constants!$B$27,MAX(0,P27))) | AV27: =IF(OR(ISBLANK($C27),$AT27<>TRUE()),"",IF(ISBLANK(Q27),Constants!$B$28,MAX(0,Q27))) | AW27: =IF(OR(ISBLANK($C27),$AT27<>TRUE()),"",IF(S27=Constants!$B$7,TRUE(),IF(S27=Constants!$B$8,FALSE(),TRUE()))) | AX27: =IF(OR(ISBLANK($C27),$AT27<>TRUE()),"",IF(R27=Constants!$B$7,TRUE(),IF(R27=Constants!$B$8,FALSE(),TRUE()))) | AY27: =IF(OR(ISBLANK($C27),$AT27<>TRUE()),"",IF(T27=Constants!$B$33,TRUE(),IF(T27=Constants!$B$34,FALSE(),IF(AND(ISNUMBER(X27),OR(ISBLANK(W27),W27=0)),TRUE(),IF(AND(ISBLANK(X27),ISNUMBER(W27),W27<>0),FALSE(),""))))) | AZ27: =IF(OR(ISBLANK($C27),$AT27<>TRUE()),"",IF(ISBLANK(U27),Constants!$B$35,MAX(0,MIN(Constants!$B$31,U27)))) | BA27: =IF(OR(ISBLANK($C27),$AT27<>TRUE()),"",IF(ISBLANK(V27),Constants!$B$35,MAX(0,MIN(Constants!$B$32,V27)))) | BB27: =IF(ISBLANK($C27),"",COUNTA($Y27:$AG27)>0) | BC27: =IF(OR(ISBLANK($C27),$BB27<>TRUE()),"",IF(ISBLANK(Y27),Constants!$B$27,MAX(0,Y27))) | BD27: =IF(OR(ISBLANK($C27),$BB27<>TRUE()),"",IF(ISBLANK(Z27),Constants!$B$28,MAX(0,Z27))) | BE27: =IF(OR(ISBLANK($C27),$BB27<>TRUE()),"",IF(AB27=Constants!$B$7,TRUE(),IF(AB27=Constants!$B$8,FALSE(),TRUE()))) | BF27: =IF(OR(ISBLANK($C27),$BB27<>TRUE()),"",IF(AA27=Constants!$B$7,TRUE(),IF(AA27=Constants!$B$8,FALSE(),TRUE()))) | BG27: =IF(OR(ISBLANK($C27),$BB27<>TRUE()),"",IF(AC27=Constants!$B$33,TRUE(),IF(AC27=Constants!$B$34,FALSE(),IF(AND(ISNUMBER(AG27),OR(ISBLANK(AF27),AF27=0)),TRUE(),IF(AND(ISBLANK(AG27),ISNUMBER(AF27),AF27<>0),FALSE(),""))))) | BH27: =IF(OR(ISBLANK($C27),$BB27<>TRUE()),"",IF(ISBLANK(AD27),Constants!$B$35,MAX(0,MIN(Constants!$B$31,AD27)))) | BI27: =IF(OR(ISBLANK($C27),$BB27<>TRUE()),"",IF(ISBLANK(AE27),Constants!$B$35,MAX(0,MIN(Constants!$B$32,AE27)))) | BJ27: =IF(ISBLANK($C27), "", IF(AH27=Constants!$B$7, TRUE(), IF(AH27=Constants!$B$8, FALSE(), FALSE() ))) | BK27: =IF(ISBLANK($C27),"",IF($BJ27,Constants!$B$9,IF(COUNTA($E27:$AH27)=0,Constants!$B$10,IF(NOT($AK27),Constants!$B$11,IF(AND(NOT(ISNUMBER($BM27)),COUNTA($O27,$X27,$AG27)>0),Constants!$B$13,Constants!$B$12))))) | BL27: =IF(ISBLANK($C27),"",IF($BK27<>Constants!$B$12,$BK27,Constants!$B$4)) | BM27: =IF(OR(ISBLANK($D$8), NOT(ISNUMBER($D$8))), Constants!$B$17,$D$8) -> ERROR: Set Target Time in cell D8 | BN27: =IF(OR($BK27<>Constants!$B$12,$AL27<>TRUE()),"",IF(NOT($AO27),TRUE(),IF($AQ27="","",$AQ27))) | BO27: =IF(BN27="",FALSE(),IF(NOT($AO27),TRUE(),IF($AQ27,ISNUMBER(O27),ISNUMBER(N27)))) -> 0 | BP27: =IF(BO27,IF($AJ27,1,Constants!$B$22)*POWER(Constants!$B$23,MAX($AM27,0))*POWER(Constants!$B$24,MAX($AN27,0)),"") | BQ27: =IF(OR($BK27<>Constants!$B$12,NOT($BO27)),"",IF(NOT($AO27),0,Constants!$B$19*IF($AQ27,1,MAX(0,MIN(1,(Constants!$B$20-N27)/Constants!$B$20))))) | BR27: =IF(BQ27="","",BQ27*IF($AP27,1,Constants!$B$25)*BP27) | BS27: =IF(OR($BK27<>Constants!$B$12,NOT($BO27)),"",IF(NOT($AO27),0,IF(NOT($AQ27),0,MAX(0,Constants!$B$21*(1-ABS(O27-$BM27)/$BM27))))) | BT27: =IF(BS27="","",BS27*BP27) | BU27: =IF(OR($BK27<>Constants!$B$12,NOT($BO27)),"",IF(OR(NOT($AO27),NOT($AP27)),0,MIN(Constants!$B$18,(Constants!$B$29*$AR27+Constants!$B$30*$AS27)*IF($AQ27,1,MAX(0,MIN(1,(Constants!$B$20-N27)/Constants!$B$20)))))) | BV27: =IF(BU27="","",BU27*BP27) | BW27: =IF(OR($BK27<>Constants!$B$12,NOT($BO27)),"",BR27+BT27+BV27) | BX27: =IF(OR($BK27<>Constants!$B$12,$AT27<>TRUE()),"",IF(NOT($AW27),TRUE(),IF($AY27="","",$AY27))) | BY27: =IF(BX27="",FALSE(),IF(NOT($AW27),TRUE(),IF($AY27,ISNUMBER(X27),ISNUMBER(W27)))) -> 0 | BZ27: =IF(BY27,IF($AJ27,1,Constants!$B$22)*POWER(Constants!$B$23,MAX($AU27,0))*POWER(Constants!$B$24,MAX($AV27,0)),"") | CA27: =IF(OR($BK27<>Constants!$B$12,NOT($BY27)),"",IF(NOT($AW27),0,Constants!$B$19*IF($AY27,1,MAX(0,MIN(1,(Constants!$B$20-W27)/Constants!$B$20))))) | CB27: =IF(CA27="","",CA27*IF($AX27,1,Constants!$B$25)*BZ27) | CC27: =IF(OR($BK27<>Constants!$B$12,NOT($BY27)),"",IF(NOT($AW27),0,IF(NOT($AY27),0,MAX(0,Constants!$B$21*(1-ABS(X27-$BM27)/$BM27))))) | CD27: =IF(CC27="","",CC27*BZ27) | CE27: =IF(OR($BK27<>Constants!$B$12,NOT($BY27)),"",IF(OR(NOT($AW27),NOT($AX27)),0,MIN(Constants!$B$18,(Constants!$B$29*$AZ27+Constants!$B$30*$BA27)*IF($AY27,1,MAX(0,MIN(1,(Constants!$B$20-W27)/Constants!$B$20)))))) | CF27: =IF(CE27="","",CE27*BZ27) | CG27: =IF(OR($BK27<>Constants!$B$12,NOT($BY27)),"",CB27+CD27+CF27) | CH27: =IF(OR(BN27="",BX27=""),TRUE(),BN27<>BX27) -> 1 | CI27: =IF(OR($BK27<>Constants!$B$12,$BB27<>TRUE(),NOT($CH27)),"",IF(NOT($BE27),TRUE(),IF($BG27="","",$BG27))) | CJ27: =IF(CI27="",FALSE(),IF(NOT($BE27),TRUE(),IF($BG27,ISNUMBER(AG27),ISNUMBER(AF27)))) -> 0 | CK27: =IF(CJ27,IF($AJ27,1,Constants!$B$22)*POWER(Constants!$B$23,MAX($BC27,0))*POWER(Constants!$B$24,MAX($BD27,0)),"") | CL27: =IF(OR($BK27<>Constants!$B$12,NOT($CJ27)),"",IF(NOT($BE27),0,Constants!$B$19*IF($BG27,1,MAX(0,MIN(1,(Constants!$B$20-AF27)/Constants!$B$20))))) | CM27: =IF(CL27="","",CL27*IF($BF27,1,Constants!$B$25)*CK27) | CN27: =IF(OR($BK27<>Constants!$B$12,NOT($CJ27)),"",IF(NOT($BE27),0,IF(NOT($BG27),0,MAX(0,Constants!$B$21*(1-ABS(AG27-$BM27)/$BM27))))) | CO27: =IF(CN27="","",CN27*CK27) | CP27: =IF(OR($BK27<>Constants!$B$12,NOT($CJ27)),"",IF(OR(NOT($BE27),NOT($BF27)),0,MIN(Constants!$B$18,(Constants!$B$29*$BH27+Constants!$B$30*$BI27)*IF($BG27,1,MAX(0,MIN(1,(Constants!$B$20-AF27)/Constants!$B$20)))))) | CQ27: =IF(CP27="","",CP27*CK27) | CR27: =IF(OR($BK27<>Constants!$B$12,NOT($CJ27)),"",CM27+CO27+CQ27) | CS27: =IF(OR($BK27<>Constants!$B$12,ISBLANK($C27)),"",BW27) | CT27: =IF(OR($BK27<>Constants!$B$12,ISBLANK($C27)),"",CG27) | CU27: =IF(OR($BK27<>Constants!$B$12,ISBLANK($C27)),"",CR27) | CV27: =IF(OR($BK27<>Constants!$B$12,ISBLANK($C27)),"",IF(COUNT(CS27:CU27)=0,0,MAX(CS27:CU27))) | CW27: =IF($BK27<>Constants!$B$12,"",CV27) | CX27: =IF(ISNUMBER(CW27), RANK(CW27,$CW$11:$CW$510), "") | CY27: =IF(OR($BK27<>Constants!$B$12,ISBLANK($C27)),"",MAX(BT27,CD27,CO27)) | CZ27: =IF(ISNUMBER(CY27), RANK(CY27,CY$11:CY$510), "") | DA27: =IF(OR($BK27<>Constants!$B$12,ISBLANK($C27)),"",MAX(AM27,AU27,IF($CH27,BC27,0))) | DB27: =IF(ISNUMBER(DA27), RANK(DA27,DA$11:DA$510,1), "") | DC27: =IF(OR($BK27<>Constants!$B$12,ISBLANK($C27)),"",MAX(BV27,CF27,CQ27)) | DD27: =IF(ISNUMBER(DC27),RANK(DC27,DC$11:DC$510),"") | DE27: =IFERROR(IF(OR($BK27<>Constants!$B$12, ISBLANK($C27)),"",LARGE(CS27:CU27,2)), 0) | DF27: =IF(ISNUMBER(DE27), RANK(DE27,DE$11:DE$510), "") | DG27: =IF(ISBLANK($C27),"",IF(BK27=Constants!$B$12,RANK($CX27, $CX$11:$CX$510, 1)+ SUMPRODUCT(--($CX$11:$CX$510=$CX27),--($CZ27>$CZ$11:$CZ$510))+ SUMPRODUCT(--($CX$11:$CX$510=$CX27),--($CZ27=$CZ$11:$CZ$510),--($DB27>$DB$11:$DB$510))+ SUMPRODUCT(--($CX$11:$CX$510=$CX27),--($CZ27=$CZ$11:$CZ$510),--($DB27=$DB$11:$DB$510), --($DD27>$DD$11:$DD$510))+ SUMPRODUCT(--($CX$11:$CX$510=$CX27),--($CZ27=$CZ$11:$CZ$510),--($DB27=$DB$11:$DB$510), --($DD27=$DD$11:$DD$510), --($DF27>$DF$11:$DF$510)) ,BK27) ) | DH27: =IF(ISBLANK(C27),"",IF(BK27<>Constants!$B$12, BK27, CX27-DG27)) | DK27: =IF(ISBLANK($C27),"",IF($BK27=Constants!$B$13,$BM27,"")) | DL27: =IF(ISBLANK($C27),"",IF($BK27<>Constants!$B$12,"",IF(COUNT($CS27:$CU27)=0,"",MATCH($CV27,$CS27:$CU27,0)))) | DM27: =IF(ISNUMBER($DL27),CHOOSE($DL27,$BR27,$CB27,$CM27),"") | DN27: =IF(ISNUMBER($DL27),CHOOSE($DL27,$BT27,$CD27,$CO27),"") | DO27: =IF(ISNUMBER($DL27),CHOOSE($DL27,$BV27,$CF27,$CQ27),"") | DP27: =IF(ISBLANK(C27),"",IF(BK27<>Constants!$B$12, BK27 ,CW27)) | DQ27: =IF(ISBLANK($C27),"",IF($BK27<>Constants!$B$12,$BK27,$BL27)) | DR27: =IF(ISBLANK(C27),"",DH27) | DS27: =IF(ISBLANK(C27),"",DG27) | DT27: =IF(ISBLANK(C27), "", IF(DS27=Constants!$B$9,COUNTA($C$11:$C510)+2,IF(DS27=Constants!$B$10,COUNTA($C$11:$C510)+1,IF(DS27=Constants!$B$11,COUNTA($C$11:$C510),DS27)))) | DV27: =IF(OR(ISNUMBER(DS27),DS27="DQ",DS27="P",DS27="NS"), 1, 0 ) -> 0 | DW27: 17 | DX27: =IF(ISBLANK($C27),"",IF(ISNUMBER(DT27),DT27+ROW($B27)/1000,"")) | DY27: =IF(ISNUMBER(DX27), RANK(DX27,DX$11:DX$510,1), "") | DZ27: =IF(ISBLANK($C27), "", $B27 ) | EA27: =IF(ISBLANK($C27), "", $C27 ) | EB27: =IF(ISBLANK($C27), "", $D27 ) | EC27: =IF(ISBLANK($C27),"",$DQ27) | ED27: =DP27 | EE27: =IF(ISBLANK($C27), "", DS27 ) | EF27: =IF(DW27>DV$10, "", VLOOKUP(DW27,DY$11:EE525,7,FALSE()) ) | EG27: =IF(DW27>DV$10, "", VLOOKUP(DW27,DY$11:EE525,2,FALSE()) ) | EH27: =IF(DW27>DV$10, "", VLOOKUP(DW27,DY$11:EE525,3,FALSE()) ) | EI27: =IF(DW27>DV$10, "", VLOOKUP(DW27,DY$11:EE525,4,FALSE()) ) | EJ27: =IF(DW27>DV$10, "", VLOOKUP(DW27,DY$11:EE525,6,FALSE()) )
AJ28: =IF(ISBLANK($C28), "", IF(E28=Constants!$B$7, TRUE(), IF(E28=Constants!$B$8, FALSE(), TRUE() ))) | AK28: =IF(ISBLANK($C28),"",IF(F28=Constants!$B$8,FALSE(),TRUE())) | AL28: =IF(ISBLANK($C28),"",COUNTA($G28:$O28)>0) | AM28: =IF(OR(ISBLANK($C28),$AL28<>TRUE()),"",IF(ISBLANK(G28),Constants!$B$27,MAX(0,G28))) | AN28: =IF(OR(ISBLANK($C28),$AL28<>TRUE()),"",IF(ISBLANK(H28),Constants!$B$28,MAX(0,H28))) | AO28: =IF(OR(ISBLANK($C28),$AL28<>TRUE()),"",IF(J28=Constants!$B$7,TRUE(),IF(J28=Constants!$B$8,FALSE(),TRUE()))) | AP28: =IF(OR(ISBLANK($C28),$AL28<>TRUE()),"",IF(I28=Constants!$B$7,TRUE(),IF(I28=Constants!$B$8,FALSE(),TRUE()))) | AQ28: =IF(OR(ISBLANK($C28),$AL28<>TRUE()),"",IF(K28=Constants!$B$33,TRUE(),IF(K28=Constants!$B$34,FALSE(),IF(AND(ISNUMBER(O28),OR(ISBLANK(N28),N28=0)),TRUE(),IF(AND(ISBLANK(O28),ISNUMBER(N28),N28<>0),FALSE(),""))))) | AR28: =IF(OR(ISBLANK($C28),$AL28<>TRUE()),"",IF(ISBLANK(L28),Constants!$B$35,MAX(0,MIN(Constants!$B$31,L28)))) | AS28: =IF(OR(ISBLANK($C28),$AL28<>TRUE()),"",IF(ISBLANK(M28),Constants!$B$35,MAX(0,MIN(Constants!$B$32,M28)))) | AT28: =IF(ISBLANK($C28),"",COUNTA($P28:$X28)>0) | AU28: =IF(OR(ISBLANK($C28),$AT28<>TRUE()),"",IF(ISBLANK(P28),Constants!$B$27,MAX(0,P28))) | AV28: =IF(OR(ISBLANK($C28),$AT28<>TRUE()),"",IF(ISBLANK(Q28),Constants!$B$28,MAX(0,Q28))) | AW28: =IF(OR(ISBLANK($C28),$AT28<>TRUE()),"",IF(S28=Constants!$B$7,TRUE(),IF(S28=Constants!$B$8,FALSE(),TRUE()))) | AX28: =IF(OR(ISBLANK($C28),$AT28<>TRUE()),"",IF(R28=Constants!$B$7,TRUE(),IF(R28=Constants!$B$8,FALSE(),TRUE()))) | AY28: =IF(OR(ISBLANK($C28),$AT28<>TRUE()),"",IF(T28=Constants!$B$33,TRUE(),IF(T28=Constants!$B$34,FALSE(),IF(AND(ISNUMBER(X28),OR(ISBLANK(W28),W28=0)),TRUE(),IF(AND(ISBLANK(X28),ISNUMBER(W28),W28<>0),FALSE(),""))))) | AZ28: =IF(OR(ISBLANK($C28),$AT28<>TRUE()),"",IF(ISBLANK(U28),Constants!$B$35,MAX(0,MIN(Constants!$B$31,U28)))) | BA28: =IF(OR(ISBLANK($C28),$AT28<>TRUE()),"",IF(ISBLANK(V28),Constants!$B$35,MAX(0,MIN(Constants!$B$32,V28)))) | BB28: =IF(ISBLANK($C28),"",COUNTA($Y28:$AG28)>0) | BC28: =IF(OR(ISBLANK($C28),$BB28<>TRUE()),"",IF(ISBLANK(Y28),Constants!$B$27,MAX(0,Y28))) | BD28: =IF(OR(ISBLANK($C28),$BB28<>TRUE()),"",IF(ISBLANK(Z28),Constants!$B$28,MAX(0,Z28))) | BE28: =IF(OR(ISBLANK($C28),$BB28<>TRUE()),"",IF(AB28=Constants!$B$7,TRUE(),IF(AB28=Constants!$B$8,FALSE(),TRUE()))) | BF28: =IF(OR(ISBLANK($C28),$BB28<>TRUE()),"",IF(AA28=Constants!$B$7,TRUE(),IF(AA28=Constants!$B$8,FALSE(),TRUE()))) | BG28: =IF(OR(ISBLANK($C28),$BB28<>TRUE()),"",IF(AC28=Constants!$B$33,TRUE(),IF(AC28=Constants!$B$34,FALSE(),IF(AND(ISNUMBER(AG28),OR(ISBLANK(AF28),AF28=0)),TRUE(),IF(AND(ISBLANK(AG28),ISNUMBER(AF28),AF28<>0),FALSE(),""))))) | BH28: =IF(OR(ISBLANK($C28),$BB28<>TRUE()),"",IF(ISBLANK(AD28),Constants!$B$35,MAX(0,MIN(Constants!$B$31,AD28)))) | BI28: =IF(OR(ISBLANK($C28),$BB28<>TRUE()),"",IF(ISBLANK(AE28),Constants!$B$35,MAX(0,MIN(Constants!$B$32,AE28)))) | BJ28: =IF(ISBLANK($C28), "", IF(AH28=Constants!$B$7, TRUE(), IF(AH28=Constants!$B$8, FALSE(), FALSE() ))) | BK28: =IF(ISBLANK($C28),"",IF($BJ28,Constants!$B$9,IF(COUNTA($E28:$AH28)=0,Constants!$B$10,IF(NOT($AK28),Constants!$B$11,IF(AND(NOT(ISNUMBER($BM28)),COUNTA($O28,$X28,$AG28)>0),Constants!$B$13,Constants!$B$12))))) | BL28: =IF(ISBLANK($C28),"",IF($BK28<>Constants!$B$12,$BK28,Constants!$B$4)) | BM28: =IF(OR(ISBLANK($D$8), NOT(ISNUMBER($D$8))), Constants!$B$17,$D$8) -> ERROR: Set Target Time in cell D8 | BN28: =IF(OR($BK28<>Constants!$B$12,$AL28<>TRUE()),"",IF(NOT($AO28),TRUE(),IF($AQ28="","",$AQ28))) | BO28: =IF(BN28="",FALSE(),IF(NOT($AO28),TRUE(),IF($AQ28,ISNUMBER(O28),ISNUMBER(N28)))) -> 0 | BP28: =IF(BO28,IF($AJ28,1,Constants!$B$22)*POWER(Constants!$B$23,MAX($AM28,0))*POWER(Constants!$B$24,MAX($AN28,0)),"") | BQ28: =IF(OR($BK28<>Constants!$B$12,NOT($BO28)),"",IF(NOT($AO28),0,Constants!$B$19*IF($AQ28,1,MAX(0,MIN(1,(Constants!$B$20-N28)/Constants!$B$20))))) | BR28: =IF(BQ28="","",BQ28*IF($AP28,1,Constants!$B$25)*BP28) | BS28: =IF(OR($BK28<>Constants!$B$12,NOT($BO28)),"",IF(NOT($AO28),0,IF(NOT($AQ28),0,MAX(0,Constants!$B$21*(1-ABS(O28-$BM28)/$BM28))))) | BT28: =IF(BS28="","",BS28*BP28) | BU28: =IF(OR($BK28<>Constants!$B$12,NOT($BO28)),"",IF(OR(NOT($AO28),NOT($AP28)),0,MIN(Constants!$B$18,(Constants!$B$29*$AR28+Constants!$B$30*$AS28)*IF($AQ28,1,MAX(0,MIN(1,(Constants!$B$20-N28)/Constants!$B$20)))))) | BV28: =IF(BU28="","",BU28*BP28) | BW28: =IF(OR($BK28<>Constants!$B$12,NOT($BO28)),"",BR28+BT28+BV28) | BX28: =IF(OR($BK28<>Constants!$B$12,$AT28<>TRUE()),"",IF(NOT($AW28),TRUE(),IF($AY28="","",$AY28))) | BY28: =IF(BX28="",FALSE(),IF(NOT($AW28),TRUE(),IF($AY28,ISNUMBER(X28),ISNUMBER(W28)))) -> 0 | BZ28: =IF(BY28,IF($AJ28,1,Constants!$B$22)*POWER(Constants!$B$23,MAX($AU28,0))*POWER(Constants!$B$24,MAX($AV28,0)),"") | CA28: =IF(OR($BK28<>Constants!$B$12,NOT($BY28)),"",IF(NOT($AW28),0,Constants!$B$19*IF($AY28,1,MAX(0,MIN(1,(Constants!$B$20-W28)/Constants!$B$20))))) | CB28: =IF(CA28="","",CA28*IF($AX28,1,Constants!$B$25)*BZ28) | CC28: =IF(OR($BK28<>Constants!$B$12,NOT($BY28)),"",IF(NOT($AW28),0,IF(NOT($AY28),0,MAX(0,Constants!$B$21*(1-ABS(X28-$BM28)/$BM28))))) | CD28: =IF(CC28="","",CC28*BZ28) | CE28: =IF(OR($BK28<>Constants!$B$12,NOT($BY28)),"",IF(OR(NOT($AW28),NOT($AX28)),0,MIN(Constants!$B$18,(Constants!$B$29*$AZ28+Constants!$B$30*$BA28)*IF($AY28,1,MAX(0,MIN(1,(Constants!$B$20-W28)/Constants!$B$20)))))) | CF28: =IF(CE28="","",CE28*BZ28) | CG28: =IF(OR($BK28<>Constants!$B$12,NOT($BY28)),"",CB28+CD28+CF28) | CH28: =IF(OR(BN28="",BX28=""),TRUE(),BN28<>BX28) -> 1 | CI28: =IF(OR($BK28<>Constants!$B$12,$BB28<>TRUE(),NOT($CH28)),"",IF(NOT($BE28),TRUE(),IF($BG28="","",$BG28))) | CJ28: =IF(CI28="",FALSE(),IF(NOT($BE28),TRUE(),IF($BG28,ISNUMBER(AG28),ISNUMBER(AF28)))) -> 0 | CK28: =IF(CJ28,IF($AJ28,1,Constants!$B$22)*POWER(Constants!$B$23,MAX($BC28,0))*POWER(Constants!$B$24,MAX($BD28,0)),"") | CL28: =IF(OR($BK28<>Constants!$B$12,NOT($CJ28)),"",IF(NOT($BE28),0,Constants!$B$19*IF($BG28,1,MAX(0,MIN(1,(Constants!$B$20-AF28)/Constants!$B$20))))) | CM28: =IF(CL28="","",CL28*IF($BF28,1,Constants!$B$25)*CK28) | CN28: =IF(OR($BK28<>Constants!$B$12,NOT($CJ28)),"",IF(NOT($BE28),0,IF(NOT($BG28),0,MAX(0,Constants!$B$21*(1-ABS(AG28-$BM28)/$BM28))))) | CO28: =IF(CN28="","",CN28*CK28) | CP28: =IF(OR($BK28<>Constants!$B$12,NOT($CJ28)),"",IF(OR(NOT($BE28),NOT($BF28)),0,MIN(Constants!$B$18,(Constants!$B$29*$BH28+Constants!$B$30*$BI28)*IF($BG28,1,MAX(0,MIN(1,(Constants!$B$20-AF28)/Constants!$B$20)))))) | CQ28: =IF(CP28="","",CP28*CK28) | CR28: =IF(OR($BK28<>Constants!$B$12,NOT($CJ28)),"",CM28+CO28+CQ28) | CS28: =IF(OR($BK28<>Constants!$B$12,ISBLANK($C28)),"",BW28) | CT28: =IF(OR($BK28<>Constants!$B$12,ISBLANK($C28)),"",CG28) | CU28: =IF(OR($BK28<>Constants!$B$12,ISBLANK($C28)),"",CR28) | CV28: =IF(OR($BK28<>Constants!$B$12,ISBLANK($C28)),"",IF(COUNT(CS28:CU28)=0,0,MAX(CS28:CU28))) | CW28: =IF($BK28<>Constants!$B$12,"",CV28) | CX28: =IF(ISNUMBER(CW28), RANK(CW28,$CW$11:$CW$510), "") | CY28: =IF(OR($BK28<>Constants!$B$12,ISBLANK($C28)),"",MAX(BT28,CD28,CO28)) | CZ28: =IF(ISNUMBER(CY28), RANK(CY28,CY$11:CY$510), "") | DA28: =IF(OR($BK28<>Constants!$B$12,ISBLANK($C28)),"",MAX(AM28,AU28,IF($CH28,BC28,0))) | DB28: =IF(ISNUMBER(DA28), RANK(DA28,DA$11:DA$510,1), "") | DC28: =IF(OR($BK28<>Constants!$B$12,ISBLANK($C28)),"",MAX(BV28,CF28,CQ28)) | DD28: =IF(ISNUMBER(DC28),RANK(DC28,DC$11:DC$510),"") | DE28: =IFERROR(IF(OR($BK28<>Constants!$B$12, ISBLANK($C28)),"",LARGE(CS28:CU28,2)), 0) | DF28: =IF(ISNUMBER(DE28), RANK(DE28,DE$11:DE$510), "") | DG28: =IF(ISBLANK($C28),"",IF(BK28=Constants!$B$12,RANK($CX28, $CX$11:$CX$510, 1)+ SUMPRODUCT(--($CX$11:$CX$510=$CX28),--($CZ28>$CZ$11:$CZ$510))+ SUMPRODUCT(--($CX$11:$CX$510=$CX28),--($CZ28=$CZ$11:$CZ$510),--($DB28>$DB$11:$DB$510))+ SUMPRODUCT(--($CX$11:$CX$510=$CX28),--($CZ28=$CZ$11:$CZ$510),--($DB28=$DB$11:$DB$510), --($DD28>$DD$11:$DD$510))+ SUMPRODUCT(--($CX$11:$CX$510=$CX28),--($CZ28=$CZ$11:$CZ$510),--($DB28=$DB$11:$DB$510), --($DD28=$DD$11:$DD$510), --($DF28>$DF$11:$DF$510)) ,BK28) ) | DH28: =IF(ISBLANK(C28),"",IF(BK28<>Constants!$B$12, BK28, CX28-DG28)) | DK28: =IF(ISBLANK($C28),"",IF($BK28=Constants!$B$13,$BM28,"")) | DL28: =IF(ISBLANK($C28),"",IF($BK28<>Constants!$B$12,"",IF(COUNT($CS28:$CU28)=0,"",MATCH($CV28,$CS28:$CU28,0)))) | DM28: =IF(ISNUMBER($DL28),CHOOSE($DL28,$BR28,$CB28,$CM28),"") | DN28: =IF(ISNUMBER($DL28),CHOOSE($DL28,$BT28,$CD28,$CO28),"") | DO28: =IF(ISNUMBER($DL28),CHOOSE($DL28,$BV28,$CF28,$CQ28),"") | DP28: =IF(ISBLANK(C28),"",IF(BK28<>Constants!$B$12, BK28 ,CW28)) | DQ28: =IF(ISBLANK($C28),"",IF($BK28<>Constants!$B$12,$BK28,$BL28)) | DR28: =IF(ISBLANK(C28),"",DH28) | DS28: =IF(ISBLANK(C28),"",DG28) | DT28: =IF(ISBLANK(C28), "", IF(DS28=Constants!$B$9,COUNTA($C$11:$C510)+2,IF(DS28=Constants!$B$10,COUNTA($C$11:$C510)+1,IF(DS28=Constants!$B$11,COUNTA($C$11:$C510),DS28)))) | DV28: =IF(OR(ISNUMBER(DS28),DS28="DQ",DS28="P",DS28="NS"), 1, 0 ) -> 0 | DW28: 18 | DX28: =IF(ISBLANK($C28),"",IF(ISNUMBER(DT28),DT28+ROW($B28)/1000,"")) | DY28: =IF(ISNUMBER(DX28), RANK(DX28,DX$11:DX$510,1), "") | DZ28: =IF(ISBLANK($C28), "", $B28 ) | EA28: =IF(ISBLANK($C28), "", $C28 ) | EB28: =IF(ISBLANK($C28), "", $D28 ) | EC28: =IF(ISBLANK($C28),"",$DQ28) | ED28: =DP28 | EE28: =IF(ISBLANK($C28), "", DS28 ) | EF28: =IF(DW28>DV$10, "", VLOOKUP(DW28,DY$11:EE526,7,FALSE()) ) | EG28: =IF(DW28>DV$10, "", VLOOKUP(DW28,DY$11:EE526,2,FALSE()) ) | EH28: =IF(DW28>DV$10, "", VLOOKUP(DW28,DY$11:EE526,3,FALSE()) ) | EI28: =IF(DW28>DV$10, "", VLOOKUP(DW28,DY$11:EE526,4,FALSE()) ) | EJ28: =IF(DW28>DV$10, "", VLOOKUP(DW28,DY$11:EE526,6,FALSE()) )
AJ29: =IF(ISBLANK($C29), "", IF(E29=Constants!$B$7, TRUE(), IF(E29=Constants!$B$8, FALSE(), TRUE() ))) | AK29: =IF(ISBLANK($C29),"",IF(F29=Constants!$B$8,FALSE(),TRUE())) | AL29: =IF(ISBLANK($C29),"",COUNTA($G29:$O29)>0) | AM29: =IF(OR(ISBLANK($C29),$AL29<>TRUE()),"",IF(ISBLANK(G29),Constants!$B$27,MAX(0,G29))) | AN29: =IF(OR(ISBLANK($C29),$AL29<>TRUE()),"",IF(ISBLANK(H29),Constants!$B$28,MAX(0,H29))) | AO29: =IF(OR(ISBLANK($C29),$AL29<>TRUE()),"",IF(J29=Constants!$B$7,TRUE(),IF(J29=Constants!$B$8,FALSE(),TRUE()))) | AP29: =IF(OR(ISBLANK($C29),$AL29<>TRUE()),"",IF(I29=Constants!$B$7,TRUE(),IF(I29=Constants!$B$8,FALSE(),TRUE()))) | AQ29: =IF(OR(ISBLANK($C29),$AL29<>TRUE()),"",IF(K29=Constants!$B$33,TRUE(),IF(K29=Constants!$B$34,FALSE(),IF(AND(ISNUMBER(O29),OR(ISBLANK(N29),N29=0)),TRUE(),IF(AND(ISBLANK(O29),ISNUMBER(N29),N29<>0),FALSE(),""))))) | AR29: =IF(OR(ISBLANK($C29),$AL29<>TRUE()),"",IF(ISBLANK(L29),Constants!$B$35,MAX(0,MIN(Constants!$B$31,L29)))) | AS29: =IF(OR(ISBLANK($C29),$AL29<>TRUE()),"",IF(ISBLANK(M29),Constants!$B$35,MAX(0,MIN(Constants!$B$32,M29)))) | AT29: =IF(ISBLANK($C29),"",COUNTA($P29:$X29)>0) | AU29: =IF(OR(ISBLANK($C29),$AT29<>TRUE()),"",IF(ISBLANK(P29),Constants!$B$27,MAX(0,P29))) | AV29: =IF(OR(ISBLANK($C29),$AT29<>TRUE()),"",IF(ISBLANK(Q29),Constants!$B$28,MAX(0,Q29))) | AW29: =IF(OR(ISBLANK($C29),$AT29<>TRUE()),"",IF(S29=Constants!$B$7,TRUE(),IF(S29=Constants!$B$8,FALSE(),TRUE()))) | AX29: =IF(OR(ISBLANK($C29),$AT29<>TRUE()),"",IF(R29=Constants!$B$7,TRUE(),IF(R29=Constants!$B$8,FALSE(),TRUE()))) | AY29: =IF(OR(ISBLANK($C29),$AT29<>TRUE()),"",IF(T29=Constants!$B$33,TRUE(),IF(T29=Constants!$B$34,FALSE(),IF(AND(ISNUMBER(X29),OR(ISBLANK(W29),W29=0)),TRUE(),IF(AND(ISBLANK(X29),ISNUMBER(W29),W29<>0),FALSE(),""))))) | AZ29: =IF(OR(ISBLANK($C29),$AT29<>TRUE()),"",IF(ISBLANK(U29),Constants!$B$35,MAX(0,MIN(Constants!$B$31,U29)))) | BA29: =IF(OR(ISBLANK($C29),$AT29<>TRUE()),"",IF(ISBLANK(V29),Constants!$B$35,MAX(0,MIN(Constants!$B$32,V29)))) | BB29: =IF(ISBLANK($C29),"",COUNTA($Y29:$AG29)>0) | BC29: =IF(OR(ISBLANK($C29),$BB29<>TRUE()),"",IF(ISBLANK(Y29),Constants!$B$27,MAX(0,Y29))) | BD29: =IF(OR(ISBLANK($C29),$BB29<>TRUE()),"",IF(ISBLANK(Z29),Constants!$B$28,MAX(0,Z29))) | BE29: =IF(OR(ISBLANK($C29),$BB29<>TRUE()),"",IF(AB29=Constants!$B$7,TRUE(),IF(AB29=Constants!$B$8,FALSE(),TRUE()))) | BF29: =IF(OR(ISBLANK($C29),$BB29<>TRUE()),"",IF(AA29=Constants!$B$7,TRUE(),IF(AA29=Constants!$B$8,FALSE(),TRUE()))) | BG29: =IF(OR(ISBLANK($C29),$BB29<>TRUE()),"",IF(AC29=Constants!$B$33,TRUE(),IF(AC29=Constants!$B$34,FALSE(),IF(AND(ISNUMBER(AG29),OR(ISBLANK(AF29),AF29=0)),TRUE(),IF(AND(ISBLANK(AG29),ISNUMBER(AF29),AF29<>0),FALSE(),""))))) | BH29: =IF(OR(ISBLANK($C29),$BB29<>TRUE()),"",IF(ISBLANK(AD29),Constants!$B$35,MAX(0,MIN(Constants!$B$31,AD29)))) | BI29: =IF(OR(ISBLANK($C29),$BB29<>TRUE()),"",IF(ISBLANK(AE29),Constants!$B$35,MAX(0,MIN(Constants!$B$32,AE29)))) | BJ29: =IF(ISBLANK($C29), "", IF(AH29=Constants!$B$7, TRUE(), IF(AH29=Constants!$B$8, FALSE(), FALSE() ))) | BK29: =IF(ISBLANK($C29),"",IF($BJ29,Constants!$B$9,IF(COUNTA($E29:$AH29)=0,Constants!$B$10,IF(NOT($AK29),Constants!$B$11,IF(AND(NOT(ISNUMBER($BM29)),COUNTA($O29,$X29,$AG29)>0),Constants!$B$13,Constants!$B$12))))) | BL29: =IF(ISBLANK($C29),"",IF($BK29<>Constants!$B$12,$BK29,Constants!$B$4)) | BM29: =IF(OR(ISBLANK($D$8), NOT(ISNUMBER($D$8))), Constants!$B$17,$D$8) -> ERROR: Set Target Time in cell D8 | BN29: =IF(OR($BK29<>Constants!$B$12,$AL29<>TRUE()),"",IF(NOT($AO29),TRUE(),IF($AQ29="","",$AQ29))) | BO29: =IF(BN29="",FALSE(),IF(NOT($AO29),TRUE(),IF($AQ29,ISNUMBER(O29),ISNUMBER(N29)))) -> FALSE | BP29: =IF(BO29,IF($AJ29,1,Constants!$B$22)*POWER(Constants!$B$23,MAX($AM29,0))*POWER(Constants!$B$24,MAX($AN29,0)),"") | BQ29: =IF(OR($BK29<>Constants!$B$12,NOT($BO29)),"",IF(NOT($AO29),0,Constants!$B$19*IF($AQ29,1,MAX(0,MIN(1,(Constants!$B$20-N29)/Constants!$B$20))))) | BR29: =IF(BQ29="","",BQ29*IF($AP29,1,Constants!$B$25)*BP29) | BS29: =IF(OR($BK29<>Constants!$B$12,NOT($BO29)),"",IF(NOT($AO29),0,IF(NOT($AQ29),0,MAX(0,Constants!$B$21*(1-ABS(O29-$BM29)/$BM29))))) | BT29: =IF(BS29="","",BS29*BP29) | BU29: =IF(OR($BK29<>Constants!$B$12,NOT($BO29)),"",IF(OR(NOT($AO29),NOT($AP29)),0,MIN(Constants!$B$18,(Constants!$B$29*$AR29+Constants!$B$30*$AS29)*IF($AQ29,1,MAX(0,MIN(1,(Constants!$B$20-N29)/Constants!$B$20)))))) | BV29: =IF(BU29="","",BU29*BP29) | BW29: =IF(OR($BK29<>Constants!$B$12,NOT($BO29)),"",BR29+BT29+BV29) | BX29: =IF(OR($BK29<>Constants!$B$12,$AT29<>TRUE()),"",IF(NOT($AW29),TRUE(),IF($AY29="","",$AY29))) | BY29: =IF(BX29="",FALSE(),IF(NOT($AW29),TRUE(),IF($AY29,ISNUMBER(X29),ISNUMBER(W29)))) -> FALSE | BZ29: =IF(BY29,IF($AJ29,1,Constants!$B$22)*POWER(Constants!$B$23,MAX($AU29,0))*POWER(Constants!$B$24,MAX($AV29,0)),"") | CA29: =IF(OR($BK29<>Constants!$B$12,NOT($BY29)),"",IF(NOT($AW29),0,Constants!$B$19*IF($AY29,1,MAX(0,MIN(1,(Constants!$B$20-W29)/Constants!$B$20))))) | CB29: =IF(CA29="","",CA29*IF($AX29,1,Constants!$B$25)*BZ29) | CC29: =IF(OR($BK29<>Constants!$B$12,NOT($BY29)),"",IF(NOT($AW29),0,IF(NOT($AY29),0,MAX(0,Constants!$B$21*(1-ABS(X29-$BM29)/$BM29))))) | CD29: =IF(CC29="","",CC29*BZ29) | CE29: =IF(OR($BK29<>Constants!$B$12,NOT($BY29)),"",IF(OR(NOT($AW29),NOT($AX29)),0,MIN(Constants!$B$18,(Constants!$B$29*$AZ29+Constants!$B$30*$BA29)*IF($AY29,1,MAX(0,MIN(1,(Constants!$B$20-W29)/Constants!$B$20)))))) | CF29: =IF(CE29="","",CE29*BZ29) | CG29: =IF(OR($BK29<>Constants!$B$12,NOT($BY29)),"",CB29+CD29+CF29) | CH29: =IF(OR(BN29="",BX29=""),TRUE(),BN29<>BX29) -> TRUE | CI29: =IF(OR($BK29<>Constants!$B$12,$BB29<>TRUE(),NOT($CH29)),"",IF(NOT($BE29),TRUE(),IF($BG29="","",$BG29))) | CJ29: =IF(CI29="",FALSE(),IF(NOT($BE29),TRUE(),IF($BG29,ISNUMBER(AG29),ISNUMBER(AF29)))) -> FALSE | CK29: =IF(CJ29,IF($AJ29,1,Constants!$B$22)*POWER(Constants!$B$23,MAX($BC29,0))*POWER(Constants!$B$24,MAX($BD29,0)),"") | CL29: =IF(OR($BK29<>Constants!$B$12,NOT($CJ29)),"",IF(NOT($BE29),0,Constants!$B$19*IF($BG29,1,MAX(0,MIN(1,(Constants!$B$20-AF29)/Constants!$B$20))))) | CM29: =IF(CL29="","",CL29*IF($BF29,1,Constants!$B$25)*CK29) | CN29: =IF(OR($BK29<>Constants!$B$12,NOT($CJ29)),"",IF(NOT($BE29),0,IF(NOT($BG29),0,MAX(0,Constants!$B$21*(1-ABS(AG29-$BM29)/$BM29))))) | CO29: =IF(CN29="","",CN29*CK29) | CP29: =IF(OR($BK29<>Constants!$B$12,NOT($CJ29)),"",IF(OR(NOT($BE29),NOT($BF29)),0,MIN(Constants!$B$18,(Constants!$B$29*$BH29+Constants!$B$30*$BI29)*IF($BG29,1,MAX(0,MIN(1,(Constants!$B$20-AF29)/Constants!$B$20)))))) | CQ29: =IF(CP29="","",CP29*CK29) | CR29: =IF(OR($BK29<>Constants!$B$12,NOT($CJ29)),"",CM29+CO29+CQ29) | CS29: =IF(OR($BK29<>Constants!$B$12,ISBLANK($C29)),"",BW29) | CT29: =IF(OR($BK29<>Constants!$B$12,ISBLANK($C29)),"",CG29) | CU29: =IF(OR($BK29<>Constants!$B$12,ISBLANK($C29)),"",CR29) | CV29: =IF(OR($BK29<>Constants!$B$12,ISBLANK($C29)),"",IF(COUNT(CS29:CU29)=0,0,MAX(CS29:CU29))) | CW29: =IF($BK29<>Constants!$B$12,"",CV29) | CX29: =IF(ISNUMBER(CW29), RANK(CW29,$CW$11:$CW$510), "") | CY29: =IF(OR($BK29<>Constants!$B$12,ISBLANK($C29)),"",MAX(BT29,CD29,CO29)) | CZ29: =IF(ISNUMBER(CY29), RANK(CY29,CY$11:CY$510), "") | DA29: =IF(OR($BK29<>Constants!$B$12,ISBLANK($C29)),"",MAX(AM29,AU29,IF($CH29,BC29,0))) | DB29: =IF(ISNUMBER(DA29), RANK(DA29,DA$11:DA$510,1), "") | DC29: =IF(OR($BK29<>Constants!$B$12,ISBLANK($C29)),"",MAX(BV29,CF29,CQ29)) | DD29: =IF(ISNUMBER(DC29),RANK(DC29,DC$11:DC$510),"") | DE29: =IFERROR(IF(OR($BK29<>Constants!$B$12, ISBLANK($C29)),"",LARGE(CS29:CU29,2)), 0) | DF29: =IF(ISNUMBER(DE29), RANK(DE29,DE$11:DE$510), "") | DG29: =IF(ISBLANK($C29),"",IF(BK29=Constants!$B$12,RANK($CX29, $CX$11:$CX$510, 1)+ SUMPRODUCT(--($CX$11:$CX$510=$CX29),--($CZ29>$CZ$11:$CZ$510))+ SUMPRODUCT(--($CX$11:$CX$510=$CX29),--($CZ29=$CZ$11:$CZ$510),--($DB29>$DB$11:$DB$510))+ SUMPRODUCT(--($CX$11:$CX$510=$CX29),--($CZ29=$CZ$11:$CZ$510),--($DB29=$DB$11:$DB$510), --($DD29>$DD$11:$DD$510))+ SUMPRODUCT(--($CX$11:$CX$510=$CX29),--($CZ29=$CZ$11:$CZ$510),--($DB29=$DB$11:$DB$510), --($DD29=$DD$11:$DD$510), --($DF29>$DF$11:$DF$510)) ,BK29) ) | DH29: =IF(ISBLANK(C29),"",IF(BK29<>Constants!$B$12, BK29, CX29-DG29)) | DK29: =IF(ISBLANK($C29),"",IF($BK29=Constants!$B$13,$BM29,"")) | DL29: =IF(ISBLANK($C29),"",IF($BK29<>Constants!$B$12,"",IF(COUNT($CS29:$CU29)=0,"",MATCH($CV29,$CS29:$CU29,0)))) | DM29: =IF(ISNUMBER($DL29),CHOOSE($DL29,$BR29,$CB29,$CM29),"") | DN29: =IF(ISNUMBER($DL29),CHOOSE($DL29,$BT29,$CD29,$CO29),"") | DO29: =IF(ISNUMBER($DL29),CHOOSE($DL29,$BV29,$CF29,$CQ29),"") | DP29: =IF(ISBLANK(C29),"",IF(BK29<>Constants!$B$12, BK29 ,CW29)) | DQ29: =IF(ISBLANK($C29),"",IF($BK29<>Constants!$B$12,$BK29,$BL29)) | DR29: =IF(ISBLANK(C29),"",DH29) | DS29: =IF(ISBLANK(C29),"",DG29) | DT29: =IF(ISBLANK(C29), "", IF(DS29=Constants!$B$9,COUNTA($C$11:$C510)+2,IF(DS29=Constants!$B$10,COUNTA($C$11:$C510)+1,IF(DS29=Constants!$B$11,COUNTA($C$11:$C510),DS29)))) | DV29: =IF(OR(ISNUMBER(DS29),DS29="DQ",DS29="P",DS29="NS"), 1, 0 ) -> 0 | DW29: 19 | DX29: =IF(ISBLANK($C29),"",IF(ISNUMBER(DT29),DT29+ROW($B29)/1000,"")) | DY29: =IF(ISNUMBER(DX29), RANK(DX29,DX$11:DX$510,1), "") | DZ29: =IF(ISBLANK($C29), "", $B29 ) | EA29: =IF(ISBLANK($C29), "", $C29 ) | EB29: =IF(ISBLANK($C29), "", $D29 ) | EC29: =IF(ISBLANK($C29),"",$DQ29) | ED29: =DP29 | EE29: =IF(ISBLANK($C29), "", DS29 ) | EF29: =IF(DW29>DV$10, "", VLOOKUP(DW29,DY$11:EE527,7,FALSE()) ) | EG29: =IF(DW29>DV$10, "", VLOOKUP(DW29,DY$11:EE527,2,FALSE()) ) | EH29: =IF(DW29>DV$10, "", VLOOKUP(DW29,DY$11:EE527,3,FALSE()) ) | EI29: =IF(DW29>DV$10, "", VLOOKUP(DW29,DY$11:EE527,4,FALSE()) ) | EJ29: =IF(DW29>DV$10, "", VLOOKUP(DW29,DY$11:EE527,6,FALSE()) )
AJ30: =IF(ISBLANK($C30), "", IF(E30=Constants!$B$7, TRUE(), IF(E30=Constants!$B$8, FALSE(), TRUE() ))) | AK30: =IF(ISBLANK($C30),"",IF(F30=Constants!$B$8,FALSE(),TRUE())) | AL30: =IF(ISBLANK($C30),"",COUNTA($G30:$O30)>0) | AM30: =IF(OR(ISBLANK($C30),$AL30<>TRUE()),"",IF(ISBLANK(G30),Constants!$B$27,MAX(0,G30))) | AN30: =IF(OR(ISBLANK($C30),$AL30<>TRUE()),"",IF(ISBLANK(H30),Constants!$B$28,MAX(0,H30))) | AO30: =IF(OR(ISBLANK($C30),$AL30<>TRUE()),"",IF(J30=Constants!$B$7,TRUE(),IF(J30=Constants!$B$8,FALSE(),TRUE()))) | AP30: =IF(OR(ISBLANK($C30),$AL30<>TRUE()),"",IF(I30=Constants!$B$7,TRUE(),IF(I30=Constants!$B$8,FALSE(),TRUE()))) | AQ30: =IF(OR(ISBLANK($C30),$AL30<>TRUE()),"",IF(K30=Constants!$B$33,TRUE(),IF(K30=Constants!$B$34,FALSE(),IF(AND(ISNUMBER(O30),OR(ISBLANK(N30),N30=0)),TRUE(),IF(AND(ISBLANK(O30),ISNUMBER(N30),N30<>0),FALSE(),""))))) | AR30: =IF(OR(ISBLANK($C30),$AL30<>TRUE()),"",IF(ISBLANK(L30),Constants!$B$35,MAX(0,MIN(Constants!$B$31,L30)))) | AS30: =IF(OR(ISBLANK($C30),$AL30<>TRUE()),"",IF(ISBLANK(M30),Constants!$B$35,MAX(0,MIN(Constants!$B$32,M30)))) | AT30: =IF(ISBLANK($C30),"",COUNTA($P30:$X30)>0) | AU30: =IF(OR(ISBLANK($C30),$AT30<>TRUE()),"",IF(ISBLANK(P30),Constants!$B$27,MAX(0,P30))) | AV30: =IF(OR(ISBLANK($C30),$AT30<>TRUE()),"",IF(ISBLANK(Q30),Constants!$B$28,MAX(0,Q30))) | AW30: =IF(OR(ISBLANK($C30),$AT30<>TRUE()),"",IF(S30=Constants!$B$7,TRUE(),IF(S30=Constants!$B$8,FALSE(),TRUE()))) | AX30: =IF(OR(ISBLANK($C30),$AT30<>TRUE()),"",IF(R30=Constants!$B$7,TRUE(),IF(R30=Constants!$B$8,FALSE(),TRUE()))) | AY30: =IF(OR(ISBLANK($C30),$AT30<>TRUE()),"",IF(T30=Constants!$B$33,TRUE(),IF(T30=Constants!$B$34,FALSE(),IF(AND(ISNUMBER(X30),OR(ISBLANK(W30),W30=0)),TRUE(),IF(AND(ISBLANK(X30),ISNUMBER(W30),W30<>0),FALSE(),""))))) | AZ30: =IF(OR(ISBLANK($C30),$AT30<>TRUE()),"",IF(ISBLANK(U30),Constants!$B$35,MAX(0,MIN(Constants!$B$31,U30)))) | BA30: =IF(OR(ISBLANK($C30),$AT30<>TRUE()),"",IF(ISBLANK(V30),Constants!$B$35,MAX(0,MIN(Constants!$B$32,V30)))) | BB30: =IF(ISBLANK($C30),"",COUNTA($Y30:$AG30)>0) | BC30: =IF(OR(ISBLANK($C30),$BB30<>TRUE()),"",IF(ISBLANK(Y30),Constants!$B$27,MAX(0,Y30))) | BD30: =IF(OR(ISBLANK($C30),$BB30<>TRUE()),"",IF(ISBLANK(Z30),Constants!$B$28,MAX(0,Z30))) | BE30: =IF(OR(ISBLANK($C30),$BB30<>TRUE()),"",IF(AB30=Constants!$B$7,TRUE(),IF(AB30=Constants!$B$8,FALSE(),TRUE()))) | BF30: =IF(OR(ISBLANK($C30),$BB30<>TRUE()),"",IF(AA30=Constants!$B$7,TRUE(),IF(AA30=Constants!$B$8,FALSE(),TRUE()))) | BG30: =IF(OR(ISBLANK($C30),$BB30<>TRUE()),"",IF(AC30=Constants!$B$33,TRUE(),IF(AC30=Constants!$B$34,FALSE(),IF(AND(ISNUMBER(AG30),OR(ISBLANK(AF30),AF30=0)),TRUE(),IF(AND(ISBLANK(AG30),ISNUMBER(AF30),AF30<>0),FALSE(),""))))) | BH30: =IF(OR(ISBLANK($C30),$BB30<>TRUE()),"",IF(ISBLANK(AD30),Constants!$B$35,MAX(0,MIN(Constants!$B$31,AD30)))) | BI30: =IF(OR(ISBLANK($C30),$BB30<>TRUE()),"",IF(ISBLANK(AE30),Constants!$B$35,MAX(0,MIN(Constants!$B$32,AE30)))) | BJ30: =IF(ISBLANK($C30), "", IF(AH30=Constants!$B$7, TRUE(), IF(AH30=Constants!$B$8, FALSE(), FALSE() ))) | BK30: =IF(ISBLANK($C30),"",IF($BJ30,Constants!$B$9,IF(COUNTA($E30:$AH30)=0,Constants!$B$10,IF(NOT($AK30),Constants!$B$11,IF(AND(NOT(ISNUMBER($BM30)),COUNTA($O30,$X30,$AG30)>0),Constants!$B$13,Constants!$B$12))))) | BL30: =IF(ISBLANK($C30),"",IF($BK30<>Constants!$B$12,$BK30,Constants!$B$4)) | BM30: =IF(OR(ISBLANK($D$8), NOT(ISNUMBER($D$8))), Constants!$B$17,$D$8) -> ERROR: Set Target Time in cell D8 | BN30: =IF(OR($BK30<>Constants!$B$12,$AL30<>TRUE()),"",IF(NOT($AO30),TRUE(),IF($AQ30="","",$AQ30))) | BO30: =IF(BN30="",FALSE(),IF(NOT($AO30),TRUE(),IF($AQ30,ISNUMBER(O30),ISNUMBER(N30)))) -> FALSE | BP30: =IF(BO30,IF($AJ30,1,Constants!$B$22)*POWER(Constants!$B$23,MAX($AM30,0))*POWER(Constants!$B$24,MAX($AN30,0)),"") | BQ30: =IF(OR($BK30<>Constants!$B$12,NOT($BO30)),"",IF(NOT($AO30),0,Constants!$B$19*IF($AQ30,1,MAX(0,MIN(1,(Constants!$B$20-N30)/Constants!$B$20))))) | BR30: =IF(BQ30="","",BQ30*IF($AP30,1,Constants!$B$25)*BP30) | BS30: =IF(OR($BK30<>Constants!$B$12,NOT($BO30)),"",IF(NOT($AO30),0,IF(NOT($AQ30),0,MAX(0,Constants!$B$21*(1-ABS(O30-$BM30)/$BM30))))) | BT30: =IF(BS30="","",BS30*BP30) | BU30: =IF(OR($BK30<>Constants!$B$12,NOT($BO30)),"",IF(OR(NOT($AO30),NOT($AP30)),0,MIN(Constants!$B$18,(Constants!$B$29*$AR30+Constants!$B$30*$AS30)*IF($AQ30,1,MAX(0,MIN(1,(Constants!$B$20-N30)/Constants!$B$20)))))) | BV30: =IF(BU30="","",BU30*BP30) | BW30: =IF(OR($BK30<>Constants!$B$12,NOT($BO30)),"",BR30+BT30+BV30) | BX30: =IF(OR($BK30<>Constants!$B$12,$AT30<>TRUE()),"",IF(NOT($AW30),TRUE(),IF($AY30="","",$AY30))) | BY30: =IF(BX30="",FALSE(),IF(NOT($AW30),TRUE(),IF($AY30,ISNUMBER(X30),ISNUMBER(W30)))) -> FALSE | BZ30: =IF(BY30,IF($AJ30,1,Constants!$B$22)*POWER(Constants!$B$23,MAX($AU30,0))*POWER(Constants!$B$24,MAX($AV30,0)),"") | CA30: =IF(OR($BK30<>Constants!$B$12,NOT($BY30)),"",IF(NOT($AW30),0,Constants!$B$19*IF($AY30,1,MAX(0,MIN(1,(Constants!$B$20-W30)/Constants!$B$20))))) | CB30: =IF(CA30="","",CA30*IF($AX30,1,Constants!$B$25)*BZ30) | CC30: =IF(OR($BK30<>Constants!$B$12,NOT($BY30)),"",IF(NOT($AW30),0,IF(NOT($AY30),0,MAX(0,Constants!$B$21*(1-ABS(X30-$BM30)/$BM30))))) | CD30: =IF(CC30="","",CC30*BZ30) | CE30: =IF(OR($BK30<>Constants!$B$12,NOT($BY30)),"",IF(OR(NOT($AW30),NOT($AX30)),0,MIN(Constants!$B$18,(Constants!$B$29*$AZ30+Constants!$B$30*$BA30)*IF($AY30,1,MAX(0,MIN(1,(Constants!$B$20-W30)/Constants!$B$20)))))) | CF30: =IF(CE30="","",CE30*BZ30) | CG30: =IF(OR($BK30<>Constants!$B$12,NOT($BY30)),"",CB30+CD30+CF30) | CH30: =IF(OR(BN30="",BX30=""),TRUE(),BN30<>BX30) -> TRUE | CI30: =IF(OR($BK30<>Constants!$B$12,$BB30<>TRUE(),NOT($CH30)),"",IF(NOT($BE30),TRUE(),IF($BG30="","",$BG30))) | CJ30: =IF(CI30="",FALSE(),IF(NOT($BE30),TRUE(),IF($BG30,ISNUMBER(AG30),ISNUMBER(AF30)))) -> FALSE | CK30: =IF(CJ30,IF($AJ30,1,Constants!$B$22)*POWER(Constants!$B$23,MAX($BC30,0))*POWER(Constants!$B$24,MAX($BD30,0)),"") | CL30: =IF(OR($BK30<>Constants!$B$12,NOT($CJ30)),"",IF(NOT($BE30),0,Constants!$B$19*IF($BG30,1,MAX(0,MIN(1,(Constants!$B$20-AF30)/Constants!$B$20))))) | CM30: =IF(CL30="","",CL30*IF($BF30,1,Constants!$B$25)*CK30) | CN30: =IF(OR($BK30<>Constants!$B$12,NOT($CJ30)),"",IF(NOT($BE30),0,IF(NOT($BG30),0,MAX(0,Constants!$B$21*(1-ABS(AG30-$BM30)/$BM30))))) | CO30: =IF(CN30="","",CN30*CK30) | CP30: =IF(OR($BK30<>Constants!$B$12,NOT($CJ30)),"",IF(OR(NOT($BE30),NOT($BF30)),0,MIN(Constants!$B$18,(Constants!$B$29*$BH30+Constants!$B$30*$BI30)*IF($BG30,1,MAX(0,MIN(1,(Constants!$B$20-AF30)/Constants!$B$20)))))) | CQ30: =IF(CP30="","",CP30*CK30) | CR30: =IF(OR($BK30<>Constants!$B$12,NOT($CJ30)),"",CM30+CO30+CQ30) | CS30: =IF(OR($BK30<>Constants!$B$12,ISBLANK($C30)),"",BW30) | CT30: =IF(OR($BK30<>Constants!$B$12,ISBLANK($C30)),"",CG30) | CU30: =IF(OR($BK30<>Constants!$B$12,ISBLANK($C30)),"",CR30) | CV30: =IF(OR($BK30<>Constants!$B$12,ISBLANK($C30)),"",IF(COUNT(CS30:CU30)=0,0,MAX(CS30:CU30))) | CW30: =IF($BK30<>Constants!$B$12,"",CV30) | CX30: =IF(ISNUMBER(CW30), RANK(CW30,$CW$11:$CW$510), "") | CY30: =IF(OR($BK30<>Constants!$B$12,ISBLANK($C30)),"",MAX(BT30,CD30,CO30)) | CZ30: =IF(ISNUMBER(CY30), RANK(CY30,CY$11:CY$510), "") | DA30: =IF(OR($BK30<>Constants!$B$12,ISBLANK($C30)),"",MAX(AM30,AU30,IF($CH30,BC30,0))) | DB30: =IF(ISNUMBER(DA30), RANK(DA30,DA$11:DA$510,1), "") | DC30: =IF(OR($BK30<>Constants!$B$12,ISBLANK($C30)),"",MAX(BV30,CF30,CQ30)) | DD30: =IF(ISNUMBER(DC30),RANK(DC30,DC$11:DC$510),"") | DE30: =IFERROR(IF(OR($BK30<>Constants!$B$12, ISBLANK($C30)),"",LARGE(CS30:CU30,2)), 0) | DF30: =IF(ISNUMBER(DE30), RANK(DE30,DE$11:DE$510), "") | DG30: =IF(ISBLANK($C30),"",IF(BK30=Constants!$B$12,RANK($CX30, $CX$11:$CX$510, 1)+ SUMPRODUCT(--($CX$11:$CX$510=$CX30),--($CZ30>$CZ$11:$CZ$510))+ SUMPRODUCT(--($CX$11:$CX$510=$CX30),--($CZ30=$CZ$11:$CZ$510),--($DB30>$DB$11:$DB$510))+ SUMPRODUCT(--($CX$11:$CX$510=$CX30),--($CZ30=$CZ$11:$CZ$510),--($DB30=$DB$11:$DB$510), --($DD30>$DD$11:$DD$510))+ SUMPRODUCT(--($CX$11:$CX$510=$CX30),--($CZ30=$CZ$11:$CZ$510),--($DB30=$DB$11:$DB$510), --($DD30=$DD$11:$DD$510), --($DF30>$DF$11:$DF$510)) ,BK30) ) | DH30: =IF(ISBLANK(C30),"",IF(BK30<>Constants!$B$12, BK30, CX30-DG30)) | DK30: =IF(ISBLANK($C30),"",IF($BK30=Constants!$B$13,$BM30,"")) | DL30: =IF(ISBLANK($C30),"",IF($BK30<>Constants!$B$12,"",IF(COUNT($CS30:$CU30)=0,"",MATCH($CV30,$CS30:$CU30,0)))) | DM30: =IF(ISNUMBER($DL30),CHOOSE($DL30,$BR30,$CB30,$CM30),"") | DN30: =IF(ISNUMBER($DL30),CHOOSE($DL30,$BT30,$CD30,$CO30),"") | DO30: =IF(ISNUMBER($DL30),CHOOSE($DL30,$BV30,$CF30,$CQ30),"") | DP30: =IF(ISBLANK(C30),"",IF(BK30<>Constants!$B$12, BK30 ,CW30)) | DQ30: =IF(ISBLANK($C30),"",IF($BK30<>Constants!$B$12,$BK30,$BL30)) | DR30: =IF(ISBLANK(C30),"",DH30) | DS30: =IF(ISBLANK(C30),"",DG30) | DT30: =IF(ISBLANK(C30), "", IF(DS30=Constants!$B$9,COUNTA($C$11:$C510)+2,IF(DS30=Constants!$B$10,COUNTA($C$11:$C510)+1,IF(DS30=Constants!$B$11,COUNTA($C$11:$C510),DS30)))) | DV30: =IF(OR(ISNUMBER(DS30),DS30="DQ",DS30="P",DS30="NS"), 1, 0 ) -> 0 | DW30: 20 | DX30: =IF(ISBLANK($C30),"",IF(ISNUMBER(DT30),DT30+ROW($B30)/1000,"")) | DY30: =IF(ISNUMBER(DX30), RANK(DX30,DX$11:DX$510,1), "") | DZ30: =IF(ISBLANK($C30), "", $B30 ) | EA30: =IF(ISBLANK($C30), "", $C30 ) | EB30: =IF(ISBLANK($C30), "", $D30 ) | EC30: =IF(ISBLANK($C30),"",$DQ30) | ED30: =DP30 | EE30: =IF(ISBLANK($C30), "", DS30 ) | EF30: =IF(DW30>DV$10, "", VLOOKUP(DW30,DY$11:EE528,7,FALSE()) ) | EG30: =IF(DW30>DV$10, "", VLOOKUP(DW30,DY$11:EE528,2,FALSE()) ) | EH30: =IF(DW30>DV$10, "", VLOOKUP(DW30,DY$11:EE528,3,FALSE()) ) | EI30: =IF(DW30>DV$10, "", VLOOKUP(DW30,DY$11:EE528,4,FALSE()) ) | EJ30: =IF(DW30>DV$10, "", VLOOKUP(DW30,DY$11:EE528,6,FALSE()) )
