Workbook

Sheet Scoring
B2: ='Info.'!B1&" "&'Info.'!B4 -> Mission Possible C | E2: Impound | G2: Check-In | P2: Set-Up and ASL | U2: Actions and Devices | AH2: Sanitised Inputs | BH2: Scoring | CS2: Breakdown | DG2: Rank for this team with row() bump | DH2: Rank for this team with same ranks split | DI2: Team Number of this team | DJ2: Name of this schoo | DK2: Name of this team | DL2: Tier for this Team | DM2: Score for this team | DN2: Actual Rank for this team | DO2: Final Rankings
E3: 1. State/Nats Only: Device Impounded (T/F) | F3: 2. ASL Impounded (T/F) | G3: 3. Eye Protection (T/F) | H3: 4. Device is safe (T/F) | I3: 5. Dimension 1 (cm) | J3: 6. Dimension 2 (cm) | K3: 7. Dimension 3 (cm) | L3: 8. Top & 2+ vertical walls transparent/open (T/F) | M3: 9. All const params met (T/F) | N3: 10. Not Remote Controlled (T/F) | O3: 11. Team able to answer questions (T/F) | P3: 12. <= 30 min to set up (T/F) | Q3: 13. State/Nats Only: <= 15 min to set up (T/F) | R3: 14. ASL proper format (T/F) | S3: 15. All actions included and accurate (T/F) | T3: 16. ASL # properly labelled (T/F) | U3: 17. Start Action (# of coins or Touch) | V3: 18. # of successful actions | W3: 19. Water Timer (sec) | X3: 20. No Touches leading to Final Action (T/F) | Y3: 21. Final Action Satisfied (T/F) | Z3: 22. Adjustments/Touches | AA3: 23. No electricity used after 30 s (T/F) | AB3: 24. No Solid/liquid leaving (T/F) | AC3: 25. Device Time (s) | AD3: 26. Disqualify (T/F) | AF3: Global: Target Time | AG3: Is valid Target Time? (copied as data validation script for D7) | AH3: =E3 -> 1. State/Nats Only: Device Impounded (T/F) | AI3: =F3 -> 2. ASL Impounded (T/F) | AJ3: =G3 -> 3. Eye Protection (T/F) | AK3: =H3 -> 4. Device is safe (T/F) | AL3: =I3 -> 5. Dimension 1 (cm) | AM3: =J3 -> 6. Dimension 2 (cm) | AN3: =K3 -> 7. Dimension 3 (cm) | AO3: =L3 -> 8. Top & 2+ vertical walls transparent/open (T/F) | ... BG3: =AD3 -> 26. Disqualify (T/F) | CS3: Set-Up & ASL | CT3: Actions | CU3: Time Score | CV3: Bonus | CW3: Device Size | CX3: Penalties | CY3: Score | CZ3: Tier | DA3: Tiebreaker | DB3: Rank | DC3: Points | DO3: Rank | DP3: Team # | DQ3: School Name | DR3: Team Name | DS3: Tier | DT3: Score
B4: ="Event Scoresheet - "&'Info.'!B5&IF('Info.'!B8="T"," The scoresheet has been updated; please download version v"&'Info.'!B7&" from soinc.org/scoresheets.","") -> Event Scoresheet - 2027
CI5: ERROR: Set Target Time in cell D7
B6: ="Last Updated: "&TEXT('Info.'!B2, "mm/dd/yyyy")&" (v"&'Info.'!B3&") Direct all questions to scoresheets@soinc.org." -> Last Updated: 09/27/2026 (v0.1.0) Direct all questions to scoresheets@soinc.org. | CI6: ERROR: Target Time in cell D7 must be a number
B7: Target Time (s): | BK7: Awards | BT7: Penalties (points deducted) | CB7: Ranking and Tiebreaks | CI7: Input Checks (Target Time message in row 5/6; other checks flag the red input cell)
B8: Team # | C8: School Name | D8: Team Name | BH8: Status | BI8: Tier | BJ8: Touches (box 22) | BK8: Set-Up Score | BL8: ASL Score | BM8: Start Action Score | BN8: Scorable Actions Score | BO8: Final Action Score | BP8: Time Score | BQ8: Water Timer Bonus | BR8: No Adjustments Bonus | BS8: Device Size Score | BT8: Overtime | BU8: Dimensions over 80 cm | BV8: Top/Walls not open | BW8: Touches | BX8: Solid/Liquid leaving | BY8: Electricity after 30 s | BZ8: Penalty Points (TB1) | CA8: Final Score | CB8: Score Rank | CC8: Rank (Tier, Score) | CD8: TB1 Rank | CE8: Device Size L+W+H (TB2) | CF8: TB2 Rank | CG8: Rank w/ TB | CH8: Rank Diff | CI8: Target Time Error | CJ8: Dimension Error | CK8: Start Action Error | CL8: Scorable Actions Error | CM8: Water Timer Error | CN8: Touches Error | CO8: Device Time Error | CR8: Errors | DE8: =SUM($DE$9:$DE$508) -> 0
AF9: =IF(ISNUMBER($D$7),$D$7,"") | AG9: =IF(ISBLANK($D$7),"",IF(NOT(ISNUMBER($D$7)),FALSE(),IF($D$7<Constants!$B$38,FALSE(),IF($D$7>Constants!$B$39,FALSE(),MOD($D$7,Constants!$B$40)=0)))) | AH9: =IF(ISBLANK($C9),"",IF($E9=Constants!$B$2,TRUE(),IF($E9=Constants!$B$3,FALSE(),TRUE()))) | AI9: =IF(ISBLANK($C9),"",IF($F9=Constants!$B$2,TRUE(),IF($F9=Constants!$B$3,FALSE(),FALSE()))) | AJ9: =IF(ISBLANK($C9),"",IF($G9=Constants!$B$2,TRUE(),IF($G9=Constants!$B$3,FALSE(),TRUE()))) | AK9: =IF(ISBLANK($C9),"",IF($H9=Constants!$B$2,TRUE(),IF($H9=Constants!$B$3,FALSE(),TRUE()))) | AL9: =IF(ISBLANK($C9),"",IF(ISNUMBER($I9),IF($I9>=0,$I9,""),"")) | AM9: =IF(ISBLANK($C9),"",IF(ISNUMBER($J9),IF($J9>=0,$J9,""),"")) | AN9: =IF(ISBLANK($C9),"",IF(ISNUMBER($K9),IF($K9>=0,$K9,""),"")) | AO9: =IF(ISBLANK($C9),"",IF($L9=Constants!$B$2,TRUE(),IF($L9=Constants!$B$3,FALSE(),TRUE()))) | AP9: =IF(ISBLANK($C9),"",IF($M9=Constants!$B$2,TRUE(),IF($M9=Constants!$B$3,FALSE(),TRUE()))) | AQ9: =IF(ISBLANK($C9),"",IF($N9=Constants!$B$2,TRUE(),IF($N9=Constants!$B$3,FALSE(),FALSE()))) | AR9: =IF(ISBLANK($C9),"",IF($O9=Constants!$B$2,TRUE(),IF($O9=Constants!$B$3,FALSE(),TRUE()))) | AS9: =IF(ISBLANK($C9),"",IF($P9=Constants!$B$2,TRUE(),IF($P9=Constants!$B$3,FALSE(),FALSE()))) | AT9: =IF(ISBLANK($C9),"",IF($Q9=Constants!$B$2,TRUE(),IF($Q9=Constants!$B$3,FALSE(),FALSE()))) | AU9: =IF(ISBLANK($C9),"",IF($R9=Constants!$B$2,TRUE(),IF($R9=Constants!$B$3,FALSE(),FALSE()))) | AV9: =IF(ISBLANK($C9),"",IF($S9=Constants!$B$2,TRUE(),IF($S9=Constants!$B$3,FALSE(),FALSE()))) | AW9: =IF(ISBLANK($C9),"",IF($T9=Constants!$B$2,TRUE(),IF($T9=Constants!$B$3,FALSE(),FALSE()))) | AX9: =IF(ISBLANK($C9),"",IF(OR($U9&""="1",$U9&""="2",$U9&""="3",$U9&""="4"),VALUE($U9&""),IF($U9=Constants!$B$12,Constants!$B$12,""))) | AY9: =IF(ISBLANK($C9),"",IF(ISBLANK($V9),0,IF(ISNUMBER($V9),IF(AND($V9>=0,$V9<=Constants!$B$21,$V9=INT($V9)),$V9,""),""))) | AZ9: =IF(ISBLANK($C9),"",IF(ISBLANK($W9),0,IF(ISNUMBER($W9),IF($W9>=0,$W9,""),""))) | BA9: =IF(ISBLANK($C9),"",IF($X9=Constants!$B$2,TRUE(),IF($X9=Constants!$B$3,FALSE(),TRUE()))) | BB9: =IF(ISBLANK($C9),"",IF($Y9=Constants!$B$2,TRUE(),IF($Y9=Constants!$B$3,FALSE(),FALSE()))) | BC9: =IF(ISBLANK($C9),"",IF(ISBLANK($Z9),0,IF(ISNUMBER($Z9),IF(AND($Z9>=0,$Z9<=Constants!$B$35,$Z9=INT($Z9)),$Z9,""),""))) | BD9: =IF(ISBLANK($C9),"",IF($AA9=Constants!$B$2,TRUE(),IF($AA9=Constants!$B$3,FALSE(),TRUE()))) | BE9: =IF(ISBLANK($C9),"",IF($AB9=Constants!$B$2,TRUE(),IF($AB9=Constants!$B$3,FALSE(),TRUE()))) | BF9: =IF(ISBLANK($C9),"",IF(ISNUMBER($AC9),IF($AC9>=0,$AC9,""),"")) | BG9: =IF(ISBLANK($C9),"",IF($AD9=Constants!$B$2,TRUE(),IF($AD9=Constants!$B$3,FALSE(),FALSE()))) | BH9: =IF(ISBLANK($C9),"",IF($BG9,Constants!$B$7,IF(COUNTA($E9:$AC9)=0,Constants!$B$6,IF(OR(COUNTA($G9:$AC9)=0,NOT($AK9),$AQ9),Constants!$B$5,IF(OR($CI9<>"",$CJ9,$CK9,$CL9,$CM9,$CN9,$CO9),Constants!$B$8,Constants!$B$4))))) | BI9: =IF(ISBLANK($C9),"",IF($BH9<>Constants!$B$4,$BH9,IF(OR(NOT($AH9),NOT($AJ9),NOT($AR9)),Constants!$B$11,IF(OR(NOT($AP9),MAX($AL9,$AM9,$AN9)>Constants!$B$30),Constants!$B$10,Constants!$B$9)))) | BJ9: =IF($BH9<>Constants!$B$4,"",IF(NOT($AJ9),0,MIN(Constants!$B$35,$BC9))) | BK9: =IF($BH9<>Constants!$B$4,"",IF(NOT($AJ9),0,IF($AT9,Constants!$B$18,IF($AS9,Constants!$B$17,0)))) | BL9: =IF($BH9<>Constants!$B$4,"",IF(NOT($AJ9),0,Constants!$B$19*($AI9+$AU9+$AV9+$AW9))) | BM9: =IF($BH9<>Constants!$B$4,"",IF(OR(NOT($AJ9),NOT(ISNUMBER($AX9))),0,CHOOSE($AX9,Constants!$B$13,Constants!$B$14,Constants!$B$15,Constants!$B$16))) | BN9: =IF($BH9<>Constants!$B$4,"",IF(NOT($AJ9),0,Constants!$B$20*$AY9)) | BO9: =IF($BH9<>Constants!$B$4,"",IF(AND($AJ9,$BA9,$BB9),Constants!$B$22,0)) | BP9: =IF($BH9<>Constants!$B$4,"",IF(OR(NOT($AJ9),NOT($BA9)),0,IF($BF9>=2*$AF$9,0,Constants!$B$23*INT(ROUND(MIN($BF9,$AF$9),6))))) | BQ9: =IF($BH9<>Constants!$B$4,"",IF(NOT($AJ9),0,Constants!$B$24*INT(ROUND(MIN($AZ9,$AF$9),6)))) | BR9: =IF($BH9<>Constants!$B$4,"",IF(AND($AJ9,$BJ9=0),Constants!$B$25,0)) | BS9: =IF($BH9<>Constants!$B$4,"",MIN(Constants!$B$29,MAX(0,Constants!$B$27*Constants!$B$28*INT(ROUND((Constants!$B$26-$AL9)/Constants!$B$28,6))))+MIN(Constants!$B$29,MAX(0,Constants!$B$27*Constants!$B$28*INT(ROUND((Constants!$B$26-$AM9)/Constants!$B$28,6))))+MIN(Constants!$B$29,MAX(0,Constants!$B$27*Constants!$B$28*INT(ROUND((Constants!$B$26-$AN9)/Constants!$B$28,6))))) | BT9: =IF($BH9<>Constants!$B$4,"",IF(NOT($AJ9),0,Constants!$B$31*INT(ROUND(MAX(0,MIN($BF9,2*$AF$9)-$AF$9),6)))) | BU9: =IF($BH9<>Constants!$B$4,"",Constants!$B$32*(($AL9>Constants!$B$26)+($AM9>Constants!$B$26)+($AN9>Constants!$B$26))) | BV9: =IF($BH9<>Constants!$B$4,"",IF(OR(NOT($AJ9),$AO9),0,Constants!$B$33)) | BW9: =IF($BH9<>Constants!$B$4,"",Constants!$B$34*$BJ9) | BX9: =IF($BH9<>Constants!$B$4,"",IF(OR(NOT($AJ9),$BE9),0,Constants!$B$36)) | BY9: =IF($BH9<>Constants!$B$4,"",IF(OR(NOT($AJ9),$BD9),0,Constants!$B$37)) | BZ9: =IF($BH9<>Constants!$B$4,"",SUM($BT9:$BY9)) | CA9: =IF(ISBLANK($C9),"",IF($BH9<>Constants!$B$4,$BH9,SUM($BK9:$BS9)-$BZ9)) | CB9: =IF(ISBLANK($C9),"",IF($BH9<>Constants!$B$4,$BH9,RANK($CA9,$CA$9:$CA$508))) | CC9: =IF(ISBLANK($C9),"",IF($BH9<>Constants!$B$4,$BH9,COUNTIFS($BI$9:$BI$508,"<"&$BI9)+COUNTIFS($BI$9:$BI$508,$BI9,$CB$9:$CB$508,"<"&$CB9)+1)) | CD9: =IF(ISBLANK($C9),"",IF($BH9<>Constants!$B$4,$BH9,RANK($BZ9,$BZ$9:$BZ$508,1))) | CE9: =IF($BH9<>Constants!$B$4,"",$AL9+$AM9+$AN9) | CF9: =IF(ISBLANK($C9),"",IF($BH9<>Constants!$B$4,$BH9,RANK($CE9,$CE$9:$CE$508,1))) | CG9: =IF(ISBLANK($C9),"",IF($BH9<>Constants!$B$4,$BH9,COUNTIFS($BI$9:$BI$508,"<"&$BI9)+COUNTIFS($BI$9:$BI$508,$BI9,$CB$9:$CB$508,"<"&$CB9)+COUNTIFS($BI$9:$BI$508,$BI9,$CB$9:$CB$508,$CB9,$CD$9:$CD$508,"<"&$CD9)+COUNTIFS($BI$9:$BI$508,$BI9,$CB$9:$CB$508,$CB9,$CD$9:$CD$508,$CD9,$CF$9:$CF$508,"<"&$CF9)+1)) | CH9: =IF(ISBLANK($C9),"",IF($BH9<>Constants!$B$4,$BH9,$CC9-$CG9)) | CI9: =IF(ISBLANK($C9),"",IF(NOT($AJ9),"",IF(ISBLANK($D$7),$CI$5,IF(NOT(ISNUMBER($D$7)),$CI$6,"")))) | CJ9: =IF(ISBLANK($C9),"",OR($AL9="",$AM9="",$AN9="")) | CK9: =IF(ISBLANK($C9),"",AND($AJ9,$AX9="")) | CL9: =IF(ISBLANK($C9),"",AND($AJ9,$AY9="")) | CM9: =IF(ISBLANK($C9),"",AND($AJ9,$AZ9="")) | CN9: =IF(ISBLANK($C9),"",AND($AJ9,$BC9="")) | CO9: =IF(ISBLANK($C9),"",AND($AJ9,$BF9="")) | CR9: =IF(ISBLANK($C9),"",IF($BH9=Constants!$B$8,$CI9,"")) | CS9: =IF(ISBLANK($C9),"",IF($BH9<>Constants!$B$4,"",$BK9+$BL9)) | CT9: =IF(ISBLANK($C9),"",IF($BH9<>Constants!$B$4,"",$BM9+$BN9+$BO9)) | CU9: =IF(ISBLANK($C9),"",IF($BH9<>Constants!$B$4,"",$BP9)) | CV9: =IF(ISBLANK($C9),"",IF($BH9<>Constants!$B$4,"",$BQ9+$BR9)) | CW9: =IF(ISBLANK($C9),"",IF($BH9<>Constants!$B$4,"",$BS9)) | CX9: =IF(ISBLANK($C9),"",IF($BH9<>Constants!$B$4,"",-$BZ9)) | CY9: =IF(ISBLANK($C9),"",$CA9) | CZ9: =IF(ISBLANK($C9),"",$BI9) | DA9: =IF(ISBLANK($C9),"",$CH9) | DB9: =IF(ISBLANK($C9),"",$CG9) | DC9: =IF(ISBLANK($C9),"",IFERROR(_xlfn.SWITCH($DB9,Constants!$B$7,COUNTA($C$9:$C$508)+2,Constants!$B$6,COUNTA($C$9:$C$508)+1,Constants!$B$5,COUNTA($C$9:$C$508)),$DB9)) | DE9: =IF(OR(ISNUMBER($DB9),$DB9=Constants!$B$7,$DB9=Constants!$B$5,$DB9=Constants!$B$6),1,0) -> 0 | DF9: 1 | DG9: =IF(ISBLANK($C9),"",IF(ISNUMBER($DC9),$DC9+ROW($B9)/1000,"")) | DH9: =IF(ISNUMBER($DG9),RANK($DG9,$DG$9:$DG$508,1),"") | DI9: =IF(ISBLANK($C9),"",$B9) | DJ9: =IF(ISBLANK($C9),"",$C9) | DK9: =IF(ISBLANK($C9),"",$D9) | DL9: =$CZ9 | DM9: =$CY9 | DN9: =IF(ISBLANK($C9),"",$DB9) | DO9: =IF($DF9>$DE$8,"",VLOOKUP($DF9,$DH$9:$DN$508,7,FALSE())) | DP9: =IF($DF9>$DE$8,"",VLOOKUP($DF9,$DH$9:$DN$508,2,FALSE())) | DQ9: =IF($DF9>$DE$8,"",VLOOKUP($DF9,$DH$9:$DN$508,3,FALSE())) | DR9: =IF($DF9>$DE$8,"",VLOOKUP($DF9,$DH$9:$DN$508,4,FALSE())) | DS9: =IF($DF9>$DE$8,"",VLOOKUP($DF9,$DH$9:$DN$508,5,FALSE())) | DT9: =IF($DF9>$DE$8,"",VLOOKUP($DF9,$DH$9:$DN$508,6,FALSE()))
AH10: =IF(ISBLANK($C10),"",IF($E10=Constants!$B$2,TRUE(),IF($E10=Constants!$B$3,FALSE(),TRUE()))) | AI10: =IF(ISBLANK($C10),"",IF($F10=Constants!$B$2,TRUE(),IF($F10=Constants!$B$3,FALSE(),FALSE()))) | AJ10: =IF(ISBLANK($C10),"",IF($G10=Constants!$B$2,TRUE(),IF($G10=Constants!$B$3,FALSE(),TRUE()))) | AK10: =IF(ISBLANK($C10),"",IF($H10=Constants!$B$2,TRUE(),IF($H10=Constants!$B$3,FALSE(),TRUE()))) | AL10: =IF(ISBLANK($C10),"",IF(ISNUMBER($I10),IF($I10>=0,$I10,""),"")) | AM10: =IF(ISBLANK($C10),"",IF(ISNUMBER($J10),IF($J10>=0,$J10,""),"")) | AN10: =IF(ISBLANK($C10),"",IF(ISNUMBER($K10),IF($K10>=0,$K10,""),"")) | AO10: =IF(ISBLANK($C10),"",IF($L10=Constants!$B$2,TRUE(),IF($L10=Constants!$B$3,FALSE(),TRUE()))) | AP10: =IF(ISBLANK($C10),"",IF($M10=Constants!$B$2,TRUE(),IF($M10=Constants!$B$3,FALSE(),TRUE()))) | AQ10: =IF(ISBLANK($C10),"",IF($N10=Constants!$B$2,TRUE(),IF($N10=Constants!$B$3,FALSE(),FALSE()))) | AR10: =IF(ISBLANK($C10),"",IF($O10=Constants!$B$2,TRUE(),IF($O10=Constants!$B$3,FALSE(),TRUE()))) | AS10: =IF(ISBLANK($C10),"",IF($P10=Constants!$B$2,TRUE(),IF($P10=Constants!$B$3,FALSE(),FALSE()))) | AT10: =IF(ISBLANK($C10),"",IF($Q10=Constants!$B$2,TRUE(),IF($Q10=Constants!$B$3,FALSE(),FALSE()))) | AU10: =IF(ISBLANK($C10),"",IF($R10=Constants!$B$2,TRUE(),IF($R10=Constants!$B$3,FALSE(),FALSE()))) | AV10: =IF(ISBLANK($C10),"",IF($S10=Constants!$B$2,TRUE(),IF($S10=Constants!$B$3,FALSE(),FALSE()))) | AW10: =IF(ISBLANK($C10),"",IF($T10=Constants!$B$2,TRUE(),IF($T10=Constants!$B$3,FALSE(),FALSE()))) | AX10: =IF(ISBLANK($C10),"",IF(OR($U10&""="1",$U10&""="2",$U10&""="3",$U10&""="4"),VALUE($U10&""),IF($U10=Constants!$B$12,Constants!$B$12,""))) | AY10: =IF(ISBLANK($C10),"",IF(ISBLANK($V10),0,IF(ISNUMBER($V10),IF(AND($V10>=0,$V10<=Constants!$B$21,$V10=INT($V10)),$V10,""),""))) | AZ10: =IF(ISBLANK($C10),"",IF(ISBLANK($W10),0,IF(ISNUMBER($W10),IF($W10>=0,$W10,""),""))) | BA10: =IF(ISBLANK($C10),"",IF($X10=Constants!$B$2,TRUE(),IF($X10=Constants!$B$3,FALSE(),TRUE()))) | BB10: =IF(ISBLANK($C10),"",IF($Y10=Constants!$B$2,TRUE(),IF($Y10=Constants!$B$3,FALSE(),FALSE()))) | BC10: =IF(ISBLANK($C10),"",IF(ISBLANK($Z10),0,IF(ISNUMBER($Z10),IF(AND($Z10>=0,$Z10<=Constants!$B$35,$Z10=INT($Z10)),$Z10,""),""))) | BD10: =IF(ISBLANK($C10),"",IF($AA10=Constants!$B$2,TRUE(),IF($AA10=Constants!$B$3,FALSE(),TRUE()))) | BE10: =IF(ISBLANK($C10),"",IF($AB10=Constants!$B$2,TRUE(),IF($AB10=Constants!$B$3,FALSE(),TRUE()))) | BF10: =IF(ISBLANK($C10),"",IF(ISNUMBER($AC10),IF($AC10>=0,$AC10,""),"")) | BG10: =IF(ISBLANK($C10),"",IF($AD10=Constants!$B$2,TRUE(),IF($AD10=Constants!$B$3,FALSE(),FALSE()))) | BH10: =IF(ISBLANK($C10),"",IF($BG10,Constants!$B$7,IF(COUNTA($E10:$AC10)=0,Constants!$B$6,IF(OR(COUNTA($G10:$AC10)=0,NOT($AK10),$AQ10),Constants!$B$5,IF(OR($CI10<>"",$CJ10,$CK10,$CL10,$CM10,$CN10,$CO10),Constants!$B$8,Constants!$B$4))))) | BI10: =IF(ISBLANK($C10),"",IF($BH10<>Constants!$B$4,$BH10,IF(OR(NOT($AH10),NOT($AJ10),NOT($AR10)),Constants!$B$11,IF(OR(NOT($AP10),MAX($AL10,$AM10,$AN10)>Constants!$B$30),Constants!$B$10,Constants!$B$9)))) | BJ10: =IF($BH10<>Constants!$B$4,"",IF(NOT($AJ10),0,MIN(Constants!$B$35,$BC10))) | BK10: =IF($BH10<>Constants!$B$4,"",IF(NOT($AJ10),0,IF($AT10,Constants!$B$18,IF($AS10,Constants!$B$17,0)))) | BL10: =IF($BH10<>Constants!$B$4,"",IF(NOT($AJ10),0,Constants!$B$19*($AI10+$AU10+$AV10+$AW10))) | BM10: =IF($BH10<>Constants!$B$4,"",IF(OR(NOT($AJ10),NOT(ISNUMBER($AX10))),0,CHOOSE($AX10,Constants!$B$13,Constants!$B$14,Constants!$B$15,Constants!$B$16))) | BN10: =IF($BH10<>Constants!$B$4,"",IF(NOT($AJ10),0,Constants!$B$20*$AY10)) | BO10: =IF($BH10<>Constants!$B$4,"",IF(AND($AJ10,$BA10,$BB10),Constants!$B$22,0)) | BP10: =IF($BH10<>Constants!$B$4,"",IF(OR(NOT($AJ10),NOT($BA10)),0,IF($BF10>=2*$AF$9,0,Constants!$B$23*INT(ROUND(MIN($BF10,$AF$9),6))))) | BQ10: =IF($BH10<>Constants!$B$4,"",IF(NOT($AJ10),0,Constants!$B$24*INT(ROUND(MIN($AZ10,$AF$9),6)))) | BR10: =IF($BH10<>Constants!$B$4,"",IF(AND($AJ10,$BJ10=0),Constants!$B$25,0)) | BS10: =IF($BH10<>Constants!$B$4,"",MIN(Constants!$B$29,MAX(0,Constants!$B$27*Constants!$B$28*INT(ROUND((Constants!$B$26-$AL10)/Constants!$B$28,6))))+MIN(Constants!$B$29,MAX(0,Constants!$B$27*Constants!$B$28*INT(ROUND((Constants!$B$26-$AM10)/Constants!$B$28,6))))+MIN(Constants!$B$29,MAX(0,Constants!$B$27*Constants!$B$28*INT(ROUND((Constants!$B$26-$AN10)/Constants!$B$28,6))))) | BT10: =IF($BH10<>Constants!$B$4,"",IF(NOT($AJ10),0,Constants!$B$31*INT(ROUND(MAX(0,MIN($BF10,2*$AF$9)-$AF$9),6)))) | BU10: =IF($BH10<>Constants!$B$4,"",Constants!$B$32*(($AL10>Constants!$B$26)+($AM10>Constants!$B$26)+($AN10>Constants!$B$26))) | BV10: =IF($BH10<>Constants!$B$4,"",IF(OR(NOT($AJ10),$AO10),0,Constants!$B$33)) | BW10: =IF($BH10<>Constants!$B$4,"",Constants!$B$34*$BJ10) | BX10: =IF($BH10<>Constants!$B$4,"",IF(OR(NOT($AJ10),$BE10),0,Constants!$B$36)) | BY10: =IF($BH10<>Constants!$B$4,"",IF(OR(NOT($AJ10),$BD10),0,Constants!$B$37)) | BZ10: =IF($BH10<>Constants!$B$4,"",SUM($BT10:$BY10)) | CA10: =IF(ISBLANK($C10),"",IF($BH10<>Constants!$B$4,$BH10,SUM($BK10:$BS10)-$BZ10)) | CB10: =IF(ISBLANK($C10),"",IF($BH10<>Constants!$B$4,$BH10,RANK($CA10,$CA$9:$CA$508))) | CC10: =IF(ISBLANK($C10),"",IF($BH10<>Constants!$B$4,$BH10,COUNTIFS($BI$9:$BI$508,"<"&$BI10)+COUNTIFS($BI$9:$BI$508,$BI10,$CB$9:$CB$508,"<"&$CB10)+1)) | CD10: =IF(ISBLANK($C10),"",IF($BH10<>Constants!$B$4,$BH10,RANK($BZ10,$BZ$9:$BZ$508,1))) | CE10: =IF($BH10<>Constants!$B$4,"",$AL10+$AM10+$AN10) | CF10: =IF(ISBLANK($C10),"",IF($BH10<>Constants!$B$4,$BH10,RANK($CE10,$CE$9:$CE$508,1))) | CG10: =IF(ISBLANK($C10),"",IF($BH10<>Constants!$B$4,$BH10,COUNTIFS($BI$9:$BI$508,"<"&$BI10)+COUNTIFS($BI$9:$BI$508,$BI10,$CB$9:$CB$508,"<"&$CB10)+COUNTIFS($BI$9:$BI$508,$BI10,$CB$9:$CB$508,$CB10,$CD$9:$CD$508,"<"&$CD10)+COUNTIFS($BI$9:$BI$508,$BI10,$CB$9:$CB$508,$CB10,$CD$9:$CD$508,$CD10,$CF$9:$CF$508,"<"&$CF10)+1)) | CH10: =IF(ISBLANK($C10),"",IF($BH10<>Constants!$B$4,$BH10,$CC10-$CG10)) | CI10: =IF(ISBLANK($C10),"",IF(NOT($AJ10),"",IF(ISBLANK($D$7),$CI$5,IF(NOT(ISNUMBER($D$7)),$CI$6,"")))) | CJ10: =IF(ISBLANK($C10),"",OR($AL10="",$AM10="",$AN10="")) | CK10: =IF(ISBLANK($C10),"",AND($AJ10,$AX10="")) | CL10: =IF(ISBLANK($C10),"",AND($AJ10,$AY10="")) | CM10: =IF(ISBLANK($C10),"",AND($AJ10,$AZ10="")) | CN10: =IF(ISBLANK($C10),"",AND($AJ10,$BC10="")) | CO10: =IF(ISBLANK($C10),"",AND($AJ10,$BF10="")) | CR10: =IF(ISBLANK($C10),"",IF($BH10=Constants!$B$8,$CI10,"")) | CS10: =IF(ISBLANK($C10),"",IF($BH10<>Constants!$B$4,"",$BK10+$BL10)) | CT10: =IF(ISBLANK($C10),"",IF($BH10<>Constants!$B$4,"",$BM10+$BN10+$BO10)) | CU10: =IF(ISBLANK($C10),"",IF($BH10<>Constants!$B$4,"",$BP10)) | CV10: =IF(ISBLANK($C10),"",IF($BH10<>Constants!$B$4,"",$BQ10+$BR10)) | CW10: =IF(ISBLANK($C10),"",IF($BH10<>Constants!$B$4,"",$BS10)) | CX10: =IF(ISBLANK($C10),"",IF($BH10<>Constants!$B$4,"",-$BZ10)) | CY10: =IF(ISBLANK($C10),"",$CA10) | CZ10: =IF(ISBLANK($C10),"",$BI10) | DA10: =IF(ISBLANK($C10),"",$CH10) | DB10: =IF(ISBLANK($C10),"",$CG10) | DC10: =IF(ISBLANK($C10),"",IFERROR(_xlfn.SWITCH($DB10,Constants!$B$7,COUNTA($C$9:$C$508)+2,Constants!$B$6,COUNTA($C$9:$C$508)+1,Constants!$B$5,COUNTA($C$9:$C$508)),$DB10)) | DE10: =IF(OR(ISNUMBER($DB10),$DB10=Constants!$B$7,$DB10=Constants!$B$5,$DB10=Constants!$B$6),1,0) -> 0 | DF10: 2 | DG10: =IF(ISBLANK($C10),"",IF(ISNUMBER($DC10),$DC10+ROW($B10)/1000,"")) | DH10: =IF(ISNUMBER($DG10),RANK($DG10,$DG$9:$DG$508,1),"") | DI10: =IF(ISBLANK($C10),"",$B10) | DJ10: =IF(ISBLANK($C10),"",$C10) | DK10: =IF(ISBLANK($C10),"",$D10) | DL10: =$CZ10 | DM10: =$CY10 | DN10: =IF(ISBLANK($C10),"",$DB10) | DO10: =IF($DF10>$DE$8,"",VLOOKUP($DF10,$DH$9:$DN$508,7,FALSE())) | DP10: =IF($DF10>$DE$8,"",VLOOKUP($DF10,$DH$9:$DN$508,2,FALSE())) | DQ10: =IF($DF10>$DE$8,"",VLOOKUP($DF10,$DH$9:$DN$508,3,FALSE())) | DR10: =IF($DF10>$DE$8,"",VLOOKUP($DF10,$DH$9:$DN$508,4,FALSE())) | DS10: =IF($DF10>$DE$8,"",VLOOKUP($DF10,$DH$9:$DN$508,5,FALSE())) | DT10: =IF($DF10>$DE$8,"",VLOOKUP($DF10,$DH$9:$DN$508,6,FALSE()))
AH11: =IF(ISBLANK($C11),"",IF($E11=Constants!$B$2,TRUE(),IF($E11=Constants!$B$3,FALSE(),TRUE()))) | AI11: =IF(ISBLANK($C11),"",IF($F11=Constants!$B$2,TRUE(),IF($F11=Constants!$B$3,FALSE(),FALSE()))) | AJ11: =IF(ISBLANK($C11),"",IF($G11=Constants!$B$2,TRUE(),IF($G11=Constants!$B$3,FALSE(),TRUE()))) | AK11: =IF(ISBLANK($C11),"",IF($H11=Constants!$B$2,TRUE(),IF($H11=Constants!$B$3,FALSE(),TRUE()))) | AL11: =IF(ISBLANK($C11),"",IF(ISNUMBER($I11),IF($I11>=0,$I11,""),"")) | AM11: =IF(ISBLANK($C11),"",IF(ISNUMBER($J11),IF($J11>=0,$J11,""),"")) | AN11: =IF(ISBLANK($C11),"",IF(ISNUMBER($K11),IF($K11>=0,$K11,""),"")) | AO11: =IF(ISBLANK($C11),"",IF($L11=Constants!$B$2,TRUE(),IF($L11=Constants!$B$3,FALSE(),TRUE()))) | AP11: =IF(ISBLANK($C11),"",IF($M11=Constants!$B$2,TRUE(),IF($M11=Constants!$B$3,FALSE(),TRUE()))) | AQ11: =IF(ISBLANK($C11),"",IF($N11=Constants!$B$2,TRUE(),IF($N11=Constants!$B$3,FALSE(),FALSE()))) | AR11: =IF(ISBLANK($C11),"",IF($O11=Constants!$B$2,TRUE(),IF($O11=Constants!$B$3,FALSE(),TRUE()))) | AS11: =IF(ISBLANK($C11),"",IF($P11=Constants!$B$2,TRUE(),IF($P11=Constants!$B$3,FALSE(),FALSE()))) | AT11: =IF(ISBLANK($C11),"",IF($Q11=Constants!$B$2,TRUE(),IF($Q11=Constants!$B$3,FALSE(),FALSE()))) | AU11: =IF(ISBLANK($C11),"",IF($R11=Constants!$B$2,TRUE(),IF($R11=Constants!$B$3,FALSE(),FALSE()))) | AV11: =IF(ISBLANK($C11),"",IF($S11=Constants!$B$2,TRUE(),IF($S11=Constants!$B$3,FALSE(),FALSE()))) | AW11: =IF(ISBLANK($C11),"",IF($T11=Constants!$B$2,TRUE(),IF($T11=Constants!$B$3,FALSE(),FALSE()))) | AX11: =IF(ISBLANK($C11),"",IF(OR($U11&""="1",$U11&""="2",$U11&""="3",$U11&""="4"),VALUE($U11&""),IF($U11=Constants!$B$12,Constants!$B$12,""))) | AY11: =IF(ISBLANK($C11),"",IF(ISBLANK($V11),0,IF(ISNUMBER($V11),IF(AND($V11>=0,$V11<=Constants!$B$21,$V11=INT($V11)),$V11,""),""))) | AZ11: =IF(ISBLANK($C11),"",IF(ISBLANK($W11),0,IF(ISNUMBER($W11),IF($W11>=0,$W11,""),""))) | BA11: =IF(ISBLANK($C11),"",IF($X11=Constants!$B$2,TRUE(),IF($X11=Constants!$B$3,FALSE(),TRUE()))) | BB11: =IF(ISBLANK($C11),"",IF($Y11=Constants!$B$2,TRUE(),IF($Y11=Constants!$B$3,FALSE(),FALSE()))) | BC11: =IF(ISBLANK($C11),"",IF(ISBLANK($Z11),0,IF(ISNUMBER($Z11),IF(AND($Z11>=0,$Z11<=Constants!$B$35,$Z11=INT($Z11)),$Z11,""),""))) | BD11: =IF(ISBLANK($C11),"",IF($AA11=Constants!$B$2,TRUE(),IF($AA11=Constants!$B$3,FALSE(),TRUE()))) | BE11: =IF(ISBLANK($C11),"",IF($AB11=Constants!$B$2,TRUE(),IF($AB11=Constants!$B$3,FALSE(),TRUE()))) | BF11: =IF(ISBLANK($C11),"",IF(ISNUMBER($AC11),IF($AC11>=0,$AC11,""),"")) | BG11: =IF(ISBLANK($C11),"",IF($AD11=Constants!$B$2,TRUE(),IF($AD11=Constants!$B$3,FALSE(),FALSE()))) | BH11: =IF(ISBLANK($C11),"",IF($BG11,Constants!$B$7,IF(COUNTA($E11:$AC11)=0,Constants!$B$6,IF(OR(COUNTA($G11:$AC11)=0,NOT($AK11),$AQ11),Constants!$B$5,IF(OR($CI11<>"",$CJ11,$CK11,$CL11,$CM11,$CN11,$CO11),Constants!$B$8,Constants!$B$4))))) | BI11: =IF(ISBLANK($C11),"",IF($BH11<>Constants!$B$4,$BH11,IF(OR(NOT($AH11),NOT($AJ11),NOT($AR11)),Constants!$B$11,IF(OR(NOT($AP11),MAX($AL11,$AM11,$AN11)>Constants!$B$30),Constants!$B$10,Constants!$B$9)))) | BJ11: =IF($BH11<>Constants!$B$4,"",IF(NOT($AJ11),0,MIN(Constants!$B$35,$BC11))) | BK11: =IF($BH11<>Constants!$B$4,"",IF(NOT($AJ11),0,IF($AT11,Constants!$B$18,IF($AS11,Constants!$B$17,0)))) | BL11: =IF($BH11<>Constants!$B$4,"",IF(NOT($AJ11),0,Constants!$B$19*($AI11+$AU11+$AV11+$AW11))) | BM11: =IF($BH11<>Constants!$B$4,"",IF(OR(NOT($AJ11),NOT(ISNUMBER($AX11))),0,CHOOSE($AX11,Constants!$B$13,Constants!$B$14,Constants!$B$15,Constants!$B$16))) | BN11: =IF($BH11<>Constants!$B$4,"",IF(NOT($AJ11),0,Constants!$B$20*$AY11)) | BO11: =IF($BH11<>Constants!$B$4,"",IF(AND($AJ11,$BA11,$BB11),Constants!$B$22,0)) | BP11: =IF($BH11<>Constants!$B$4,"",IF(OR(NOT($AJ11),NOT($BA11)),0,IF($BF11>=2*$AF$9,0,Constants!$B$23*INT(ROUND(MIN($BF11,$AF$9),6))))) | BQ11: =IF($BH11<>Constants!$B$4,"",IF(NOT($AJ11),0,Constants!$B$24*INT(ROUND(MIN($AZ11,$AF$9),6)))) | BR11: =IF($BH11<>Constants!$B$4,"",IF(AND($AJ11,$BJ11=0),Constants!$B$25,0)) | BS11: =IF($BH11<>Constants!$B$4,"",MIN(Constants!$B$29,MAX(0,Constants!$B$27*Constants!$B$28*INT(ROUND((Constants!$B$26-$AL11)/Constants!$B$28,6))))+MIN(Constants!$B$29,MAX(0,Constants!$B$27*Constants!$B$28*INT(ROUND((Constants!$B$26-$AM11)/Constants!$B$28,6))))+MIN(Constants!$B$29,MAX(0,Constants!$B$27*Constants!$B$28*INT(ROUND((Constants!$B$26-$AN11)/Constants!$B$28,6))))) | BT11: =IF($BH11<>Constants!$B$4,"",IF(NOT($AJ11),0,Constants!$B$31*INT(ROUND(MAX(0,MIN($BF11,2*$AF$9)-$AF$9),6)))) | BU11: =IF($BH11<>Constants!$B$4,"",Constants!$B$32*(($AL11>Constants!$B$26)+($AM11>Constants!$B$26)+($AN11>Constants!$B$26))) | BV11: =IF($BH11<>Constants!$B$4,"",IF(OR(NOT($AJ11),$AO11),0,Constants!$B$33)) | BW11: =IF($BH11<>Constants!$B$4,"",Constants!$B$34*$BJ11) | BX11: =IF($BH11<>Constants!$B$4,"",IF(OR(NOT($AJ11),$BE11),0,Constants!$B$36)) | BY11: =IF($BH11<>Constants!$B$4,"",IF(OR(NOT($AJ11),$BD11),0,Constants!$B$37)) | BZ11: =IF($BH11<>Constants!$B$4,"",SUM($BT11:$BY11)) | CA11: =IF(ISBLANK($C11),"",IF($BH11<>Constants!$B$4,$BH11,SUM($BK11:$BS11)-$BZ11)) | CB11: =IF(ISBLANK($C11),"",IF($BH11<>Constants!$B$4,$BH11,RANK($CA11,$CA$9:$CA$508))) | CC11: =IF(ISBLANK($C11),"",IF($BH11<>Constants!$B$4,$BH11,COUNTIFS($BI$9:$BI$508,"<"&$BI11)+COUNTIFS($BI$9:$BI$508,$BI11,$CB$9:$CB$508,"<"&$CB11)+1)) | CD11: =IF(ISBLANK($C11),"",IF($BH11<>Constants!$B$4,$BH11,RANK($BZ11,$BZ$9:$BZ$508,1))) | CE11: =IF($BH11<>Constants!$B$4,"",$AL11+$AM11+$AN11) | CF11: =IF(ISBLANK($C11),"",IF($BH11<>Constants!$B$4,$BH11,RANK($CE11,$CE$9:$CE$508,1))) | CG11: =IF(ISBLANK($C11),"",IF($BH11<>Constants!$B$4,$BH11,COUNTIFS($BI$9:$BI$508,"<"&$BI11)+COUNTIFS($BI$9:$BI$508,$BI11,$CB$9:$CB$508,"<"&$CB11)+COUNTIFS($BI$9:$BI$508,$BI11,$CB$9:$CB$508,$CB11,$CD$9:$CD$508,"<"&$CD11)+COUNTIFS($BI$9:$BI$508,$BI11,$CB$9:$CB$508,$CB11,$CD$9:$CD$508,$CD11,$CF$9:$CF$508,"<"&$CF11)+1)) | CH11: =IF(ISBLANK($C11),"",IF($BH11<>Constants!$B$4,$BH11,$CC11-$CG11)) | CI11: =IF(ISBLANK($C11),"",IF(NOT($AJ11),"",IF(ISBLANK($D$7),$CI$5,IF(NOT(ISNUMBER($D$7)),$CI$6,"")))) | CJ11: =IF(ISBLANK($C11),"",OR($AL11="",$AM11="",$AN11="")) | CK11: =IF(ISBLANK($C11),"",AND($AJ11,$AX11="")) | CL11: =IF(ISBLANK($C11),"",AND($AJ11,$AY11="")) | CM11: =IF(ISBLANK($C11),"",AND($AJ11,$AZ11="")) | CN11: =IF(ISBLANK($C11),"",AND($AJ11,$BC11="")) | CO11: =IF(ISBLANK($C11),"",AND($AJ11,$BF11="")) | CR11: =IF(ISBLANK($C11),"",IF($BH11=Constants!$B$8,$CI11,"")) | CS11: =IF(ISBLANK($C11),"",IF($BH11<>Constants!$B$4,"",$BK11+$BL11)) | CT11: =IF(ISBLANK($C11),"",IF($BH11<>Constants!$B$4,"",$BM11+$BN11+$BO11)) | CU11: =IF(ISBLANK($C11),"",IF($BH11<>Constants!$B$4,"",$BP11)) | CV11: =IF(ISBLANK($C11),"",IF($BH11<>Constants!$B$4,"",$BQ11+$BR11)) | CW11: =IF(ISBLANK($C11),"",IF($BH11<>Constants!$B$4,"",$BS11)) | CX11: =IF(ISBLANK($C11),"",IF($BH11<>Constants!$B$4,"",-$BZ11)) | CY11: =IF(ISBLANK($C11),"",$CA11) | CZ11: =IF(ISBLANK($C11),"",$BI11) | DA11: =IF(ISBLANK($C11),"",$CH11) | DB11: =IF(ISBLANK($C11),"",$CG11) | DC11: =IF(ISBLANK($C11),"",IFERROR(_xlfn.SWITCH($DB11,Constants!$B$7,COUNTA($C$9:$C$508)+2,Constants!$B$6,COUNTA($C$9:$C$508)+1,Constants!$B$5,COUNTA($C$9:$C$508)),$DB11)) | DE11: =IF(OR(ISNUMBER($DB11),$DB11=Constants!$B$7,$DB11=Constants!$B$5,$DB11=Constants!$B$6),1,0) -> 0 | DF11: 3 | DG11: =IF(ISBLANK($C11),"",IF(ISNUMBER($DC11),$DC11+ROW($B11)/1000,"")) | DH11: =IF(ISNUMBER($DG11),RANK($DG11,$DG$9:$DG$508,1),"") | DI11: =IF(ISBLANK($C11),"",$B11) | DJ11: =IF(ISBLANK($C11),"",$C11) | DK11: =IF(ISBLANK($C11),"",$D11) | DL11: =$CZ11 | DM11: =$CY11 | DN11: =IF(ISBLANK($C11),"",$DB11) | DO11: =IF($DF11>$DE$8,"",VLOOKUP($DF11,$DH$9:$DN$508,7,FALSE())) | DP11: =IF($DF11>$DE$8,"",VLOOKUP($DF11,$DH$9:$DN$508,2,FALSE())) | DQ11: =IF($DF11>$DE$8,"",VLOOKUP($DF11,$DH$9:$DN$508,3,FALSE())) | DR11: =IF($DF11>$DE$8,"",VLOOKUP($DF11,$DH$9:$DN$508,4,FALSE())) | DS11: =IF($DF11>$DE$8,"",VLOOKUP($DF11,$DH$9:$DN$508,5,FALSE())) | DT11: =IF($DF11>$DE$8,"",VLOOKUP($DF11,$DH$9:$DN$508,6,FALSE()))
AH12: =IF(ISBLANK($C12),"",IF($E12=Constants!$B$2,TRUE(),IF($E12=Constants!$B$3,FALSE(),TRUE()))) | AI12: =IF(ISBLANK($C12),"",IF($F12=Constants!$B$2,TRUE(),IF($F12=Constants!$B$3,FALSE(),FALSE()))) | AJ12: =IF(ISBLANK($C12),"",IF($G12=Constants!$B$2,TRUE(),IF($G12=Constants!$B$3,FALSE(),TRUE()))) | AK12: =IF(ISBLANK($C12),"",IF($H12=Constants!$B$2,TRUE(),IF($H12=Constants!$B$3,FALSE(),TRUE()))) | AL12: =IF(ISBLANK($C12),"",IF(ISNUMBER($I12),IF($I12>=0,$I12,""),"")) | AM12: =IF(ISBLANK($C12),"",IF(ISNUMBER($J12),IF($J12>=0,$J12,""),"")) | AN12: =IF(ISBLANK($C12),"",IF(ISNUMBER($K12),IF($K12>=0,$K12,""),"")) | AO12: =IF(ISBLANK($C12),"",IF($L12=Constants!$B$2,TRUE(),IF($L12=Constants!$B$3,FALSE(),TRUE()))) | AP12: =IF(ISBLANK($C12),"",IF($M12=Constants!$B$2,TRUE(),IF($M12=Constants!$B$3,FALSE(),TRUE()))) | AQ12: =IF(ISBLANK($C12),"",IF($N12=Constants!$B$2,TRUE(),IF($N12=Constants!$B$3,FALSE(),FALSE()))) | AR12: =IF(ISBLANK($C12),"",IF($O12=Constants!$B$2,TRUE(),IF($O12=Constants!$B$3,FALSE(),TRUE()))) | AS12: =IF(ISBLANK($C12),"",IF($P12=Constants!$B$2,TRUE(),IF($P12=Constants!$B$3,FALSE(),FALSE()))) | AT12: =IF(ISBLANK($C12),"",IF($Q12=Constants!$B$2,TRUE(),IF($Q12=Constants!$B$3,FALSE(),FALSE()))) | AU12: =IF(ISBLANK($C12),"",IF($R12=Constants!$B$2,TRUE(),IF($R12=Constants!$B$3,FALSE(),FALSE()))) | AV12: =IF(ISBLANK($C12),"",IF($S12=Constants!$B$2,TRUE(),IF($S12=Constants!$B$3,FALSE(),FALSE()))) | AW12: =IF(ISBLANK($C12),"",IF($T12=Constants!$B$2,TRUE(),IF($T12=Constants!$B$3,FALSE(),FALSE()))) | AX12: =IF(ISBLANK($C12),"",IF(OR($U12&""="1",$U12&""="2",$U12&""="3",$U12&""="4"),VALUE($U12&""),IF($U12=Constants!$B$12,Constants!$B$12,""))) | AY12: =IF(ISBLANK($C12),"",IF(ISBLANK($V12),0,IF(ISNUMBER($V12),IF(AND($V12>=0,$V12<=Constants!$B$21,$V12=INT($V12)),$V12,""),""))) | AZ12: =IF(ISBLANK($C12),"",IF(ISBLANK($W12),0,IF(ISNUMBER($W12),IF($W12>=0,$W12,""),""))) | BA12: =IF(ISBLANK($C12),"",IF($X12=Constants!$B$2,TRUE(),IF($X12=Constants!$B$3,FALSE(),TRUE()))) | BB12: =IF(ISBLANK($C12),"",IF($Y12=Constants!$B$2,TRUE(),IF($Y12=Constants!$B$3,FALSE(),FALSE()))) | BC12: =IF(ISBLANK($C12),"",IF(ISBLANK($Z12),0,IF(ISNUMBER($Z12),IF(AND($Z12>=0,$Z12<=Constants!$B$35,$Z12=INT($Z12)),$Z12,""),""))) | BD12: =IF(ISBLANK($C12),"",IF($AA12=Constants!$B$2,TRUE(),IF($AA12=Constants!$B$3,FALSE(),TRUE()))) | BE12: =IF(ISBLANK($C12),"",IF($AB12=Constants!$B$2,TRUE(),IF($AB12=Constants!$B$3,FALSE(),TRUE()))) | BF12: =IF(ISBLANK($C12),"",IF(ISNUMBER($AC12),IF($AC12>=0,$AC12,""),"")) | BG12: =IF(ISBLANK($C12),"",IF($AD12=Constants!$B$2,TRUE(),IF($AD12=Constants!$B$3,FALSE(),FALSE()))) | BH12: =IF(ISBLANK($C12),"",IF($BG12,Constants!$B$7,IF(COUNTA($E12:$AC12)=0,Constants!$B$6,IF(OR(COUNTA($G12:$AC12)=0,NOT($AK12),$AQ12),Constants!$B$5,IF(OR($CI12<>"",$CJ12,$CK12,$CL12,$CM12,$CN12,$CO12),Constants!$B$8,Constants!$B$4))))) | BI12: =IF(ISBLANK($C12),"",IF($BH12<>Constants!$B$4,$BH12,IF(OR(NOT($AH12),NOT($AJ12),NOT($AR12)),Constants!$B$11,IF(OR(NOT($AP12),MAX($AL12,$AM12,$AN12)>Constants!$B$30),Constants!$B$10,Constants!$B$9)))) | BJ12: =IF($BH12<>Constants!$B$4,"",IF(NOT($AJ12),0,MIN(Constants!$B$35,$BC12))) | BK12: =IF($BH12<>Constants!$B$4,"",IF(NOT($AJ12),0,IF($AT12,Constants!$B$18,IF($AS12,Constants!$B$17,0)))) | BL12: =IF($BH12<>Constants!$B$4,"",IF(NOT($AJ12),0,Constants!$B$19*($AI12+$AU12+$AV12+$AW12))) | BM12: =IF($BH12<>Constants!$B$4,"",IF(OR(NOT($AJ12),NOT(ISNUMBER($AX12))),0,CHOOSE($AX12,Constants!$B$13,Constants!$B$14,Constants!$B$15,Constants!$B$16))) | BN12: =IF($BH12<>Constants!$B$4,"",IF(NOT($AJ12),0,Constants!$B$20*$AY12)) | BO12: =IF($BH12<>Constants!$B$4,"",IF(AND($AJ12,$BA12,$BB12),Constants!$B$22,0)) | BP12: =IF($BH12<>Constants!$B$4,"",IF(OR(NOT($AJ12),NOT($BA12)),0,IF($BF12>=2*$AF$9,0,Constants!$B$23*INT(ROUND(MIN($BF12,$AF$9),6))))) | BQ12: =IF($BH12<>Constants!$B$4,"",IF(NOT($AJ12),0,Constants!$B$24*INT(ROUND(MIN($AZ12,$AF$9),6)))) | BR12: =IF($BH12<>Constants!$B$4,"",IF(AND($AJ12,$BJ12=0),Constants!$B$25,0)) | BS12: =IF($BH12<>Constants!$B$4,"",MIN(Constants!$B$29,MAX(0,Constants!$B$27*Constants!$B$28*INT(ROUND((Constants!$B$26-$AL12)/Constants!$B$28,6))))+MIN(Constants!$B$29,MAX(0,Constants!$B$27*Constants!$B$28*INT(ROUND((Constants!$B$26-$AM12)/Constants!$B$28,6))))+MIN(Constants!$B$29,MAX(0,Constants!$B$27*Constants!$B$28*INT(ROUND((Constants!$B$26-$AN12)/Constants!$B$28,6))))) | BT12: =IF($BH12<>Constants!$B$4,"",IF(NOT($AJ12),0,Constants!$B$31*INT(ROUND(MAX(0,MIN($BF12,2*$AF$9)-$AF$9),6)))) | BU12: =IF($BH12<>Constants!$B$4,"",Constants!$B$32*(($AL12>Constants!$B$26)+($AM12>Constants!$B$26)+($AN12>Constants!$B$26))) | BV12: =IF($BH12<>Constants!$B$4,"",IF(OR(NOT($AJ12),$AO12),0,Constants!$B$33)) | BW12: =IF($BH12<>Constants!$B$4,"",Constants!$B$34*$BJ12) | BX12: =IF($BH12<>Constants!$B$4,"",IF(OR(NOT($AJ12),$BE12),0,Constants!$B$36)) | BY12: =IF($BH12<>Constants!$B$4,"",IF(OR(NOT($AJ12),$BD12),0,Constants!$B$37)) | BZ12: =IF($BH12<>Constants!$B$4,"",SUM($BT12:$BY12)) | CA12: =IF(ISBLANK($C12),"",IF($BH12<>Constants!$B$4,$BH12,SUM($BK12:$BS12)-$BZ12)) | CB12: =IF(ISBLANK($C12),"",IF($BH12<>Constants!$B$4,$BH12,RANK($CA12,$CA$9:$CA$508))) | CC12: =IF(ISBLANK($C12),"",IF($BH12<>Constants!$B$4,$BH12,COUNTIFS($BI$9:$BI$508,"<"&$BI12)+COUNTIFS($BI$9:$BI$508,$BI12,$CB$9:$CB$508,"<"&$CB12)+1)) | CD12: =IF(ISBLANK($C12),"",IF($BH12<>Constants!$B$4,$BH12,RANK($BZ12,$BZ$9:$BZ$508,1))) | CE12: =IF($BH12<>Constants!$B$4,"",$AL12+$AM12+$AN12) | CF12: =IF(ISBLANK($C12),"",IF($BH12<>Constants!$B$4,$BH12,RANK($CE12,$CE$9:$CE$508,1))) | CG12: =IF(ISBLANK($C12),"",IF($BH12<>Constants!$B$4,$BH12,COUNTIFS($BI$9:$BI$508,"<"&$BI12)+COUNTIFS($BI$9:$BI$508,$BI12,$CB$9:$CB$508,"<"&$CB12)+COUNTIFS($BI$9:$BI$508,$BI12,$CB$9:$CB$508,$CB12,$CD$9:$CD$508,"<"&$CD12)+COUNTIFS($BI$9:$BI$508,$BI12,$CB$9:$CB$508,$CB12,$CD$9:$CD$508,$CD12,$CF$9:$CF$508,"<"&$CF12)+1)) | CH12: =IF(ISBLANK($C12),"",IF($BH12<>Constants!$B$4,$BH12,$CC12-$CG12)) | CI12: =IF(ISBLANK($C12),"",IF(NOT($AJ12),"",IF(ISBLANK($D$7),$CI$5,IF(NOT(ISNUMBER($D$7)),$CI$6,"")))) | CJ12: =IF(ISBLANK($C12),"",OR($AL12="",$AM12="",$AN12="")) | CK12: =IF(ISBLANK($C12),"",AND($AJ12,$AX12="")) | CL12: =IF(ISBLANK($C12),"",AND($AJ12,$AY12="")) | CM12: =IF(ISBLANK($C12),"",AND($AJ12,$AZ12="")) | CN12: =IF(ISBLANK($C12),"",AND($AJ12,$BC12="")) | CO12: =IF(ISBLANK($C12),"",AND($AJ12,$BF12="")) | CR12: =IF(ISBLANK($C12),"",IF($BH12=Constants!$B$8,$CI12,"")) | CS12: =IF(ISBLANK($C12),"",IF($BH12<>Constants!$B$4,"",$BK12+$BL12)) | CT12: =IF(ISBLANK($C12),"",IF($BH12<>Constants!$B$4,"",$BM12+$BN12+$BO12)) | CU12: =IF(ISBLANK($C12),"",IF($BH12<>Constants!$B$4,"",$BP12)) | CV12: =IF(ISBLANK($C12),"",IF($BH12<>Constants!$B$4,"",$BQ12+$BR12)) | CW12: =IF(ISBLANK($C12),"",IF($BH12<>Constants!$B$4,"",$BS12)) | CX12: =IF(ISBLANK($C12),"",IF($BH12<>Constants!$B$4,"",-$BZ12)) | CY12: =IF(ISBLANK($C12),"",$CA12) | CZ12: =IF(ISBLANK($C12),"",$BI12) | DA12: =IF(ISBLANK($C12),"",$CH12) | DB12: =IF(ISBLANK($C12),"",$CG12) | DC12: =IF(ISBLANK($C12),"",IFERROR(_xlfn.SWITCH($DB12,Constants!$B$7,COUNTA($C$9:$C$508)+2,Constants!$B$6,COUNTA($C$9:$C$508)+1,Constants!$B$5,COUNTA($C$9:$C$508)),$DB12)) | DE12: =IF(OR(ISNUMBER($DB12),$DB12=Constants!$B$7,$DB12=Constants!$B$5,$DB12=Constants!$B$6),1,0) -> 0 | DF12: 4 | DG12: =IF(ISBLANK($C12),"",IF(ISNUMBER($DC12),$DC12+ROW($B12)/1000,"")) | DH12: =IF(ISNUMBER($DG12),RANK($DG12,$DG$9:$DG$508,1),"") | DI12: =IF(ISBLANK($C12),"",$B12) | DJ12: =IF(ISBLANK($C12),"",$C12) | DK12: =IF(ISBLANK($C12),"",$D12) | DL12: =$CZ12 | DM12: =$CY12 | DN12: =IF(ISBLANK($C12),"",$DB12) | DO12: =IF($DF12>$DE$8,"",VLOOKUP($DF12,$DH$9:$DN$508,7,FALSE())) | DP12: =IF($DF12>$DE$8,"",VLOOKUP($DF12,$DH$9:$DN$508,2,FALSE())) | DQ12: =IF($DF12>$DE$8,"",VLOOKUP($DF12,$DH$9:$DN$508,3,FALSE())) | DR12: =IF($DF12>$DE$8,"",VLOOKUP($DF12,$DH$9:$DN$508,4,FALSE())) | DS12: =IF($DF12>$DE$8,"",VLOOKUP($DF12,$DH$9:$DN$508,5,FALSE())) | DT12: =IF($DF12>$DE$8,"",VLOOKUP($DF12,$DH$9:$DN$508,6,FALSE()))
AH13: =IF(ISBLANK($C13),"",IF($E13=Constants!$B$2,TRUE(),IF($E13=Constants!$B$3,FALSE(),TRUE()))) | AI13: =IF(ISBLANK($C13),"",IF($F13=Constants!$B$2,TRUE(),IF($F13=Constants!$B$3,FALSE(),FALSE()))) | AJ13: =IF(ISBLANK($C13),"",IF($G13=Constants!$B$2,TRUE(),IF($G13=Constants!$B$3,FALSE(),TRUE()))) | AK13: =IF(ISBLANK($C13),"",IF($H13=Constants!$B$2,TRUE(),IF($H13=Constants!$B$3,FALSE(),TRUE()))) | AL13: =IF(ISBLANK($C13),"",IF(ISNUMBER($I13),IF($I13>=0,$I13,""),"")) | AM13: =IF(ISBLANK($C13),"",IF(ISNUMBER($J13),IF($J13>=0,$J13,""),"")) | AN13: =IF(ISBLANK($C13),"",IF(ISNUMBER($K13),IF($K13>=0,$K13,""),"")) | AO13: =IF(ISBLANK($C13),"",IF($L13=Constants!$B$2,TRUE(),IF($L13=Constants!$B$3,FALSE(),TRUE()))) | AP13: =IF(ISBLANK($C13),"",IF($M13=Constants!$B$2,TRUE(),IF($M13=Constants!$B$3,FALSE(),TRUE()))) | AQ13: =IF(ISBLANK($C13),"",IF($N13=Constants!$B$2,TRUE(),IF($N13=Constants!$B$3,FALSE(),FALSE()))) | AR13: =IF(ISBLANK($C13),"",IF($O13=Constants!$B$2,TRUE(),IF($O13=Constants!$B$3,FALSE(),TRUE()))) | AS13: =IF(ISBLANK($C13),"",IF($P13=Constants!$B$2,TRUE(),IF($P13=Constants!$B$3,FALSE(),FALSE()))) | AT13: =IF(ISBLANK($C13),"",IF($Q13=Constants!$B$2,TRUE(),IF($Q13=Constants!$B$3,FALSE(),FALSE()))) | AU13: =IF(ISBLANK($C13),"",IF($R13=Constants!$B$2,TRUE(),IF($R13=Constants!$B$3,FALSE(),FALSE()))) | AV13: =IF(ISBLANK($C13),"",IF($S13=Constants!$B$2,TRUE(),IF($S13=Constants!$B$3,FALSE(),FALSE()))) | AW13: =IF(ISBLANK($C13),"",IF($T13=Constants!$B$2,TRUE(),IF($T13=Constants!$B$3,FALSE(),FALSE()))) | AX13: =IF(ISBLANK($C13),"",IF(OR($U13&""="1",$U13&""="2",$U13&""="3",$U13&""="4"),VALUE($U13&""),IF($U13=Constants!$B$12,Constants!$B$12,""))) | AY13: =IF(ISBLANK($C13),"",IF(ISBLANK($V13),0,IF(ISNUMBER($V13),IF(AND($V13>=0,$V13<=Constants!$B$21,$V13=INT($V13)),$V13,""),""))) | AZ13: =IF(ISBLANK($C13),"",IF(ISBLANK($W13),0,IF(ISNUMBER($W13),IF($W13>=0,$W13,""),""))) | BA13: =IF(ISBLANK($C13),"",IF($X13=Constants!$B$2,TRUE(),IF($X13=Constants!$B$3,FALSE(),TRUE()))) | BB13: =IF(ISBLANK($C13),"",IF($Y13=Constants!$B$2,TRUE(),IF($Y13=Constants!$B$3,FALSE(),FALSE()))) | BC13: =IF(ISBLANK($C13),"",IF(ISBLANK($Z13),0,IF(ISNUMBER($Z13),IF(AND($Z13>=0,$Z13<=Constants!$B$35,$Z13=INT($Z13)),$Z13,""),""))) | BD13: =IF(ISBLANK($C13),"",IF($AA13=Constants!$B$2,TRUE(),IF($AA13=Constants!$B$3,FALSE(),TRUE()))) | BE13: =IF(ISBLANK($C13),"",IF($AB13=Constants!$B$2,TRUE(),IF($AB13=Constants!$B$3,FALSE(),TRUE()))) | BF13: =IF(ISBLANK($C13),"",IF(ISNUMBER($AC13),IF($AC13>=0,$AC13,""),"")) | BG13: =IF(ISBLANK($C13),"",IF($AD13=Constants!$B$2,TRUE(),IF($AD13=Constants!$B$3,FALSE(),FALSE()))) | BH13: =IF(ISBLANK($C13),"",IF($BG13,Constants!$B$7,IF(COUNTA($E13:$AC13)=0,Constants!$B$6,IF(OR(COUNTA($G13:$AC13)=0,NOT($AK13),$AQ13),Constants!$B$5,IF(OR($CI13<>"",$CJ13,$CK13,$CL13,$CM13,$CN13,$CO13),Constants!$B$8,Constants!$B$4))))) | BI13: =IF(ISBLANK($C13),"",IF($BH13<>Constants!$B$4,$BH13,IF(OR(NOT($AH13),NOT($AJ13),NOT($AR13)),Constants!$B$11,IF(OR(NOT($AP13),MAX($AL13,$AM13,$AN13)>Constants!$B$30),Constants!$B$10,Constants!$B$9)))) | BJ13: =IF($BH13<>Constants!$B$4,"",IF(NOT($AJ13),0,MIN(Constants!$B$35,$BC13))) | BK13: =IF($BH13<>Constants!$B$4,"",IF(NOT($AJ13),0,IF($AT13,Constants!$B$18,IF($AS13,Constants!$B$17,0)))) | BL13: =IF($BH13<>Constants!$B$4,"",IF(NOT($AJ13),0,Constants!$B$19*($AI13+$AU13+$AV13+$AW13))) | BM13: =IF($BH13<>Constants!$B$4,"",IF(OR(NOT($AJ13),NOT(ISNUMBER($AX13))),0,CHOOSE($AX13,Constants!$B$13,Constants!$B$14,Constants!$B$15,Constants!$B$16))) | BN13: =IF($BH13<>Constants!$B$4,"",IF(NOT($AJ13),0,Constants!$B$20*$AY13)) | BO13: =IF($BH13<>Constants!$B$4,"",IF(AND($AJ13,$BA13,$BB13),Constants!$B$22,0)) | BP13: =IF($BH13<>Constants!$B$4,"",IF(OR(NOT($AJ13),NOT($BA13)),0,IF($BF13>=2*$AF$9,0,Constants!$B$23*INT(ROUND(MIN($BF13,$AF$9),6))))) | BQ13: =IF($BH13<>Constants!$B$4,"",IF(NOT($AJ13),0,Constants!$B$24*INT(ROUND(MIN($AZ13,$AF$9),6)))) | BR13: =IF($BH13<>Constants!$B$4,"",IF(AND($AJ13,$BJ13=0),Constants!$B$25,0)) | BS13: =IF($BH13<>Constants!$B$4,"",MIN(Constants!$B$29,MAX(0,Constants!$B$27*Constants!$B$28*INT(ROUND((Constants!$B$26-$AL13)/Constants!$B$28,6))))+MIN(Constants!$B$29,MAX(0,Constants!$B$27*Constants!$B$28*INT(ROUND((Constants!$B$26-$AM13)/Constants!$B$28,6))))+MIN(Constants!$B$29,MAX(0,Constants!$B$27*Constants!$B$28*INT(ROUND((Constants!$B$26-$AN13)/Constants!$B$28,6))))) | BT13: =IF($BH13<>Constants!$B$4,"",IF(NOT($AJ13),0,Constants!$B$31*INT(ROUND(MAX(0,MIN($BF13,2*$AF$9)-$AF$9),6)))) | BU13: =IF($BH13<>Constants!$B$4,"",Constants!$B$32*(($AL13>Constants!$B$26)+($AM13>Constants!$B$26)+($AN13>Constants!$B$26))) | BV13: =IF($BH13<>Constants!$B$4,"",IF(OR(NOT($AJ13),$AO13),0,Constants!$B$33)) | BW13: =IF($BH13<>Constants!$B$4,"",Constants!$B$34*$BJ13) | BX13: =IF($BH13<>Constants!$B$4,"",IF(OR(NOT($AJ13),$BE13),0,Constants!$B$36)) | BY13: =IF($BH13<>Constants!$B$4,"",IF(OR(NOT($AJ13),$BD13),0,Constants!$B$37)) | BZ13: =IF($BH13<>Constants!$B$4,"",SUM($BT13:$BY13)) | CA13: =IF(ISBLANK($C13),"",IF($BH13<>Constants!$B$4,$BH13,SUM($BK13:$BS13)-$BZ13)) | CB13: =IF(ISBLANK($C13),"",IF($BH13<>Constants!$B$4,$BH13,RANK($CA13,$CA$9:$CA$508))) | CC13: =IF(ISBLANK($C13),"",IF($BH13<>Constants!$B$4,$BH13,COUNTIFS($BI$9:$BI$508,"<"&$BI13)+COUNTIFS($BI$9:$BI$508,$BI13,$CB$9:$CB$508,"<"&$CB13)+1)) | CD13: =IF(ISBLANK($C13),"",IF($BH13<>Constants!$B$4,$BH13,RANK($BZ13,$BZ$9:$BZ$508,1))) | CE13: =IF($BH13<>Constants!$B$4,"",$AL13+$AM13+$AN13) | CF13: =IF(ISBLANK($C13),"",IF($BH13<>Constants!$B$4,$BH13,RANK($CE13,$CE$9:$CE$508,1))) | CG13: =IF(ISBLANK($C13),"",IF($BH13<>Constants!$B$4,$BH13,COUNTIFS($BI$9:$BI$508,"<"&$BI13)+COUNTIFS($BI$9:$BI$508,$BI13,$CB$9:$CB$508,"<"&$CB13)+COUNTIFS($BI$9:$BI$508,$BI13,$CB$9:$CB$508,$CB13,$CD$9:$CD$508,"<"&$CD13)+COUNTIFS($BI$9:$BI$508,$BI13,$CB$9:$CB$508,$CB13,$CD$9:$CD$508,$CD13,$CF$9:$CF$508,"<"&$CF13)+1)) | CH13: =IF(ISBLANK($C13),"",IF($BH13<>Constants!$B$4,$BH13,$CC13-$CG13)) | CI13: =IF(ISBLANK($C13),"",IF(NOT($AJ13),"",IF(ISBLANK($D$7),$CI$5,IF(NOT(ISNUMBER($D$7)),$CI$6,"")))) | CJ13: =IF(ISBLANK($C13),"",OR($AL13="",$AM13="",$AN13="")) | CK13: =IF(ISBLANK($C13),"",AND($AJ13,$AX13="")) | CL13: =IF(ISBLANK($C13),"",AND($AJ13,$AY13="")) | CM13: =IF(ISBLANK($C13),"",AND($AJ13,$AZ13="")) | CN13: =IF(ISBLANK($C13),"",AND($AJ13,$BC13="")) | CO13: =IF(ISBLANK($C13),"",AND($AJ13,$BF13="")) | CR13: =IF(ISBLANK($C13),"",IF($BH13=Constants!$B$8,$CI13,"")) | CS13: =IF(ISBLANK($C13),"",IF($BH13<>Constants!$B$4,"",$BK13+$BL13)) | CT13: =IF(ISBLANK($C13),"",IF($BH13<>Constants!$B$4,"",$BM13+$BN13+$BO13)) | CU13: =IF(ISBLANK($C13),"",IF($BH13<>Constants!$B$4,"",$BP13)) | CV13: =IF(ISBLANK($C13),"",IF($BH13<>Constants!$B$4,"",$BQ13+$BR13)) | CW13: =IF(ISBLANK($C13),"",IF($BH13<>Constants!$B$4,"",$BS13)) | CX13: =IF(ISBLANK($C13),"",IF($BH13<>Constants!$B$4,"",-$BZ13)) | CY13: =IF(ISBLANK($C13),"",$CA13) | CZ13: =IF(ISBLANK($C13),"",$BI13) | DA13: =IF(ISBLANK($C13),"",$CH13) | DB13: =IF(ISBLANK($C13),"",$CG13) | DC13: =IF(ISBLANK($C13),"",IFERROR(_xlfn.SWITCH($DB13,Constants!$B$7,COUNTA($C$9:$C$508)+2,Constants!$B$6,COUNTA($C$9:$C$508)+1,Constants!$B$5,COUNTA($C$9:$C$508)),$DB13)) | DE13: =IF(OR(ISNUMBER($DB13),$DB13=Constants!$B$7,$DB13=Constants!$B$5,$DB13=Constants!$B$6),1,0) -> 0 | DF13: 5 | DG13: =IF(ISBLANK($C13),"",IF(ISNUMBER($DC13),$DC13+ROW($B13)/1000,"")) | DH13: =IF(ISNUMBER($DG13),RANK($DG13,$DG$9:$DG$508,1),"") | DI13: =IF(ISBLANK($C13),"",$B13) | DJ13: =IF(ISBLANK($C13),"",$C13) | DK13: =IF(ISBLANK($C13),"",$D13) | DL13: =$CZ13 | DM13: =$CY13 | DN13: =IF(ISBLANK($C13),"",$DB13) | DO13: =IF($DF13>$DE$8,"",VLOOKUP($DF13,$DH$9:$DN$508,7,FALSE())) | DP13: =IF($DF13>$DE$8,"",VLOOKUP($DF13,$DH$9:$DN$508,2,FALSE())) | DQ13: =IF($DF13>$DE$8,"",VLOOKUP($DF13,$DH$9:$DN$508,3,FALSE())) | DR13: =IF($DF13>$DE$8,"",VLOOKUP($DF13,$DH$9:$DN$508,4,FALSE())) | DS13: =IF($DF13>$DE$8,"",VLOOKUP($DF13,$DH$9:$DN$508,5,FALSE())) | DT13: =IF($DF13>$DE$8,"",VLOOKUP($DF13,$DH$9:$DN$508,6,FALSE()))
AH14: =IF(ISBLANK($C14),"",IF($E14=Constants!$B$2,TRUE(),IF($E14=Constants!$B$3,FALSE(),TRUE()))) | AI14: =IF(ISBLANK($C14),"",IF($F14=Constants!$B$2,TRUE(),IF($F14=Constants!$B$3,FALSE(),FALSE()))) | AJ14: =IF(ISBLANK($C14),"",IF($G14=Constants!$B$2,TRUE(),IF($G14=Constants!$B$3,FALSE(),TRUE()))) | AK14: =IF(ISBLANK($C14),"",IF($H14=Constants!$B$2,TRUE(),IF($H14=Constants!$B$3,FALSE(),TRUE()))) | AL14: =IF(ISBLANK($C14),"",IF(ISNUMBER($I14),IF($I14>=0,$I14,""),"")) | AM14: =IF(ISBLANK($C14),"",IF(ISNUMBER($J14),IF($J14>=0,$J14,""),"")) | AN14: =IF(ISBLANK($C14),"",IF(ISNUMBER($K14),IF($K14>=0,$K14,""),"")) | AO14: =IF(ISBLANK($C14),"",IF($L14=Constants!$B$2,TRUE(),IF($L14=Constants!$B$3,FALSE(),TRUE()))) | AP14: =IF(ISBLANK($C14),"",IF($M14=Constants!$B$2,TRUE(),IF($M14=Constants!$B$3,FALSE(),TRUE()))) | AQ14: =IF(ISBLANK($C14),"",IF($N14=Constants!$B$2,TRUE(),IF($N14=Constants!$B$3,FALSE(),FALSE()))) | AR14: =IF(ISBLANK($C14),"",IF($O14=Constants!$B$2,TRUE(),IF($O14=Constants!$B$3,FALSE(),TRUE()))) | AS14: =IF(ISBLANK($C14),"",IF($P14=Constants!$B$2,TRUE(),IF($P14=Constants!$B$3,FALSE(),FALSE()))) | AT14: =IF(ISBLANK($C14),"",IF($Q14=Constants!$B$2,TRUE(),IF($Q14=Constants!$B$3,FALSE(),FALSE()))) | AU14: =IF(ISBLANK($C14),"",IF($R14=Constants!$B$2,TRUE(),IF($R14=Constants!$B$3,FALSE(),FALSE()))) | AV14: =IF(ISBLANK($C14),"",IF($S14=Constants!$B$2,TRUE(),IF($S14=Constants!$B$3,FALSE(),FALSE()))) | AW14: =IF(ISBLANK($C14),"",IF($T14=Constants!$B$2,TRUE(),IF($T14=Constants!$B$3,FALSE(),FALSE()))) | AX14: =IF(ISBLANK($C14),"",IF(OR($U14&""="1",$U14&""="2",$U14&""="3",$U14&""="4"),VALUE($U14&""),IF($U14=Constants!$B$12,Constants!$B$12,""))) | AY14: =IF(ISBLANK($C14),"",IF(ISBLANK($V14),0,IF(ISNUMBER($V14),IF(AND($V14>=0,$V14<=Constants!$B$21,$V14=INT($V14)),$V14,""),""))) | AZ14: =IF(ISBLANK($C14),"",IF(ISBLANK($W14),0,IF(ISNUMBER($W14),IF($W14>=0,$W14,""),""))) | BA14: =IF(ISBLANK($C14),"",IF($X14=Constants!$B$2,TRUE(),IF($X14=Constants!$B$3,FALSE(),TRUE()))) | BB14: =IF(ISBLANK($C14),"",IF($Y14=Constants!$B$2,TRUE(),IF($Y14=Constants!$B$3,FALSE(),FALSE()))) | BC14: =IF(ISBLANK($C14),"",IF(ISBLANK($Z14),0,IF(ISNUMBER($Z14),IF(AND($Z14>=0,$Z14<=Constants!$B$35,$Z14=INT($Z14)),$Z14,""),""))) | BD14: =IF(ISBLANK($C14),"",IF($AA14=Constants!$B$2,TRUE(),IF($AA14=Constants!$B$3,FALSE(),TRUE()))) | BE14: =IF(ISBLANK($C14),"",IF($AB14=Constants!$B$2,TRUE(),IF($AB14=Constants!$B$3,FALSE(),TRUE()))) | BF14: =IF(ISBLANK($C14),"",IF(ISNUMBER($AC14),IF($AC14>=0,$AC14,""),"")) | BG14: =IF(ISBLANK($C14),"",IF($AD14=Constants!$B$2,TRUE(),IF($AD14=Constants!$B$3,FALSE(),FALSE()))) | BH14: =IF(ISBLANK($C14),"",IF($BG14,Constants!$B$7,IF(COUNTA($E14:$AC14)=0,Constants!$B$6,IF(OR(COUNTA($G14:$AC14)=0,NOT($AK14),$AQ14),Constants!$B$5,IF(OR($CI14<>"",$CJ14,$CK14,$CL14,$CM14,$CN14,$CO14),Constants!$B$8,Constants!$B$4))))) | BI14: =IF(ISBLANK($C14),"",IF($BH14<>Constants!$B$4,$BH14,IF(OR(NOT($AH14),NOT($AJ14),NOT($AR14)),Constants!$B$11,IF(OR(NOT($AP14),MAX($AL14,$AM14,$AN14)>Constants!$B$30),Constants!$B$10,Constants!$B$9)))) | BJ14: =IF($BH14<>Constants!$B$4,"",IF(NOT($AJ14),0,MIN(Constants!$B$35,$BC14))) | BK14: =IF($BH14<>Constants!$B$4,"",IF(NOT($AJ14),0,IF($AT14,Constants!$B$18,IF($AS14,Constants!$B$17,0)))) | BL14: =IF($BH14<>Constants!$B$4,"",IF(NOT($AJ14),0,Constants!$B$19*($AI14+$AU14+$AV14+$AW14))) | BM14: =IF($BH14<>Constants!$B$4,"",IF(OR(NOT($AJ14),NOT(ISNUMBER($AX14))),0,CHOOSE($AX14,Constants!$B$13,Constants!$B$14,Constants!$B$15,Constants!$B$16))) | BN14: =IF($BH14<>Constants!$B$4,"",IF(NOT($AJ14),0,Constants!$B$20*$AY14)) | BO14: =IF($BH14<>Constants!$B$4,"",IF(AND($AJ14,$BA14,$BB14),Constants!$B$22,0)) | BP14: =IF($BH14<>Constants!$B$4,"",IF(OR(NOT($AJ14),NOT($BA14)),0,IF($BF14>=2*$AF$9,0,Constants!$B$23*INT(ROUND(MIN($BF14,$AF$9),6))))) | BQ14: =IF($BH14<>Constants!$B$4,"",IF(NOT($AJ14),0,Constants!$B$24*INT(ROUND(MIN($AZ14,$AF$9),6)))) | BR14: =IF($BH14<>Constants!$B$4,"",IF(AND($AJ14,$BJ14=0),Constants!$B$25,0)) | BS14: =IF($BH14<>Constants!$B$4,"",MIN(Constants!$B$29,MAX(0,Constants!$B$27*Constants!$B$28*INT(ROUND((Constants!$B$26-$AL14)/Constants!$B$28,6))))+MIN(Constants!$B$29,MAX(0,Constants!$B$27*Constants!$B$28*INT(ROUND((Constants!$B$26-$AM14)/Constants!$B$28,6))))+MIN(Constants!$B$29,MAX(0,Constants!$B$27*Constants!$B$28*INT(ROUND((Constants!$B$26-$AN14)/Constants!$B$28,6))))) | BT14: =IF($BH14<>Constants!$B$4,"",IF(NOT($AJ14),0,Constants!$B$31*INT(ROUND(MAX(0,MIN($BF14,2*$AF$9)-$AF$9),6)))) | BU14: =IF($BH14<>Constants!$B$4,"",Constants!$B$32*(($AL14>Constants!$B$26)+($AM14>Constants!$B$26)+($AN14>Constants!$B$26))) | BV14: =IF($BH14<>Constants!$B$4,"",IF(OR(NOT($AJ14),$AO14),0,Constants!$B$33)) | BW14: =IF($BH14<>Constants!$B$4,"",Constants!$B$34*$BJ14) | BX14: =IF($BH14<>Constants!$B$4,"",IF(OR(NOT($AJ14),$BE14),0,Constants!$B$36)) | BY14: =IF($BH14<>Constants!$B$4,"",IF(OR(NOT($AJ14),$BD14),0,Constants!$B$37)) | BZ14: =IF($BH14<>Constants!$B$4,"",SUM($BT14:$BY14)) | CA14: =IF(ISBLANK($C14),"",IF($BH14<>Constants!$B$4,$BH14,SUM($BK14:$BS14)-$BZ14)) | CB14: =IF(ISBLANK($C14),"",IF($BH14<>Constants!$B$4,$BH14,RANK($CA14,$CA$9:$CA$508))) | CC14: =IF(ISBLANK($C14),"",IF($BH14<>Constants!$B$4,$BH14,COUNTIFS($BI$9:$BI$508,"<"&$BI14)+COUNTIFS($BI$9:$BI$508,$BI14,$CB$9:$CB$508,"<"&$CB14)+1)) | CD14: =IF(ISBLANK($C14),"",IF($BH14<>Constants!$B$4,$BH14,RANK($BZ14,$BZ$9:$BZ$508,1))) | CE14: =IF($BH14<>Constants!$B$4,"",$AL14+$AM14+$AN14) | CF14: =IF(ISBLANK($C14),"",IF($BH14<>Constants!$B$4,$BH14,RANK($CE14,$CE$9:$CE$508,1))) | CG14: =IF(ISBLANK($C14),"",IF($BH14<>Constants!$B$4,$BH14,COUNTIFS($BI$9:$BI$508,"<"&$BI14)+COUNTIFS($BI$9:$BI$508,$BI14,$CB$9:$CB$508,"<"&$CB14)+COUNTIFS($BI$9:$BI$508,$BI14,$CB$9:$CB$508,$CB14,$CD$9:$CD$508,"<"&$CD14)+COUNTIFS($BI$9:$BI$508,$BI14,$CB$9:$CB$508,$CB14,$CD$9:$CD$508,$CD14,$CF$9:$CF$508,"<"&$CF14)+1)) | CH14: =IF(ISBLANK($C14),"",IF($BH14<>Constants!$B$4,$BH14,$CC14-$CG14)) | CI14: =IF(ISBLANK($C14),"",IF(NOT($AJ14),"",IF(ISBLANK($D$7),$CI$5,IF(NOT(ISNUMBER($D$7)),$CI$6,"")))) | CJ14: =IF(ISBLANK($C14),"",OR($AL14="",$AM14="",$AN14="")) | CK14: =IF(ISBLANK($C14),"",AND($AJ14,$AX14="")) | CL14: =IF(ISBLANK($C14),"",AND($AJ14,$AY14="")) | CM14: =IF(ISBLANK($C14),"",AND($AJ14,$AZ14="")) | CN14: =IF(ISBLANK($C14),"",AND($AJ14,$BC14="")) | CO14: =IF(ISBLANK($C14),"",AND($AJ14,$BF14="")) | CR14: =IF(ISBLANK($C14),"",IF($BH14=Constants!$B$8,$CI14,"")) | CS14: =IF(ISBLANK($C14),"",IF($BH14<>Constants!$B$4,"",$BK14+$BL14)) | CT14: =IF(ISBLANK($C14),"",IF($BH14<>Constants!$B$4,"",$BM14+$BN14+$BO14)) | CU14: =IF(ISBLANK($C14),"",IF($BH14<>Constants!$B$4,"",$BP14)) | CV14: =IF(ISBLANK($C14),"",IF($BH14<>Constants!$B$4,"",$BQ14+$BR14)) | CW14: =IF(ISBLANK($C14),"",IF($BH14<>Constants!$B$4,"",$BS14)) | CX14: =IF(ISBLANK($C14),"",IF($BH14<>Constants!$B$4,"",-$BZ14)) | CY14: =IF(ISBLANK($C14),"",$CA14) | CZ14: =IF(ISBLANK($C14),"",$BI14) | DA14: =IF(ISBLANK($C14),"",$CH14) | DB14: =IF(ISBLANK($C14),"",$CG14) | DC14: =IF(ISBLANK($C14),"",IFERROR(_xlfn.SWITCH($DB14,Constants!$B$7,COUNTA($C$9:$C$508)+2,Constants!$B$6,COUNTA($C$9:$C$508)+1,Constants!$B$5,COUNTA($C$9:$C$508)),$DB14)) | DE14: =IF(OR(ISNUMBER($DB14),$DB14=Constants!$B$7,$DB14=Constants!$B$5,$DB14=Constants!$B$6),1,0) -> 0 | DF14: 6 | DG14: =IF(ISBLANK($C14),"",IF(ISNUMBER($DC14),$DC14+ROW($B14)/1000,"")) | DH14: =IF(ISNUMBER($DG14),RANK($DG14,$DG$9:$DG$508,1),"") | DI14: =IF(ISBLANK($C14),"",$B14) | DJ14: =IF(ISBLANK($C14),"",$C14) | DK14: =IF(ISBLANK($C14),"",$D14) | DL14: =$CZ14 | DM14: =$CY14 | DN14: =IF(ISBLANK($C14),"",$DB14) | DO14: =IF($DF14>$DE$8,"",VLOOKUP($DF14,$DH$9:$DN$508,7,FALSE())) | DP14: =IF($DF14>$DE$8,"",VLOOKUP($DF14,$DH$9:$DN$508,2,FALSE())) | DQ14: =IF($DF14>$DE$8,"",VLOOKUP($DF14,$DH$9:$DN$508,3,FALSE())) | DR14: =IF($DF14>$DE$8,"",VLOOKUP($DF14,$DH$9:$DN$508,4,FALSE())) | DS14: =IF($DF14>$DE$8,"",VLOOKUP($DF14,$DH$9:$DN$508,5,FALSE())) | DT14: =IF($DF14>$DE$8,"",VLOOKUP($DF14,$DH$9:$DN$508,6,FALSE()))
AH15: =IF(ISBLANK($C15),"",IF($E15=Constants!$B$2,TRUE(),IF($E15=Constants!$B$3,FALSE(),TRUE()))) | AI15: =IF(ISBLANK($C15),"",IF($F15=Constants!$B$2,TRUE(),IF($F15=Constants!$B$3,FALSE(),FALSE()))) | AJ15: =IF(ISBLANK($C15),"",IF($G15=Constants!$B$2,TRUE(),IF($G15=Constants!$B$3,FALSE(),TRUE()))) | AK15: =IF(ISBLANK($C15),"",IF($H15=Constants!$B$2,TRUE(),IF($H15=Constants!$B$3,FALSE(),TRUE()))) | AL15: =IF(ISBLANK($C15),"",IF(ISNUMBER($I15),IF($I15>=0,$I15,""),"")) | AM15: =IF(ISBLANK($C15),"",IF(ISNUMBER($J15),IF($J15>=0,$J15,""),"")) | AN15: =IF(ISBLANK($C15),"",IF(ISNUMBER($K15),IF($K15>=0,$K15,""),"")) | AO15: =IF(ISBLANK($C15),"",IF($L15=Constants!$B$2,TRUE(),IF($L15=Constants!$B$3,FALSE(),TRUE()))) | AP15: =IF(ISBLANK($C15),"",IF($M15=Constants!$B$2,TRUE(),IF($M15=Constants!$B$3,FALSE(),TRUE()))) | AQ15: =IF(ISBLANK($C15),"",IF($N15=Constants!$B$2,TRUE(),IF($N15=Constants!$B$3,FALSE(),FALSE()))) | AR15: =IF(ISBLANK($C15),"",IF($O15=Constants!$B$2,TRUE(),IF($O15=Constants!$B$3,FALSE(),TRUE()))) | AS15: =IF(ISBLANK($C15),"",IF($P15=Constants!$B$2,TRUE(),IF($P15=Constants!$B$3,FALSE(),FALSE()))) | AT15: =IF(ISBLANK($C15),"",IF($Q15=Constants!$B$2,TRUE(),IF($Q15=Constants!$B$3,FALSE(),FALSE()))) | AU15: =IF(ISBLANK($C15),"",IF($R15=Constants!$B$2,TRUE(),IF($R15=Constants!$B$3,FALSE(),FALSE()))) | AV15: =IF(ISBLANK($C15),"",IF($S15=Constants!$B$2,TRUE(),IF($S15=Constants!$B$3,FALSE(),FALSE()))) | AW15: =IF(ISBLANK($C15),"",IF($T15=Constants!$B$2,TRUE(),IF($T15=Constants!$B$3,FALSE(),FALSE()))) | AX15: =IF(ISBLANK($C15),"",IF(OR($U15&""="1",$U15&""="2",$U15&""="3",$U15&""="4"),VALUE($U15&""),IF($U15=Constants!$B$12,Constants!$B$12,""))) | AY15: =IF(ISBLANK($C15),"",IF(ISBLANK($V15),0,IF(ISNUMBER($V15),IF(AND($V15>=0,$V15<=Constants!$B$21,$V15=INT($V15)),$V15,""),""))) | AZ15: =IF(ISBLANK($C15),"",IF(ISBLANK($W15),0,IF(ISNUMBER($W15),IF($W15>=0,$W15,""),""))) | BA15: =IF(ISBLANK($C15),"",IF($X15=Constants!$B$2,TRUE(),IF($X15=Constants!$B$3,FALSE(),TRUE()))) | BB15: =IF(ISBLANK($C15),"",IF($Y15=Constants!$B$2,TRUE(),IF($Y15=Constants!$B$3,FALSE(),FALSE()))) | BC15: =IF(ISBLANK($C15),"",IF(ISBLANK($Z15),0,IF(ISNUMBER($Z15),IF(AND($Z15>=0,$Z15<=Constants!$B$35,$Z15=INT($Z15)),$Z15,""),""))) | BD15: =IF(ISBLANK($C15),"",IF($AA15=Constants!$B$2,TRUE(),IF($AA15=Constants!$B$3,FALSE(),TRUE()))) | BE15: =IF(ISBLANK($C15),"",IF($AB15=Constants!$B$2,TRUE(),IF($AB15=Constants!$B$3,FALSE(),TRUE()))) | BF15: =IF(ISBLANK($C15),"",IF(ISNUMBER($AC15),IF($AC15>=0,$AC15,""),"")) | BG15: =IF(ISBLANK($C15),"",IF($AD15=Constants!$B$2,TRUE(),IF($AD15=Constants!$B$3,FALSE(),FALSE()))) | BH15: =IF(ISBLANK($C15),"",IF($BG15,Constants!$B$7,IF(COUNTA($E15:$AC15)=0,Constants!$B$6,IF(OR(COUNTA($G15:$AC15)=0,NOT($AK15),$AQ15),Constants!$B$5,IF(OR($CI15<>"",$CJ15,$CK15,$CL15,$CM15,$CN15,$CO15),Constants!$B$8,Constants!$B$4))))) | BI15: =IF(ISBLANK($C15),"",IF($BH15<>Constants!$B$4,$BH15,IF(OR(NOT($AH15),NOT($AJ15),NOT($AR15)),Constants!$B$11,IF(OR(NOT($AP15),MAX($AL15,$AM15,$AN15)>Constants!$B$30),Constants!$B$10,Constants!$B$9)))) | BJ15: =IF($BH15<>Constants!$B$4,"",IF(NOT($AJ15),0,MIN(Constants!$B$35,$BC15))) | BK15: =IF($BH15<>Constants!$B$4,"",IF(NOT($AJ15),0,IF($AT15,Constants!$B$18,IF($AS15,Constants!$B$17,0)))) | BL15: =IF($BH15<>Constants!$B$4,"",IF(NOT($AJ15),0,Constants!$B$19*($AI15+$AU15+$AV15+$AW15))) | BM15: =IF($BH15<>Constants!$B$4,"",IF(OR(NOT($AJ15),NOT(ISNUMBER($AX15))),0,CHOOSE($AX15,Constants!$B$13,Constants!$B$14,Constants!$B$15,Constants!$B$16))) | BN15: =IF($BH15<>Constants!$B$4,"",IF(NOT($AJ15),0,Constants!$B$20*$AY15)) | BO15: =IF($BH15<>Constants!$B$4,"",IF(AND($AJ15,$BA15,$BB15),Constants!$B$22,0)) | BP15: =IF($BH15<>Constants!$B$4,"",IF(OR(NOT($AJ15),NOT($BA15)),0,IF($BF15>=2*$AF$9,0,Constants!$B$23*INT(ROUND(MIN($BF15,$AF$9),6))))) | BQ15: =IF($BH15<>Constants!$B$4,"",IF(NOT($AJ15),0,Constants!$B$24*INT(ROUND(MIN($AZ15,$AF$9),6)))) | BR15: =IF($BH15<>Constants!$B$4,"",IF(AND($AJ15,$BJ15=0),Constants!$B$25,0)) | BS15: =IF($BH15<>Constants!$B$4,"",MIN(Constants!$B$29,MAX(0,Constants!$B$27*Constants!$B$28*INT(ROUND((Constants!$B$26-$AL15)/Constants!$B$28,6))))+MIN(Constants!$B$29,MAX(0,Constants!$B$27*Constants!$B$28*INT(ROUND((Constants!$B$26-$AM15)/Constants!$B$28,6))))+MIN(Constants!$B$29,MAX(0,Constants!$B$27*Constants!$B$28*INT(ROUND((Constants!$B$26-$AN15)/Constants!$B$28,6))))) | BT15: =IF($BH15<>Constants!$B$4,"",IF(NOT($AJ15),0,Constants!$B$31*INT(ROUND(MAX(0,MIN($BF15,2*$AF$9)-$AF$9),6)))) | BU15: =IF($BH15<>Constants!$B$4,"",Constants!$B$32*(($AL15>Constants!$B$26)+($AM15>Constants!$B$26)+($AN15>Constants!$B$26))) | BV15: =IF($BH15<>Constants!$B$4,"",IF(OR(NOT($AJ15),$AO15),0,Constants!$B$33)) | BW15: =IF($BH15<>Constants!$B$4,"",Constants!$B$34*$BJ15) | BX15: =IF($BH15<>Constants!$B$4,"",IF(OR(NOT($AJ15),$BE15),0,Constants!$B$36)) | BY15: =IF($BH15<>Constants!$B$4,"",IF(OR(NOT($AJ15),$BD15),0,Constants!$B$37)) | BZ15: =IF($BH15<>Constants!$B$4,"",SUM($BT15:$BY15)) | CA15: =IF(ISBLANK($C15),"",IF($BH15<>Constants!$B$4,$BH15,SUM($BK15:$BS15)-$BZ15)) | CB15: =IF(ISBLANK($C15),"",IF($BH15<>Constants!$B$4,$BH15,RANK($CA15,$CA$9:$CA$508))) | CC15: =IF(ISBLANK($C15),"",IF($BH15<>Constants!$B$4,$BH15,COUNTIFS($BI$9:$BI$508,"<"&$BI15)+COUNTIFS($BI$9:$BI$508,$BI15,$CB$9:$CB$508,"<"&$CB15)+1)) | CD15: =IF(ISBLANK($C15),"",IF($BH15<>Constants!$B$4,$BH15,RANK($BZ15,$BZ$9:$BZ$508,1))) | CE15: =IF($BH15<>Constants!$B$4,"",$AL15+$AM15+$AN15) | CF15: =IF(ISBLANK($C15),"",IF($BH15<>Constants!$B$4,$BH15,RANK($CE15,$CE$9:$CE$508,1))) | CG15: =IF(ISBLANK($C15),"",IF($BH15<>Constants!$B$4,$BH15,COUNTIFS($BI$9:$BI$508,"<"&$BI15)+COUNTIFS($BI$9:$BI$508,$BI15,$CB$9:$CB$508,"<"&$CB15)+COUNTIFS($BI$9:$BI$508,$BI15,$CB$9:$CB$508,$CB15,$CD$9:$CD$508,"<"&$CD15)+COUNTIFS($BI$9:$BI$508,$BI15,$CB$9:$CB$508,$CB15,$CD$9:$CD$508,$CD15,$CF$9:$CF$508,"<"&$CF15)+1)) | CH15: =IF(ISBLANK($C15),"",IF($BH15<>Constants!$B$4,$BH15,$CC15-$CG15)) | CI15: =IF(ISBLANK($C15),"",IF(NOT($AJ15),"",IF(ISBLANK($D$7),$CI$5,IF(NOT(ISNUMBER($D$7)),$CI$6,"")))) | CJ15: =IF(ISBLANK($C15),"",OR($AL15="",$AM15="",$AN15="")) | CK15: =IF(ISBLANK($C15),"",AND($AJ15,$AX15="")) | CL15: =IF(ISBLANK($C15),"",AND($AJ15,$AY15="")) | CM15: =IF(ISBLANK($C15),"",AND($AJ15,$AZ15="")) | CN15: =IF(ISBLANK($C15),"",AND($AJ15,$BC15="")) | CO15: =IF(ISBLANK($C15),"",AND($AJ15,$BF15="")) | CR15: =IF(ISBLANK($C15),"",IF($BH15=Constants!$B$8,$CI15,"")) | CS15: =IF(ISBLANK($C15),"",IF($BH15<>Constants!$B$4,"",$BK15+$BL15)) | CT15: =IF(ISBLANK($C15),"",IF($BH15<>Constants!$B$4,"",$BM15+$BN15+$BO15)) | CU15: =IF(ISBLANK($C15),"",IF($BH15<>Constants!$B$4,"",$BP15)) | CV15: =IF(ISBLANK($C15),"",IF($BH15<>Constants!$B$4,"",$BQ15+$BR15)) | CW15: =IF(ISBLANK($C15),"",IF($BH15<>Constants!$B$4,"",$BS15)) | CX15: =IF(ISBLANK($C15),"",IF($BH15<>Constants!$B$4,"",-$BZ15)) | CY15: =IF(ISBLANK($C15),"",$CA15) | CZ15: =IF(ISBLANK($C15),"",$BI15) | DA15: =IF(ISBLANK($C15),"",$CH15) | DB15: =IF(ISBLANK($C15),"",$CG15) | DC15: =IF(ISBLANK($C15),"",IFERROR(_xlfn.SWITCH($DB15,Constants!$B$7,COUNTA($C$9:$C$508)+2,Constants!$B$6,COUNTA($C$9:$C$508)+1,Constants!$B$5,COUNTA($C$9:$C$508)),$DB15)) | DE15: =IF(OR(ISNUMBER($DB15),$DB15=Constants!$B$7,$DB15=Constants!$B$5,$DB15=Constants!$B$6),1,0) -> 0 | DF15: 7 | DG15: =IF(ISBLANK($C15),"",IF(ISNUMBER($DC15),$DC15+ROW($B15)/1000,"")) | DH15: =IF(ISNUMBER($DG15),RANK($DG15,$DG$9:$DG$508,1),"") | DI15: =IF(ISBLANK($C15),"",$B15) | DJ15: =IF(ISBLANK($C15),"",$C15) | DK15: =IF(ISBLANK($C15),"",$D15) | DL15: =$CZ15 | DM15: =$CY15 | DN15: =IF(ISBLANK($C15),"",$DB15) | DO15: =IF($DF15>$DE$8,"",VLOOKUP($DF15,$DH$9:$DN$508,7,FALSE())) | DP15: =IF($DF15>$DE$8,"",VLOOKUP($DF15,$DH$9:$DN$508,2,FALSE())) | DQ15: =IF($DF15>$DE$8,"",VLOOKUP($DF15,$DH$9:$DN$508,3,FALSE())) | DR15: =IF($DF15>$DE$8,"",VLOOKUP($DF15,$DH$9:$DN$508,4,FALSE())) | DS15: =IF($DF15>$DE$8,"",VLOOKUP($DF15,$DH$9:$DN$508,5,FALSE())) | DT15: =IF($DF15>$DE$8,"",VLOOKUP($DF15,$DH$9:$DN$508,6,FALSE()))
AH16: =IF(ISBLANK($C16),"",IF($E16=Constants!$B$2,TRUE(),IF($E16=Constants!$B$3,FALSE(),TRUE()))) | AI16: =IF(ISBLANK($C16),"",IF($F16=Constants!$B$2,TRUE(),IF($F16=Constants!$B$3,FALSE(),FALSE()))) | AJ16: =IF(ISBLANK($C16),"",IF($G16=Constants!$B$2,TRUE(),IF($G16=Constants!$B$3,FALSE(),TRUE()))) | AK16: =IF(ISBLANK($C16),"",IF($H16=Constants!$B$2,TRUE(),IF($H16=Constants!$B$3,FALSE(),TRUE()))) | AL16: =IF(ISBLANK($C16),"",IF(ISNUMBER($I16),IF($I16>=0,$I16,""),"")) | AM16: =IF(ISBLANK($C16),"",IF(ISNUMBER($J16),IF($J16>=0,$J16,""),"")) | AN16: =IF(ISBLANK($C16),"",IF(ISNUMBER($K16),IF($K16>=0,$K16,""),"")) | AO16: =IF(ISBLANK($C16),"",IF($L16=Constants!$B$2,TRUE(),IF($L16=Constants!$B$3,FALSE(),TRUE()))) | AP16: =IF(ISBLANK($C16),"",IF($M16=Constants!$B$2,TRUE(),IF($M16=Constants!$B$3,FALSE(),TRUE()))) | AQ16: =IF(ISBLANK($C16),"",IF($N16=Constants!$B$2,TRUE(),IF($N16=Constants!$B$3,FALSE(),FALSE()))) | AR16: =IF(ISBLANK($C16),"",IF($O16=Constants!$B$2,TRUE(),IF($O16=Constants!$B$3,FALSE(),TRUE()))) | AS16: =IF(ISBLANK($C16),"",IF($P16=Constants!$B$2,TRUE(),IF($P16=Constants!$B$3,FALSE(),FALSE()))) | AT16: =IF(ISBLANK($C16),"",IF($Q16=Constants!$B$2,TRUE(),IF($Q16=Constants!$B$3,FALSE(),FALSE()))) | AU16: =IF(ISBLANK($C16),"",IF($R16=Constants!$B$2,TRUE(),IF($R16=Constants!$B$3,FALSE(),FALSE()))) | AV16: =IF(ISBLANK($C16),"",IF($S16=Constants!$B$2,TRUE(),IF($S16=Constants!$B$3,FALSE(),FALSE()))) | AW16: =IF(ISBLANK($C16),"",IF($T16=Constants!$B$2,TRUE(),IF($T16=Constants!$B$3,FALSE(),FALSE()))) | AX16: =IF(ISBLANK($C16),"",IF(OR($U16&""="1",$U16&""="2",$U16&""="3",$U16&""="4"),VALUE($U16&""),IF($U16=Constants!$B$12,Constants!$B$12,""))) | AY16: =IF(ISBLANK($C16),"",IF(ISBLANK($V16),0,IF(ISNUMBER($V16),IF(AND($V16>=0,$V16<=Constants!$B$21,$V16=INT($V16)),$V16,""),""))) | AZ16: =IF(ISBLANK($C16),"",IF(ISBLANK($W16),0,IF(ISNUMBER($W16),IF($W16>=0,$W16,""),""))) | BA16: =IF(ISBLANK($C16),"",IF($X16=Constants!$B$2,TRUE(),IF($X16=Constants!$B$3,FALSE(),TRUE()))) | BB16: =IF(ISBLANK($C16),"",IF($Y16=Constants!$B$2,TRUE(),IF($Y16=Constants!$B$3,FALSE(),FALSE()))) | BC16: =IF(ISBLANK($C16),"",IF(ISBLANK($Z16),0,IF(ISNUMBER($Z16),IF(AND($Z16>=0,$Z16<=Constants!$B$35,$Z16=INT($Z16)),$Z16,""),""))) | BD16: =IF(ISBLANK($C16),"",IF($AA16=Constants!$B$2,TRUE(),IF($AA16=Constants!$B$3,FALSE(),TRUE()))) | BE16: =IF(ISBLANK($C16),"",IF($AB16=Constants!$B$2,TRUE(),IF($AB16=Constants!$B$3,FALSE(),TRUE()))) | BF16: =IF(ISBLANK($C16),"",IF(ISNUMBER($AC16),IF($AC16>=0,$AC16,""),"")) | BG16: =IF(ISBLANK($C16),"",IF($AD16=Constants!$B$2,TRUE(),IF($AD16=Constants!$B$3,FALSE(),FALSE()))) | BH16: =IF(ISBLANK($C16),"",IF($BG16,Constants!$B$7,IF(COUNTA($E16:$AC16)=0,Constants!$B$6,IF(OR(COUNTA($G16:$AC16)=0,NOT($AK16),$AQ16),Constants!$B$5,IF(OR($CI16<>"",$CJ16,$CK16,$CL16,$CM16,$CN16,$CO16),Constants!$B$8,Constants!$B$4))))) | BI16: =IF(ISBLANK($C16),"",IF($BH16<>Constants!$B$4,$BH16,IF(OR(NOT($AH16),NOT($AJ16),NOT($AR16)),Constants!$B$11,IF(OR(NOT($AP16),MAX($AL16,$AM16,$AN16)>Constants!$B$30),Constants!$B$10,Constants!$B$9)))) | BJ16: =IF($BH16<>Constants!$B$4,"",IF(NOT($AJ16),0,MIN(Constants!$B$35,$BC16))) | BK16: =IF($BH16<>Constants!$B$4,"",IF(NOT($AJ16),0,IF($AT16,Constants!$B$18,IF($AS16,Constants!$B$17,0)))) | BL16: =IF($BH16<>Constants!$B$4,"",IF(NOT($AJ16),0,Constants!$B$19*($AI16+$AU16+$AV16+$AW16))) | BM16: =IF($BH16<>Constants!$B$4,"",IF(OR(NOT($AJ16),NOT(ISNUMBER($AX16))),0,CHOOSE($AX16,Constants!$B$13,Constants!$B$14,Constants!$B$15,Constants!$B$16))) | BN16: =IF($BH16<>Constants!$B$4,"",IF(NOT($AJ16),0,Constants!$B$20*$AY16)) | BO16: =IF($BH16<>Constants!$B$4,"",IF(AND($AJ16,$BA16,$BB16),Constants!$B$22,0)) | BP16: =IF($BH16<>Constants!$B$4,"",IF(OR(NOT($AJ16),NOT($BA16)),0,IF($BF16>=2*$AF$9,0,Constants!$B$23*INT(ROUND(MIN($BF16,$AF$9),6))))) | BQ16: =IF($BH16<>Constants!$B$4,"",IF(NOT($AJ16),0,Constants!$B$24*INT(ROUND(MIN($AZ16,$AF$9),6)))) | BR16: =IF($BH16<>Constants!$B$4,"",IF(AND($AJ16,$BJ16=0),Constants!$B$25,0)) | BS16: =IF($BH16<>Constants!$B$4,"",MIN(Constants!$B$29,MAX(0,Constants!$B$27*Constants!$B$28*INT(ROUND((Constants!$B$26-$AL16)/Constants!$B$28,6))))+MIN(Constants!$B$29,MAX(0,Constants!$B$27*Constants!$B$28*INT(ROUND((Constants!$B$26-$AM16)/Constants!$B$28,6))))+MIN(Constants!$B$29,MAX(0,Constants!$B$27*Constants!$B$28*INT(ROUND((Constants!$B$26-$AN16)/Constants!$B$28,6))))) | BT16: =IF($BH16<>Constants!$B$4,"",IF(NOT($AJ16),0,Constants!$B$31*INT(ROUND(MAX(0,MIN($BF16,2*$AF$9)-$AF$9),6)))) | BU16: =IF($BH16<>Constants!$B$4,"",Constants!$B$32*(($AL16>Constants!$B$26)+($AM16>Constants!$B$26)+($AN16>Constants!$B$26))) | BV16: =IF($BH16<>Constants!$B$4,"",IF(OR(NOT($AJ16),$AO16),0,Constants!$B$33)) | BW16: =IF($BH16<>Constants!$B$4,"",Constants!$B$34*$BJ16) | BX16: =IF($BH16<>Constants!$B$4,"",IF(OR(NOT($AJ16),$BE16),0,Constants!$B$36)) | BY16: =IF($BH16<>Constants!$B$4,"",IF(OR(NOT($AJ16),$BD16),0,Constants!$B$37)) | BZ16: =IF($BH16<>Constants!$B$4,"",SUM($BT16:$BY16)) | CA16: =IF(ISBLANK($C16),"",IF($BH16<>Constants!$B$4,$BH16,SUM($BK16:$BS16)-$BZ16)) | CB16: =IF(ISBLANK($C16),"",IF($BH16<>Constants!$B$4,$BH16,RANK($CA16,$CA$9:$CA$508))) | CC16: =IF(ISBLANK($C16),"",IF($BH16<>Constants!$B$4,$BH16,COUNTIFS($BI$9:$BI$508,"<"&$BI16)+COUNTIFS($BI$9:$BI$508,$BI16,$CB$9:$CB$508,"<"&$CB16)+1)) | CD16: =IF(ISBLANK($C16),"",IF($BH16<>Constants!$B$4,$BH16,RANK($BZ16,$BZ$9:$BZ$508,1))) | CE16: =IF($BH16<>Constants!$B$4,"",$AL16+$AM16+$AN16) | CF16: =IF(ISBLANK($C16),"",IF($BH16<>Constants!$B$4,$BH16,RANK($CE16,$CE$9:$CE$508,1))) | CG16: =IF(ISBLANK($C16),"",IF($BH16<>Constants!$B$4,$BH16,COUNTIFS($BI$9:$BI$508,"<"&$BI16)+COUNTIFS($BI$9:$BI$508,$BI16,$CB$9:$CB$508,"<"&$CB16)+COUNTIFS($BI$9:$BI$508,$BI16,$CB$9:$CB$508,$CB16,$CD$9:$CD$508,"<"&$CD16)+COUNTIFS($BI$9:$BI$508,$BI16,$CB$9:$CB$508,$CB16,$CD$9:$CD$508,$CD16,$CF$9:$CF$508,"<"&$CF16)+1)) | CH16: =IF(ISBLANK($C16),"",IF($BH16<>Constants!$B$4,$BH16,$CC16-$CG16)) | CI16: =IF(ISBLANK($C16),"",IF(NOT($AJ16),"",IF(ISBLANK($D$7),$CI$5,IF(NOT(ISNUMBER($D$7)),$CI$6,"")))) | CJ16: =IF(ISBLANK($C16),"",OR($AL16="",$AM16="",$AN16="")) | CK16: =IF(ISBLANK($C16),"",AND($AJ16,$AX16="")) | CL16: =IF(ISBLANK($C16),"",AND($AJ16,$AY16="")) | CM16: =IF(ISBLANK($C16),"",AND($AJ16,$AZ16="")) | CN16: =IF(ISBLANK($C16),"",AND($AJ16,$BC16="")) | CO16: =IF(ISBLANK($C16),"",AND($AJ16,$BF16="")) | CR16: =IF(ISBLANK($C16),"",IF($BH16=Constants!$B$8,$CI16,"")) | CS16: =IF(ISBLANK($C16),"",IF($BH16<>Constants!$B$4,"",$BK16+$BL16)) | CT16: =IF(ISBLANK($C16),"",IF($BH16<>Constants!$B$4,"",$BM16+$BN16+$BO16)) | CU16: =IF(ISBLANK($C16),"",IF($BH16<>Constants!$B$4,"",$BP16)) | CV16: =IF(ISBLANK($C16),"",IF($BH16<>Constants!$B$4,"",$BQ16+$BR16)) | CW16: =IF(ISBLANK($C16),"",IF($BH16<>Constants!$B$4,"",$BS16)) | CX16: =IF(ISBLANK($C16),"",IF($BH16<>Constants!$B$4,"",-$BZ16)) | CY16: =IF(ISBLANK($C16),"",$CA16) | CZ16: =IF(ISBLANK($C16),"",$BI16) | DA16: =IF(ISBLANK($C16),"",$CH16) | DB16: =IF(ISBLANK($C16),"",$CG16) | DC16: =IF(ISBLANK($C16),"",IFERROR(_xlfn.SWITCH($DB16,Constants!$B$7,COUNTA($C$9:$C$508)+2,Constants!$B$6,COUNTA($C$9:$C$508)+1,Constants!$B$5,COUNTA($C$9:$C$508)),$DB16)) | DE16: =IF(OR(ISNUMBER($DB16),$DB16=Constants!$B$7,$DB16=Constants!$B$5,$DB16=Constants!$B$6),1,0) -> 0 | DF16: 8 | DG16: =IF(ISBLANK($C16),"",IF(ISNUMBER($DC16),$DC16+ROW($B16)/1000,"")) | DH16: =IF(ISNUMBER($DG16),RANK($DG16,$DG$9:$DG$508,1),"") | DI16: =IF(ISBLANK($C16),"",$B16) | DJ16: =IF(ISBLANK($C16),"",$C16) | DK16: =IF(ISBLANK($C16),"",$D16) | DL16: =$CZ16 | DM16: =$CY16 | DN16: =IF(ISBLANK($C16),"",$DB16) | DO16: =IF($DF16>$DE$8,"",VLOOKUP($DF16,$DH$9:$DN$508,7,FALSE())) | DP16: =IF($DF16>$DE$8,"",VLOOKUP($DF16,$DH$9:$DN$508,2,FALSE())) | DQ16: =IF($DF16>$DE$8,"",VLOOKUP($DF16,$DH$9:$DN$508,3,FALSE())) | DR16: =IF($DF16>$DE$8,"",VLOOKUP($DF16,$DH$9:$DN$508,4,FALSE())) | DS16: =IF($DF16>$DE$8,"",VLOOKUP($DF16,$DH$9:$DN$508,5,FALSE())) | DT16: =IF($DF16>$DE$8,"",VLOOKUP($DF16,$DH$9:$DN$508,6,FALSE()))
AH17: =IF(ISBLANK($C17),"",IF($E17=Constants!$B$2,TRUE(),IF($E17=Constants!$B$3,FALSE(),TRUE()))) | AI17: =IF(ISBLANK($C17),"",IF($F17=Constants!$B$2,TRUE(),IF($F17=Constants!$B$3,FALSE(),FALSE()))) | AJ17: =IF(ISBLANK($C17),"",IF($G17=Constants!$B$2,TRUE(),IF($G17=Constants!$B$3,FALSE(),TRUE()))) | AK17: =IF(ISBLANK($C17),"",IF($H17=Constants!$B$2,TRUE(),IF($H17=Constants!$B$3,FALSE(),TRUE()))) | AL17: =IF(ISBLANK($C17),"",IF(ISNUMBER($I17),IF($I17>=0,$I17,""),"")) | AM17: =IF(ISBLANK($C17),"",IF(ISNUMBER($J17),IF($J17>=0,$J17,""),"")) | AN17: =IF(ISBLANK($C17),"",IF(ISNUMBER($K17),IF($K17>=0,$K17,""),"")) | AO17: =IF(ISBLANK($C17),"",IF($L17=Constants!$B$2,TRUE(),IF($L17=Constants!$B$3,FALSE(),TRUE()))) | AP17: =IF(ISBLANK($C17),"",IF($M17=Constants!$B$2,TRUE(),IF($M17=Constants!$B$3,FALSE(),TRUE()))) | AQ17: =IF(ISBLANK($C17),"",IF($N17=Constants!$B$2,TRUE(),IF($N17=Constants!$B$3,FALSE(),FALSE()))) | AR17: =IF(ISBLANK($C17),"",IF($O17=Constants!$B$2,TRUE(),IF($O17=Constants!$B$3,FALSE(),TRUE()))) | AS17: =IF(ISBLANK($C17),"",IF($P17=Constants!$B$2,TRUE(),IF($P17=Constants!$B$3,FALSE(),FALSE()))) | AT17: =IF(ISBLANK($C17),"",IF($Q17=Constants!$B$2,TRUE(),IF($Q17=Constants!$B$3,FALSE(),FALSE()))) | AU17: =IF(ISBLANK($C17),"",IF($R17=Constants!$B$2,TRUE(),IF($R17=Constants!$B$3,FALSE(),FALSE()))) | AV17: =IF(ISBLANK($C17),"",IF($S17=Constants!$B$2,TRUE(),IF($S17=Constants!$B$3,FALSE(),FALSE()))) | AW17: =IF(ISBLANK($C17),"",IF($T17=Constants!$B$2,TRUE(),IF($T17=Constants!$B$3,FALSE(),FALSE()))) | AX17: =IF(ISBLANK($C17),"",IF(OR($U17&""="1",$U17&""="2",$U17&""="3",$U17&""="4"),VALUE($U17&""),IF($U17=Constants!$B$12,Constants!$B$12,""))) | AY17: =IF(ISBLANK($C17),"",IF(ISBLANK($V17),0,IF(ISNUMBER($V17),IF(AND($V17>=0,$V17<=Constants!$B$21,$V17=INT($V17)),$V17,""),""))) | AZ17: =IF(ISBLANK($C17),"",IF(ISBLANK($W17),0,IF(ISNUMBER($W17),IF($W17>=0,$W17,""),""))) | BA17: =IF(ISBLANK($C17),"",IF($X17=Constants!$B$2,TRUE(),IF($X17=Constants!$B$3,FALSE(),TRUE()))) | BB17: =IF(ISBLANK($C17),"",IF($Y17=Constants!$B$2,TRUE(),IF($Y17=Constants!$B$3,FALSE(),FALSE()))) | BC17: =IF(ISBLANK($C17),"",IF(ISBLANK($Z17),0,IF(ISNUMBER($Z17),IF(AND($Z17>=0,$Z17<=Constants!$B$35,$Z17=INT($Z17)),$Z17,""),""))) | BD17: =IF(ISBLANK($C17),"",IF($AA17=Constants!$B$2,TRUE(),IF($AA17=Constants!$B$3,FALSE(),TRUE()))) | BE17: =IF(ISBLANK($C17),"",IF($AB17=Constants!$B$2,TRUE(),IF($AB17=Constants!$B$3,FALSE(),TRUE()))) | BF17: =IF(ISBLANK($C17),"",IF(ISNUMBER($AC17),IF($AC17>=0,$AC17,""),"")) | BG17: =IF(ISBLANK($C17),"",IF($AD17=Constants!$B$2,TRUE(),IF($AD17=Constants!$B$3,FALSE(),FALSE()))) | BH17: =IF(ISBLANK($C17),"",IF($BG17,Constants!$B$7,IF(COUNTA($E17:$AC17)=0,Constants!$B$6,IF(OR(COUNTA($G17:$AC17)=0,NOT($AK17),$AQ17),Constants!$B$5,IF(OR($CI17<>"",$CJ17,$CK17,$CL17,$CM17,$CN17,$CO17),Constants!$B$8,Constants!$B$4))))) | BI17: =IF(ISBLANK($C17),"",IF($BH17<>Constants!$B$4,$BH17,IF(OR(NOT($AH17),NOT($AJ17),NOT($AR17)),Constants!$B$11,IF(OR(NOT($AP17),MAX($AL17,$AM17,$AN17)>Constants!$B$30),Constants!$B$10,Constants!$B$9)))) | BJ17: =IF($BH17<>Constants!$B$4,"",IF(NOT($AJ17),0,MIN(Constants!$B$35,$BC17))) | BK17: =IF($BH17<>Constants!$B$4,"",IF(NOT($AJ17),0,IF($AT17,Constants!$B$18,IF($AS17,Constants!$B$17,0)))) | BL17: =IF($BH17<>Constants!$B$4,"",IF(NOT($AJ17),0,Constants!$B$19*($AI17+$AU17+$AV17+$AW17))) | BM17: =IF($BH17<>Constants!$B$4,"",IF(OR(NOT($AJ17),NOT(ISNUMBER($AX17))),0,CHOOSE($AX17,Constants!$B$13,Constants!$B$14,Constants!$B$15,Constants!$B$16))) | BN17: =IF($BH17<>Constants!$B$4,"",IF(NOT($AJ17),0,Constants!$B$20*$AY17)) | BO17: =IF($BH17<>Constants!$B$4,"",IF(AND($AJ17,$BA17,$BB17),Constants!$B$22,0)) | BP17: =IF($BH17<>Constants!$B$4,"",IF(OR(NOT($AJ17),NOT($BA17)),0,IF($BF17>=2*$AF$9,0,Constants!$B$23*INT(ROUND(MIN($BF17,$AF$9),6))))) | BQ17: =IF($BH17<>Constants!$B$4,"",IF(NOT($AJ17),0,Constants!$B$24*INT(ROUND(MIN($AZ17,$AF$9),6)))) | BR17: =IF($BH17<>Constants!$B$4,"",IF(AND($AJ17,$BJ17=0),Constants!$B$25,0)) | BS17: =IF($BH17<>Constants!$B$4,"",MIN(Constants!$B$29,MAX(0,Constants!$B$27*Constants!$B$28*INT(ROUND((Constants!$B$26-$AL17)/Constants!$B$28,6))))+MIN(Constants!$B$29,MAX(0,Constants!$B$27*Constants!$B$28*INT(ROUND((Constants!$B$26-$AM17)/Constants!$B$28,6))))+MIN(Constants!$B$29,MAX(0,Constants!$B$27*Constants!$B$28*INT(ROUND((Constants!$B$26-$AN17)/Constants!$B$28,6))))) | BT17: =IF($BH17<>Constants!$B$4,"",IF(NOT($AJ17),0,Constants!$B$31*INT(ROUND(MAX(0,MIN($BF17,2*$AF$9)-$AF$9),6)))) | BU17: =IF($BH17<>Constants!$B$4,"",Constants!$B$32*(($AL17>Constants!$B$26)+($AM17>Constants!$B$26)+($AN17>Constants!$B$26))) | BV17: =IF($BH17<>Constants!$B$4,"",IF(OR(NOT($AJ17),$AO17),0,Constants!$B$33)) | BW17: =IF($BH17<>Constants!$B$4,"",Constants!$B$34*$BJ17) | BX17: =IF($BH17<>Constants!$B$4,"",IF(OR(NOT($AJ17),$BE17),0,Constants!$B$36)) | BY17: =IF($BH17<>Constants!$B$4,"",IF(OR(NOT($AJ17),$BD17),0,Constants!$B$37)) | BZ17: =IF($BH17<>Constants!$B$4,"",SUM($BT17:$BY17)) | CA17: =IF(ISBLANK($C17),"",IF($BH17<>Constants!$B$4,$BH17,SUM($BK17:$BS17)-$BZ17)) | CB17: =IF(ISBLANK($C17),"",IF($BH17<>Constants!$B$4,$BH17,RANK($CA17,$CA$9:$CA$508))) | CC17: =IF(ISBLANK($C17),"",IF($BH17<>Constants!$B$4,$BH17,COUNTIFS($BI$9:$BI$508,"<"&$BI17)+COUNTIFS($BI$9:$BI$508,$BI17,$CB$9:$CB$508,"<"&$CB17)+1)) | CD17: =IF(ISBLANK($C17),"",IF($BH17<>Constants!$B$4,$BH17,RANK($BZ17,$BZ$9:$BZ$508,1))) | CE17: =IF($BH17<>Constants!$B$4,"",$AL17+$AM17+$AN17) | CF17: =IF(ISBLANK($C17),"",IF($BH17<>Constants!$B$4,$BH17,RANK($CE17,$CE$9:$CE$508,1))) | CG17: =IF(ISBLANK($C17),"",IF($BH17<>Constants!$B$4,$BH17,COUNTIFS($BI$9:$BI$508,"<"&$BI17)+COUNTIFS($BI$9:$BI$508,$BI17,$CB$9:$CB$508,"<"&$CB17)+COUNTIFS($BI$9:$BI$508,$BI17,$CB$9:$CB$508,$CB17,$CD$9:$CD$508,"<"&$CD17)+COUNTIFS($BI$9:$BI$508,$BI17,$CB$9:$CB$508,$CB17,$CD$9:$CD$508,$CD17,$CF$9:$CF$508,"<"&$CF17)+1)) | CH17: =IF(ISBLANK($C17),"",IF($BH17<>Constants!$B$4,$BH17,$CC17-$CG17)) | CI17: =IF(ISBLANK($C17),"",IF(NOT($AJ17),"",IF(ISBLANK($D$7),$CI$5,IF(NOT(ISNUMBER($D$7)),$CI$6,"")))) | CJ17: =IF(ISBLANK($C17),"",OR($AL17="",$AM17="",$AN17="")) | CK17: =IF(ISBLANK($C17),"",AND($AJ17,$AX17="")) | CL17: =IF(ISBLANK($C17),"",AND($AJ17,$AY17="")) | CM17: =IF(ISBLANK($C17),"",AND($AJ17,$AZ17="")) | CN17: =IF(ISBLANK($C17),"",AND($AJ17,$BC17="")) | CO17: =IF(ISBLANK($C17),"",AND($AJ17,$BF17="")) | CR17: =IF(ISBLANK($C17),"",IF($BH17=Constants!$B$8,$CI17,"")) | CS17: =IF(ISBLANK($C17),"",IF($BH17<>Constants!$B$4,"",$BK17+$BL17)) | CT17: =IF(ISBLANK($C17),"",IF($BH17<>Constants!$B$4,"",$BM17+$BN17+$BO17)) | CU17: =IF(ISBLANK($C17),"",IF($BH17<>Constants!$B$4,"",$BP17)) | CV17: =IF(ISBLANK($C17),"",IF($BH17<>Constants!$B$4,"",$BQ17+$BR17)) | CW17: =IF(ISBLANK($C17),"",IF($BH17<>Constants!$B$4,"",$BS17)) | CX17: =IF(ISBLANK($C17),"",IF($BH17<>Constants!$B$4,"",-$BZ17)) | CY17: =IF(ISBLANK($C17),"",$CA17) | CZ17: =IF(ISBLANK($C17),"",$BI17) | DA17: =IF(ISBLANK($C17),"",$CH17) | DB17: =IF(ISBLANK($C17),"",$CG17) | DC17: =IF(ISBLANK($C17),"",IFERROR(_xlfn.SWITCH($DB17,Constants!$B$7,COUNTA($C$9:$C$508)+2,Constants!$B$6,COUNTA($C$9:$C$508)+1,Constants!$B$5,COUNTA($C$9:$C$508)),$DB17)) | DE17: =IF(OR(ISNUMBER($DB17),$DB17=Constants!$B$7,$DB17=Constants!$B$5,$DB17=Constants!$B$6),1,0) -> 0 | DF17: 9 | DG17: =IF(ISBLANK($C17),"",IF(ISNUMBER($DC17),$DC17+ROW($B17)/1000,"")) | DH17: =IF(ISNUMBER($DG17),RANK($DG17,$DG$9:$DG$508,1),"") | DI17: =IF(ISBLANK($C17),"",$B17) | DJ17: =IF(ISBLANK($C17),"",$C17) | DK17: =IF(ISBLANK($C17),"",$D17) | DL17: =$CZ17 | DM17: =$CY17 | DN17: =IF(ISBLANK($C17),"",$DB17) | DO17: =IF($DF17>$DE$8,"",VLOOKUP($DF17,$DH$9:$DN$508,7,FALSE())) | DP17: =IF($DF17>$DE$8,"",VLOOKUP($DF17,$DH$9:$DN$508,2,FALSE())) | DQ17: =IF($DF17>$DE$8,"",VLOOKUP($DF17,$DH$9:$DN$508,3,FALSE())) | DR17: =IF($DF17>$DE$8,"",VLOOKUP($DF17,$DH$9:$DN$508,4,FALSE())) | DS17: =IF($DF17>$DE$8,"",VLOOKUP($DF17,$DH$9:$DN$508,5,FALSE())) | DT17: =IF($DF17>$DE$8,"",VLOOKUP($DF17,$DH$9:$DN$508,6,FALSE()))
AH18: =IF(ISBLANK($C18),"",IF($E18=Constants!$B$2,TRUE(),IF($E18=Constants!$B$3,FALSE(),TRUE()))) | AI18: =IF(ISBLANK($C18),"",IF($F18=Constants!$B$2,TRUE(),IF($F18=Constants!$B$3,FALSE(),FALSE()))) | AJ18: =IF(ISBLANK($C18),"",IF($G18=Constants!$B$2,TRUE(),IF($G18=Constants!$B$3,FALSE(),TRUE()))) | AK18: =IF(ISBLANK($C18),"",IF($H18=Constants!$B$2,TRUE(),IF($H18=Constants!$B$3,FALSE(),TRUE()))) | AL18: =IF(ISBLANK($C18),"",IF(ISNUMBER($I18),IF($I18>=0,$I18,""),"")) | AM18: =IF(ISBLANK($C18),"",IF(ISNUMBER($J18),IF($J18>=0,$J18,""),"")) | AN18: =IF(ISBLANK($C18),"",IF(ISNUMBER($K18),IF($K18>=0,$K18,""),"")) | AO18: =IF(ISBLANK($C18),"",IF($L18=Constants!$B$2,TRUE(),IF($L18=Constants!$B$3,FALSE(),TRUE()))) | AP18: =IF(ISBLANK($C18),"",IF($M18=Constants!$B$2,TRUE(),IF($M18=Constants!$B$3,FALSE(),TRUE()))) | AQ18: =IF(ISBLANK($C18),"",IF($N18=Constants!$B$2,TRUE(),IF($N18=Constants!$B$3,FALSE(),FALSE()))) | AR18: =IF(ISBLANK($C18),"",IF($O18=Constants!$B$2,TRUE(),IF($O18=Constants!$B$3,FALSE(),TRUE()))) | AS18: =IF(ISBLANK($C18),"",IF($P18=Constants!$B$2,TRUE(),IF($P18=Constants!$B$3,FALSE(),FALSE()))) | AT18: =IF(ISBLANK($C18),"",IF($Q18=Constants!$B$2,TRUE(),IF($Q18=Constants!$B$3,FALSE(),FALSE()))) | AU18: =IF(ISBLANK($C18),"",IF($R18=Constants!$B$2,TRUE(),IF($R18=Constants!$B$3,FALSE(),FALSE()))) | AV18: =IF(ISBLANK($C18),"",IF($S18=Constants!$B$2,TRUE(),IF($S18=Constants!$B$3,FALSE(),FALSE()))) | AW18: =IF(ISBLANK($C18),"",IF($T18=Constants!$B$2,TRUE(),IF($T18=Constants!$B$3,FALSE(),FALSE()))) | AX18: =IF(ISBLANK($C18),"",IF(OR($U18&""="1",$U18&""="2",$U18&""="3",$U18&""="4"),VALUE($U18&""),IF($U18=Constants!$B$12,Constants!$B$12,""))) | AY18: =IF(ISBLANK($C18),"",IF(ISBLANK($V18),0,IF(ISNUMBER($V18),IF(AND($V18>=0,$V18<=Constants!$B$21,$V18=INT($V18)),$V18,""),""))) | AZ18: =IF(ISBLANK($C18),"",IF(ISBLANK($W18),0,IF(ISNUMBER($W18),IF($W18>=0,$W18,""),""))) | BA18: =IF(ISBLANK($C18),"",IF($X18=Constants!$B$2,TRUE(),IF($X18=Constants!$B$3,FALSE(),TRUE()))) | BB18: =IF(ISBLANK($C18),"",IF($Y18=Constants!$B$2,TRUE(),IF($Y18=Constants!$B$3,FALSE(),FALSE()))) | BC18: =IF(ISBLANK($C18),"",IF(ISBLANK($Z18),0,IF(ISNUMBER($Z18),IF(AND($Z18>=0,$Z18<=Constants!$B$35,$Z18=INT($Z18)),$Z18,""),""))) | BD18: =IF(ISBLANK($C18),"",IF($AA18=Constants!$B$2,TRUE(),IF($AA18=Constants!$B$3,FALSE(),TRUE()))) | BE18: =IF(ISBLANK($C18),"",IF($AB18=Constants!$B$2,TRUE(),IF($AB18=Constants!$B$3,FALSE(),TRUE()))) | BF18: =IF(ISBLANK($C18),"",IF(ISNUMBER($AC18),IF($AC18>=0,$AC18,""),"")) | BG18: =IF(ISBLANK($C18),"",IF($AD18=Constants!$B$2,TRUE(),IF($AD18=Constants!$B$3,FALSE(),FALSE()))) | BH18: =IF(ISBLANK($C18),"",IF($BG18,Constants!$B$7,IF(COUNTA($E18:$AC18)=0,Constants!$B$6,IF(OR(COUNTA($G18:$AC18)=0,NOT($AK18),$AQ18),Constants!$B$5,IF(OR($CI18<>"",$CJ18,$CK18,$CL18,$CM18,$CN18,$CO18),Constants!$B$8,Constants!$B$4))))) | BI18: =IF(ISBLANK($C18),"",IF($BH18<>Constants!$B$4,$BH18,IF(OR(NOT($AH18),NOT($AJ18),NOT($AR18)),Constants!$B$11,IF(OR(NOT($AP18),MAX($AL18,$AM18,$AN18)>Constants!$B$30),Constants!$B$10,Constants!$B$9)))) | BJ18: =IF($BH18<>Constants!$B$4,"",IF(NOT($AJ18),0,MIN(Constants!$B$35,$BC18))) | BK18: =IF($BH18<>Constants!$B$4,"",IF(NOT($AJ18),0,IF($AT18,Constants!$B$18,IF($AS18,Constants!$B$17,0)))) | BL18: =IF($BH18<>Constants!$B$4,"",IF(NOT($AJ18),0,Constants!$B$19*($AI18+$AU18+$AV18+$AW18))) | BM18: =IF($BH18<>Constants!$B$4,"",IF(OR(NOT($AJ18),NOT(ISNUMBER($AX18))),0,CHOOSE($AX18,Constants!$B$13,Constants!$B$14,Constants!$B$15,Constants!$B$16))) | BN18: =IF($BH18<>Constants!$B$4,"",IF(NOT($AJ18),0,Constants!$B$20*$AY18)) | BO18: =IF($BH18<>Constants!$B$4,"",IF(AND($AJ18,$BA18,$BB18),Constants!$B$22,0)) | BP18: =IF($BH18<>Constants!$B$4,"",IF(OR(NOT($AJ18),NOT($BA18)),0,IF($BF18>=2*$AF$9,0,Constants!$B$23*INT(ROUND(MIN($BF18,$AF$9),6))))) | BQ18: =IF($BH18<>Constants!$B$4,"",IF(NOT($AJ18),0,Constants!$B$24*INT(ROUND(MIN($AZ18,$AF$9),6)))) | BR18: =IF($BH18<>Constants!$B$4,"",IF(AND($AJ18,$BJ18=0),Constants!$B$25,0)) | BS18: =IF($BH18<>Constants!$B$4,"",MIN(Constants!$B$29,MAX(0,Constants!$B$27*Constants!$B$28*INT(ROUND((Constants!$B$26-$AL18)/Constants!$B$28,6))))+MIN(Constants!$B$29,MAX(0,Constants!$B$27*Constants!$B$28*INT(ROUND((Constants!$B$26-$AM18)/Constants!$B$28,6))))+MIN(Constants!$B$29,MAX(0,Constants!$B$27*Constants!$B$28*INT(ROUND((Constants!$B$26-$AN18)/Constants!$B$28,6))))) | BT18: =IF($BH18<>Constants!$B$4,"",IF(NOT($AJ18),0,Constants!$B$31*INT(ROUND(MAX(0,MIN($BF18,2*$AF$9)-$AF$9),6)))) | BU18: =IF($BH18<>Constants!$B$4,"",Constants!$B$32*(($AL18>Constants!$B$26)+($AM18>Constants!$B$26)+($AN18>Constants!$B$26))) | BV18: =IF($BH18<>Constants!$B$4,"",IF(OR(NOT($AJ18),$AO18),0,Constants!$B$33)) | BW18: =IF($BH18<>Constants!$B$4,"",Constants!$B$34*$BJ18) | BX18: =IF($BH18<>Constants!$B$4,"",IF(OR(NOT($AJ18),$BE18),0,Constants!$B$36)) | BY18: =IF($BH18<>Constants!$B$4,"",IF(OR(NOT($AJ18),$BD18),0,Constants!$B$37)) | BZ18: =IF($BH18<>Constants!$B$4,"",SUM($BT18:$BY18)) | CA18: =IF(ISBLANK($C18),"",IF($BH18<>Constants!$B$4,$BH18,SUM($BK18:$BS18)-$BZ18)) | CB18: =IF(ISBLANK($C18),"",IF($BH18<>Constants!$B$4,$BH18,RANK($CA18,$CA$9:$CA$508))) | CC18: =IF(ISBLANK($C18),"",IF($BH18<>Constants!$B$4,$BH18,COUNTIFS($BI$9:$BI$508,"<"&$BI18)+COUNTIFS($BI$9:$BI$508,$BI18,$CB$9:$CB$508,"<"&$CB18)+1)) | CD18: =IF(ISBLANK($C18),"",IF($BH18<>Constants!$B$4,$BH18,RANK($BZ18,$BZ$9:$BZ$508,1))) | CE18: =IF($BH18<>Constants!$B$4,"",$AL18+$AM18+$AN18) | CF18: =IF(ISBLANK($C18),"",IF($BH18<>Constants!$B$4,$BH18,RANK($CE18,$CE$9:$CE$508,1))) | CG18: =IF(ISBLANK($C18),"",IF($BH18<>Constants!$B$4,$BH18,COUNTIFS($BI$9:$BI$508,"<"&$BI18)+COUNTIFS($BI$9:$BI$508,$BI18,$CB$9:$CB$508,"<"&$CB18)+COUNTIFS($BI$9:$BI$508,$BI18,$CB$9:$CB$508,$CB18,$CD$9:$CD$508,"<"&$CD18)+COUNTIFS($BI$9:$BI$508,$BI18,$CB$9:$CB$508,$CB18,$CD$9:$CD$508,$CD18,$CF$9:$CF$508,"<"&$CF18)+1)) | CH18: =IF(ISBLANK($C18),"",IF($BH18<>Constants!$B$4,$BH18,$CC18-$CG18)) | CI18: =IF(ISBLANK($C18),"",IF(NOT($AJ18),"",IF(ISBLANK($D$7),$CI$5,IF(NOT(ISNUMBER($D$7)),$CI$6,"")))) | CJ18: =IF(ISBLANK($C18),"",OR($AL18="",$AM18="",$AN18="")) | CK18: =IF(ISBLANK($C18),"",AND($AJ18,$AX18="")) | CL18: =IF(ISBLANK($C18),"",AND($AJ18,$AY18="")) | CM18: =IF(ISBLANK($C18),"",AND($AJ18,$AZ18="")) | CN18: =IF(ISBLANK($C18),"",AND($AJ18,$BC18="")) | CO18: =IF(ISBLANK($C18),"",AND($AJ18,$BF18="")) | CR18: =IF(ISBLANK($C18),"",IF($BH18=Constants!$B$8,$CI18,"")) | CS18: =IF(ISBLANK($C18),"",IF($BH18<>Constants!$B$4,"",$BK18+$BL18)) | CT18: =IF(ISBLANK($C18),"",IF($BH18<>Constants!$B$4,"",$BM18+$BN18+$BO18)) | CU18: =IF(ISBLANK($C18),"",IF($BH18<>Constants!$B$4,"",$BP18)) | CV18: =IF(ISBLANK($C18),"",IF($BH18<>Constants!$B$4,"",$BQ18+$BR18)) | CW18: =IF(ISBLANK($C18),"",IF($BH18<>Constants!$B$4,"",$BS18)) | CX18: =IF(ISBLANK($C18),"",IF($BH18<>Constants!$B$4,"",-$BZ18)) | CY18: =IF(ISBLANK($C18),"",$CA18) | CZ18: =IF(ISBLANK($C18),"",$BI18) | DA18: =IF(ISBLANK($C18),"",$CH18) | DB18: =IF(ISBLANK($C18),"",$CG18) | DC18: =IF(ISBLANK($C18),"",IFERROR(_xlfn.SWITCH($DB18,Constants!$B$7,COUNTA($C$9:$C$508)+2,Constants!$B$6,COUNTA($C$9:$C$508)+1,Constants!$B$5,COUNTA($C$9:$C$508)),$DB18)) | DE18: =IF(OR(ISNUMBER($DB18),$DB18=Constants!$B$7,$DB18=Constants!$B$5,$DB18=Constants!$B$6),1,0) -> 0 | DF18: 10 | DG18: =IF(ISBLANK($C18),"",IF(ISNUMBER($DC18),$DC18+ROW($B18)/1000,"")) | DH18: =IF(ISNUMBER($DG18),RANK($DG18,$DG$9:$DG$508,1),"") | DI18: =IF(ISBLANK($C18),"",$B18) | DJ18: =IF(ISBLANK($C18),"",$C18) | DK18: =IF(ISBLANK($C18),"",$D18) | DL18: =$CZ18 | DM18: =$CY18 | DN18: =IF(ISBLANK($C18),"",$DB18) | DO18: =IF($DF18>$DE$8,"",VLOOKUP($DF18,$DH$9:$DN$508,7,FALSE())) | DP18: =IF($DF18>$DE$8,"",VLOOKUP($DF18,$DH$9:$DN$508,2,FALSE())) | DQ18: =IF($DF18>$DE$8,"",VLOOKUP($DF18,$DH$9:$DN$508,3,FALSE())) | DR18: =IF($DF18>$DE$8,"",VLOOKUP($DF18,$DH$9:$DN$508,4,FALSE())) | DS18: =IF($DF18>$DE$8,"",VLOOKUP($DF18,$DH$9:$DN$508,5,FALSE())) | DT18: =IF($DF18>$DE$8,"",VLOOKUP($DF18,$DH$9:$DN$508,6,FALSE()))
AH19: =IF(ISBLANK($C19),"",IF($E19=Constants!$B$2,TRUE(),IF($E19=Constants!$B$3,FALSE(),TRUE()))) | AI19: =IF(ISBLANK($C19),"",IF($F19=Constants!$B$2,TRUE(),IF($F19=Constants!$B$3,FALSE(),FALSE()))) | AJ19: =IF(ISBLANK($C19),"",IF($G19=Constants!$B$2,TRUE(),IF($G19=Constants!$B$3,FALSE(),TRUE()))) | AK19: =IF(ISBLANK($C19),"",IF($H19=Constants!$B$2,TRUE(),IF($H19=Constants!$B$3,FALSE(),TRUE()))) | AL19: =IF(ISBLANK($C19),"",IF(ISNUMBER($I19),IF($I19>=0,$I19,""),"")) | AM19: =IF(ISBLANK($C19),"",IF(ISNUMBER($J19),IF($J19>=0,$J19,""),"")) | AN19: =IF(ISBLANK($C19),"",IF(ISNUMBER($K19),IF($K19>=0,$K19,""),"")) | AO19: =IF(ISBLANK($C19),"",IF($L19=Constants!$B$2,TRUE(),IF($L19=Constants!$B$3,FALSE(),TRUE()))) | AP19: =IF(ISBLANK($C19),"",IF($M19=Constants!$B$2,TRUE(),IF($M19=Constants!$B$3,FALSE(),TRUE()))) | AQ19: =IF(ISBLANK($C19),"",IF($N19=Constants!$B$2,TRUE(),IF($N19=Constants!$B$3,FALSE(),FALSE()))) | AR19: =IF(ISBLANK($C19),"",IF($O19=Constants!$B$2,TRUE(),IF($O19=Constants!$B$3,FALSE(),TRUE()))) | AS19: =IF(ISBLANK($C19),"",IF($P19=Constants!$B$2,TRUE(),IF($P19=Constants!$B$3,FALSE(),FALSE()))) | AT19: =IF(ISBLANK($C19),"",IF($Q19=Constants!$B$2,TRUE(),IF($Q19=Constants!$B$3,FALSE(),FALSE()))) | AU19: =IF(ISBLANK($C19),"",IF($R19=Constants!$B$2,TRUE(),IF($R19=Constants!$B$3,FALSE(),FALSE()))) | AV19: =IF(ISBLANK($C19),"",IF($S19=Constants!$B$2,TRUE(),IF($S19=Constants!$B$3,FALSE(),FALSE()))) | AW19: =IF(ISBLANK($C19),"",IF($T19=Constants!$B$2,TRUE(),IF($T19=Constants!$B$3,FALSE(),FALSE()))) | AX19: =IF(ISBLANK($C19),"",IF(OR($U19&""="1",$U19&""="2",$U19&""="3",$U19&""="4"),VALUE($U19&""),IF($U19=Constants!$B$12,Constants!$B$12,""))) | AY19: =IF(ISBLANK($C19),"",IF(ISBLANK($V19),0,IF(ISNUMBER($V19),IF(AND($V19>=0,$V19<=Constants!$B$21,$V19=INT($V19)),$V19,""),""))) | AZ19: =IF(ISBLANK($C19),"",IF(ISBLANK($W19),0,IF(ISNUMBER($W19),IF($W19>=0,$W19,""),""))) | BA19: =IF(ISBLANK($C19),"",IF($X19=Constants!$B$2,TRUE(),IF($X19=Constants!$B$3,FALSE(),TRUE()))) | BB19: =IF(ISBLANK($C19),"",IF($Y19=Constants!$B$2,TRUE(),IF($Y19=Constants!$B$3,FALSE(),FALSE()))) | BC19: =IF(ISBLANK($C19),"",IF(ISBLANK($Z19),0,IF(ISNUMBER($Z19),IF(AND($Z19>=0,$Z19<=Constants!$B$35,$Z19=INT($Z19)),$Z19,""),""))) | BD19: =IF(ISBLANK($C19),"",IF($AA19=Constants!$B$2,TRUE(),IF($AA19=Constants!$B$3,FALSE(),TRUE()))) | BE19: =IF(ISBLANK($C19),"",IF($AB19=Constants!$B$2,TRUE(),IF($AB19=Constants!$B$3,FALSE(),TRUE()))) | BF19: =IF(ISBLANK($C19),"",IF(ISNUMBER($AC19),IF($AC19>=0,$AC19,""),"")) | BG19: =IF(ISBLANK($C19),"",IF($AD19=Constants!$B$2,TRUE(),IF($AD19=Constants!$B$3,FALSE(),FALSE()))) | BH19: =IF(ISBLANK($C19),"",IF($BG19,Constants!$B$7,IF(COUNTA($E19:$AC19)=0,Constants!$B$6,IF(OR(COUNTA($G19:$AC19)=0,NOT($AK19),$AQ19),Constants!$B$5,IF(OR($CI19<>"",$CJ19,$CK19,$CL19,$CM19,$CN19,$CO19),Constants!$B$8,Constants!$B$4))))) | BI19: =IF(ISBLANK($C19),"",IF($BH19<>Constants!$B$4,$BH19,IF(OR(NOT($AH19),NOT($AJ19),NOT($AR19)),Constants!$B$11,IF(OR(NOT($AP19),MAX($AL19,$AM19,$AN19)>Constants!$B$30),Constants!$B$10,Constants!$B$9)))) | BJ19: =IF($BH19<>Constants!$B$4,"",IF(NOT($AJ19),0,MIN(Constants!$B$35,$BC19))) | BK19: =IF($BH19<>Constants!$B$4,"",IF(NOT($AJ19),0,IF($AT19,Constants!$B$18,IF($AS19,Constants!$B$17,0)))) | BL19: =IF($BH19<>Constants!$B$4,"",IF(NOT($AJ19),0,Constants!$B$19*($AI19+$AU19+$AV19+$AW19))) | BM19: =IF($BH19<>Constants!$B$4,"",IF(OR(NOT($AJ19),NOT(ISNUMBER($AX19))),0,CHOOSE($AX19,Constants!$B$13,Constants!$B$14,Constants!$B$15,Constants!$B$16))) | BN19: =IF($BH19<>Constants!$B$4,"",IF(NOT($AJ19),0,Constants!$B$20*$AY19)) | BO19: =IF($BH19<>Constants!$B$4,"",IF(AND($AJ19,$BA19,$BB19),Constants!$B$22,0)) | BP19: =IF($BH19<>Constants!$B$4,"",IF(OR(NOT($AJ19),NOT($BA19)),0,IF($BF19>=2*$AF$9,0,Constants!$B$23*INT(ROUND(MIN($BF19,$AF$9),6))))) | BQ19: =IF($BH19<>Constants!$B$4,"",IF(NOT($AJ19),0,Constants!$B$24*INT(ROUND(MIN($AZ19,$AF$9),6)))) | BR19: =IF($BH19<>Constants!$B$4,"",IF(AND($AJ19,$BJ19=0),Constants!$B$25,0)) | BS19: =IF($BH19<>Constants!$B$4,"",MIN(Constants!$B$29,MAX(0,Constants!$B$27*Constants!$B$28*INT(ROUND((Constants!$B$26-$AL19)/Constants!$B$28,6))))+MIN(Constants!$B$29,MAX(0,Constants!$B$27*Constants!$B$28*INT(ROUND((Constants!$B$26-$AM19)/Constants!$B$28,6))))+MIN(Constants!$B$29,MAX(0,Constants!$B$27*Constants!$B$28*INT(ROUND((Constants!$B$26-$AN19)/Constants!$B$28,6))))) | BT19: =IF($BH19<>Constants!$B$4,"",IF(NOT($AJ19),0,Constants!$B$31*INT(ROUND(MAX(0,MIN($BF19,2*$AF$9)-$AF$9),6)))) | BU19: =IF($BH19<>Constants!$B$4,"",Constants!$B$32*(($AL19>Constants!$B$26)+($AM19>Constants!$B$26)+($AN19>Constants!$B$26))) | BV19: =IF($BH19<>Constants!$B$4,"",IF(OR(NOT($AJ19),$AO19),0,Constants!$B$33)) | BW19: =IF($BH19<>Constants!$B$4,"",Constants!$B$34*$BJ19) | BX19: =IF($BH19<>Constants!$B$4,"",IF(OR(NOT($AJ19),$BE19),0,Constants!$B$36)) | BY19: =IF($BH19<>Constants!$B$4,"",IF(OR(NOT($AJ19),$BD19),0,Constants!$B$37)) | BZ19: =IF($BH19<>Constants!$B$4,"",SUM($BT19:$BY19)) | CA19: =IF(ISBLANK($C19),"",IF($BH19<>Constants!$B$4,$BH19,SUM($BK19:$BS19)-$BZ19)) | CB19: =IF(ISBLANK($C19),"",IF($BH19<>Constants!$B$4,$BH19,RANK($CA19,$CA$9:$CA$508))) | CC19: =IF(ISBLANK($C19),"",IF($BH19<>Constants!$B$4,$BH19,COUNTIFS($BI$9:$BI$508,"<"&$BI19)+COUNTIFS($BI$9:$BI$508,$BI19,$CB$9:$CB$508,"<"&$CB19)+1)) | CD19: =IF(ISBLANK($C19),"",IF($BH19<>Constants!$B$4,$BH19,RANK($BZ19,$BZ$9:$BZ$508,1))) | CE19: =IF($BH19<>Constants!$B$4,"",$AL19+$AM19+$AN19) | CF19: =IF(ISBLANK($C19),"",IF($BH19<>Constants!$B$4,$BH19,RANK($CE19,$CE$9:$CE$508,1))) | CG19: =IF(ISBLANK($C19),"",IF($BH19<>Constants!$B$4,$BH19,COUNTIFS($BI$9:$BI$508,"<"&$BI19)+COUNTIFS($BI$9:$BI$508,$BI19,$CB$9:$CB$508,"<"&$CB19)+COUNTIFS($BI$9:$BI$508,$BI19,$CB$9:$CB$508,$CB19,$CD$9:$CD$508,"<"&$CD19)+COUNTIFS($BI$9:$BI$508,$BI19,$CB$9:$CB$508,$CB19,$CD$9:$CD$508,$CD19,$CF$9:$CF$508,"<"&$CF19)+1)) | CH19: =IF(ISBLANK($C19),"",IF($BH19<>Constants!$B$4,$BH19,$CC19-$CG19)) | CI19: =IF(ISBLANK($C19),"",IF(NOT($AJ19),"",IF(ISBLANK($D$7),$CI$5,IF(NOT(ISNUMBER($D$7)),$CI$6,"")))) | CJ19: =IF(ISBLANK($C19),"",OR($AL19="",$AM19="",$AN19="")) | CK19: =IF(ISBLANK($C19),"",AND($AJ19,$AX19="")) | CL19: =IF(ISBLANK($C19),"",AND($AJ19,$AY19="")) | CM19: =IF(ISBLANK($C19),"",AND($AJ19,$AZ19="")) | CN19: =IF(ISBLANK($C19),"",AND($AJ19,$BC19="")) | CO19: =IF(ISBLANK($C19),"",AND($AJ19,$BF19="")) | CR19: =IF(ISBLANK($C19),"",IF($BH19=Constants!$B$8,$CI19,"")) | CS19: =IF(ISBLANK($C19),"",IF($BH19<>Constants!$B$4,"",$BK19+$BL19)) | CT19: =IF(ISBLANK($C19),"",IF($BH19<>Constants!$B$4,"",$BM19+$BN19+$BO19)) | CU19: =IF(ISBLANK($C19),"",IF($BH19<>Constants!$B$4,"",$BP19)) | CV19: =IF(ISBLANK($C19),"",IF($BH19<>Constants!$B$4,"",$BQ19+$BR19)) | CW19: =IF(ISBLANK($C19),"",IF($BH19<>Constants!$B$4,"",$BS19)) | CX19: =IF(ISBLANK($C19),"",IF($BH19<>Constants!$B$4,"",-$BZ19)) | CY19: =IF(ISBLANK($C19),"",$CA19) | CZ19: =IF(ISBLANK($C19),"",$BI19) | DA19: =IF(ISBLANK($C19),"",$CH19) | DB19: =IF(ISBLANK($C19),"",$CG19) | DC19: =IF(ISBLANK($C19),"",IFERROR(_xlfn.SWITCH($DB19,Constants!$B$7,COUNTA($C$9:$C$508)+2,Constants!$B$6,COUNTA($C$9:$C$508)+1,Constants!$B$5,COUNTA($C$9:$C$508)),$DB19)) | DE19: =IF(OR(ISNUMBER($DB19),$DB19=Constants!$B$7,$DB19=Constants!$B$5,$DB19=Constants!$B$6),1,0) -> 0 | DF19: 11 | DG19: =IF(ISBLANK($C19),"",IF(ISNUMBER($DC19),$DC19+ROW($B19)/1000,"")) | DH19: =IF(ISNUMBER($DG19),RANK($DG19,$DG$9:$DG$508,1),"") | DI19: =IF(ISBLANK($C19),"",$B19) | DJ19: =IF(ISBLANK($C19),"",$C19) | DK19: =IF(ISBLANK($C19),"",$D19) | DL19: =$CZ19 | DM19: =$CY19 | DN19: =IF(ISBLANK($C19),"",$DB19) | DO19: =IF($DF19>$DE$8,"",VLOOKUP($DF19,$DH$9:$DN$508,7,FALSE())) | DP19: =IF($DF19>$DE$8,"",VLOOKUP($DF19,$DH$9:$DN$508,2,FALSE())) | DQ19: =IF($DF19>$DE$8,"",VLOOKUP($DF19,$DH$9:$DN$508,3,FALSE())) | DR19: =IF($DF19>$DE$8,"",VLOOKUP($DF19,$DH$9:$DN$508,4,FALSE())) | DS19: =IF($DF19>$DE$8,"",VLOOKUP($DF19,$DH$9:$DN$508,5,FALSE())) | DT19: =IF($DF19>$DE$8,"",VLOOKUP($DF19,$DH$9:$DN$508,6,FALSE()))
AH20: =IF(ISBLANK($C20),"",IF($E20=Constants!$B$2,TRUE(),IF($E20=Constants!$B$3,FALSE(),TRUE()))) | AI20: =IF(ISBLANK($C20),"",IF($F20=Constants!$B$2,TRUE(),IF($F20=Constants!$B$3,FALSE(),FALSE()))) | AJ20: =IF(ISBLANK($C20),"",IF($G20=Constants!$B$2,TRUE(),IF($G20=Constants!$B$3,FALSE(),TRUE()))) | AK20: =IF(ISBLANK($C20),"",IF($H20=Constants!$B$2,TRUE(),IF($H20=Constants!$B$3,FALSE(),TRUE()))) | AL20: =IF(ISBLANK($C20),"",IF(ISNUMBER($I20),IF($I20>=0,$I20,""),"")) | AM20: =IF(ISBLANK($C20),"",IF(ISNUMBER($J20),IF($J20>=0,$J20,""),"")) | AN20: =IF(ISBLANK($C20),"",IF(ISNUMBER($K20),IF($K20>=0,$K20,""),"")) | AO20: =IF(ISBLANK($C20),"",IF($L20=Constants!$B$2,TRUE(),IF($L20=Constants!$B$3,FALSE(),TRUE()))) | AP20: =IF(ISBLANK($C20),"",IF($M20=Constants!$B$2,TRUE(),IF($M20=Constants!$B$3,FALSE(),TRUE()))) | AQ20: =IF(ISBLANK($C20),"",IF($N20=Constants!$B$2,TRUE(),IF($N20=Constants!$B$3,FALSE(),FALSE()))) | AR20: =IF(ISBLANK($C20),"",IF($O20=Constants!$B$2,TRUE(),IF($O20=Constants!$B$3,FALSE(),TRUE()))) | AS20: =IF(ISBLANK($C20),"",IF($P20=Constants!$B$2,TRUE(),IF($P20=Constants!$B$3,FALSE(),FALSE()))) | AT20: =IF(ISBLANK($C20),"",IF($Q20=Constants!$B$2,TRUE(),IF($Q20=Constants!$B$3,FALSE(),FALSE()))) | AU20: =IF(ISBLANK($C20),"",IF($R20=Constants!$B$2,TRUE(),IF($R20=Constants!$B$3,FALSE(),FALSE()))) | AV20: =IF(ISBLANK($C20),"",IF($S20=Constants!$B$2,TRUE(),IF($S20=Constants!$B$3,FALSE(),FALSE()))) | AW20: =IF(ISBLANK($C20),"",IF($T20=Constants!$B$2,TRUE(),IF($T20=Constants!$B$3,FALSE(),FALSE()))) | AX20: =IF(ISBLANK($C20),"",IF(OR($U20&""="1",$U20&""="2",$U20&""="3",$U20&""="4"),VALUE($U20&""),IF($U20=Constants!$B$12,Constants!$B$12,""))) | AY20: =IF(ISBLANK($C20),"",IF(ISBLANK($V20),0,IF(ISNUMBER($V20),IF(AND($V20>=0,$V20<=Constants!$B$21,$V20=INT($V20)),$V20,""),""))) | AZ20: =IF(ISBLANK($C20),"",IF(ISBLANK($W20),0,IF(ISNUMBER($W20),IF($W20>=0,$W20,""),""))) | BA20: =IF(ISBLANK($C20),"",IF($X20=Constants!$B$2,TRUE(),IF($X20=Constants!$B$3,FALSE(),TRUE()))) | BB20: =IF(ISBLANK($C20),"",IF($Y20=Constants!$B$2,TRUE(),IF($Y20=Constants!$B$3,FALSE(),FALSE()))) | BC20: =IF(ISBLANK($C20),"",IF(ISBLANK($Z20),0,IF(ISNUMBER($Z20),IF(AND($Z20>=0,$Z20<=Constants!$B$35,$Z20=INT($Z20)),$Z20,""),""))) | BD20: =IF(ISBLANK($C20),"",IF($AA20=Constants!$B$2,TRUE(),IF($AA20=Constants!$B$3,FALSE(),TRUE()))) | BE20: =IF(ISBLANK($C20),"",IF($AB20=Constants!$B$2,TRUE(),IF($AB20=Constants!$B$3,FALSE(),TRUE()))) | BF20: =IF(ISBLANK($C20),"",IF(ISNUMBER($AC20),IF($AC20>=0,$AC20,""),"")) | BG20: =IF(ISBLANK($C20),"",IF($AD20=Constants!$B$2,TRUE(),IF($AD20=Constants!$B$3,FALSE(),FALSE()))) | BH20: =IF(ISBLANK($C20),"",IF($BG20,Constants!$B$7,IF(COUNTA($E20:$AC20)=0,Constants!$B$6,IF(OR(COUNTA($G20:$AC20)=0,NOT($AK20),$AQ20),Constants!$B$5,IF(OR($CI20<>"",$CJ20,$CK20,$CL20,$CM20,$CN20,$CO20),Constants!$B$8,Constants!$B$4))))) | BI20: =IF(ISBLANK($C20),"",IF($BH20<>Constants!$B$4,$BH20,IF(OR(NOT($AH20),NOT($AJ20),NOT($AR20)),Constants!$B$11,IF(OR(NOT($AP20),MAX($AL20,$AM20,$AN20)>Constants!$B$30),Constants!$B$10,Constants!$B$9)))) | BJ20: =IF($BH20<>Constants!$B$4,"",IF(NOT($AJ20),0,MIN(Constants!$B$35,$BC20))) | BK20: =IF($BH20<>Constants!$B$4,"",IF(NOT($AJ20),0,IF($AT20,Constants!$B$18,IF($AS20,Constants!$B$17,0)))) | BL20: =IF($BH20<>Constants!$B$4,"",IF(NOT($AJ20),0,Constants!$B$19*($AI20+$AU20+$AV20+$AW20))) | BM20: =IF($BH20<>Constants!$B$4,"",IF(OR(NOT($AJ20),NOT(ISNUMBER($AX20))),0,CHOOSE($AX20,Constants!$B$13,Constants!$B$14,Constants!$B$15,Constants!$B$16))) | BN20: =IF($BH20<>Constants!$B$4,"",IF(NOT($AJ20),0,Constants!$B$20*$AY20)) | BO20: =IF($BH20<>Constants!$B$4,"",IF(AND($AJ20,$BA20,$BB20),Constants!$B$22,0)) | BP20: =IF($BH20<>Constants!$B$4,"",IF(OR(NOT($AJ20),NOT($BA20)),0,IF($BF20>=2*$AF$9,0,Constants!$B$23*INT(ROUND(MIN($BF20,$AF$9),6))))) | BQ20: =IF($BH20<>Constants!$B$4,"",IF(NOT($AJ20),0,Constants!$B$24*INT(ROUND(MIN($AZ20,$AF$9),6)))) | BR20: =IF($BH20<>Constants!$B$4,"",IF(AND($AJ20,$BJ20=0),Constants!$B$25,0)) | BS20: =IF($BH20<>Constants!$B$4,"",MIN(Constants!$B$29,MAX(0,Constants!$B$27*Constants!$B$28*INT(ROUND((Constants!$B$26-$AL20)/Constants!$B$28,6))))+MIN(Constants!$B$29,MAX(0,Constants!$B$27*Constants!$B$28*INT(ROUND((Constants!$B$26-$AM20)/Constants!$B$28,6))))+MIN(Constants!$B$29,MAX(0,Constants!$B$27*Constants!$B$28*INT(ROUND((Constants!$B$26-$AN20)/Constants!$B$28,6))))) | BT20: =IF($BH20<>Constants!$B$4,"",IF(NOT($AJ20),0,Constants!$B$31*INT(ROUND(MAX(0,MIN($BF20,2*$AF$9)-$AF$9),6)))) | BU20: =IF($BH20<>Constants!$B$4,"",Constants!$B$32*(($AL20>Constants!$B$26)+($AM20>Constants!$B$26)+($AN20>Constants!$B$26))) | BV20: =IF($BH20<>Constants!$B$4,"",IF(OR(NOT($AJ20),$AO20),0,Constants!$B$33)) | BW20: =IF($BH20<>Constants!$B$4,"",Constants!$B$34*$BJ20) | BX20: =IF($BH20<>Constants!$B$4,"",IF(OR(NOT($AJ20),$BE20),0,Constants!$B$36)) | BY20: =IF($BH20<>Constants!$B$4,"",IF(OR(NOT($AJ20),$BD20),0,Constants!$B$37)) | BZ20: =IF($BH20<>Constants!$B$4,"",SUM($BT20:$BY20)) | CA20: =IF(ISBLANK($C20),"",IF($BH20<>Constants!$B$4,$BH20,SUM($BK20:$BS20)-$BZ20)) | CB20: =IF(ISBLANK($C20),"",IF($BH20<>Constants!$B$4,$BH20,RANK($CA20,$CA$9:$CA$508))) | CC20: =IF(ISBLANK($C20),"",IF($BH20<>Constants!$B$4,$BH20,COUNTIFS($BI$9:$BI$508,"<"&$BI20)+COUNTIFS($BI$9:$BI$508,$BI20,$CB$9:$CB$508,"<"&$CB20)+1)) | CD20: =IF(ISBLANK($C20),"",IF($BH20<>Constants!$B$4,$BH20,RANK($BZ20,$BZ$9:$BZ$508,1))) | CE20: =IF($BH20<>Constants!$B$4,"",$AL20+$AM20+$AN20) | CF20: =IF(ISBLANK($C20),"",IF($BH20<>Constants!$B$4,$BH20,RANK($CE20,$CE$9:$CE$508,1))) | CG20: =IF(ISBLANK($C20),"",IF($BH20<>Constants!$B$4,$BH20,COUNTIFS($BI$9:$BI$508,"<"&$BI20)+COUNTIFS($BI$9:$BI$508,$BI20,$CB$9:$CB$508,"<"&$CB20)+COUNTIFS($BI$9:$BI$508,$BI20,$CB$9:$CB$508,$CB20,$CD$9:$CD$508,"<"&$CD20)+COUNTIFS($BI$9:$BI$508,$BI20,$CB$9:$CB$508,$CB20,$CD$9:$CD$508,$CD20,$CF$9:$CF$508,"<"&$CF20)+1)) | CH20: =IF(ISBLANK($C20),"",IF($BH20<>Constants!$B$4,$BH20,$CC20-$CG20)) | CI20: =IF(ISBLANK($C20),"",IF(NOT($AJ20),"",IF(ISBLANK($D$7),$CI$5,IF(NOT(ISNUMBER($D$7)),$CI$6,"")))) | CJ20: =IF(ISBLANK($C20),"",OR($AL20="",$AM20="",$AN20="")) | CK20: =IF(ISBLANK($C20),"",AND($AJ20,$AX20="")) | CL20: =IF(ISBLANK($C20),"",AND($AJ20,$AY20="")) | CM20: =IF(ISBLANK($C20),"",AND($AJ20,$AZ20="")) | CN20: =IF(ISBLANK($C20),"",AND($AJ20,$BC20="")) | CO20: =IF(ISBLANK($C20),"",AND($AJ20,$BF20="")) | CR20: =IF(ISBLANK($C20),"",IF($BH20=Constants!$B$8,$CI20,"")) | CS20: =IF(ISBLANK($C20),"",IF($BH20<>Constants!$B$4,"",$BK20+$BL20)) | CT20: =IF(ISBLANK($C20),"",IF($BH20<>Constants!$B$4,"",$BM20+$BN20+$BO20)) | CU20: =IF(ISBLANK($C20),"",IF($BH20<>Constants!$B$4,"",$BP20)) | CV20: =IF(ISBLANK($C20),"",IF($BH20<>Constants!$B$4,"",$BQ20+$BR20)) | CW20: =IF(ISBLANK($C20),"",IF($BH20<>Constants!$B$4,"",$BS20)) | CX20: =IF(ISBLANK($C20),"",IF($BH20<>Constants!$B$4,"",-$BZ20)) | CY20: =IF(ISBLANK($C20),"",$CA20) | CZ20: =IF(ISBLANK($C20),"",$BI20) | DA20: =IF(ISBLANK($C20),"",$CH20) | DB20: =IF(ISBLANK($C20),"",$CG20) | DC20: =IF(ISBLANK($C20),"",IFERROR(_xlfn.SWITCH($DB20,Constants!$B$7,COUNTA($C$9:$C$508)+2,Constants!$B$6,COUNTA($C$9:$C$508)+1,Constants!$B$5,COUNTA($C$9:$C$508)),$DB20)) | DE20: =IF(OR(ISNUMBER($DB20),$DB20=Constants!$B$7,$DB20=Constants!$B$5,$DB20=Constants!$B$6),1,0) -> 0 | DF20: 12 | DG20: =IF(ISBLANK($C20),"",IF(ISNUMBER($DC20),$DC20+ROW($B20)/1000,"")) | DH20: =IF(ISNUMBER($DG20),RANK($DG20,$DG$9:$DG$508,1),"") | DI20: =IF(ISBLANK($C20),"",$B20) | DJ20: =IF(ISBLANK($C20),"",$C20) | DK20: =IF(ISBLANK($C20),"",$D20) | DL20: =$CZ20 | DM20: =$CY20 | DN20: =IF(ISBLANK($C20),"",$DB20) | DO20: =IF($DF20>$DE$8,"",VLOOKUP($DF20,$DH$9:$DN$508,7,FALSE())) | DP20: =IF($DF20>$DE$8,"",VLOOKUP($DF20,$DH$9:$DN$508,2,FALSE())) | DQ20: =IF($DF20>$DE$8,"",VLOOKUP($DF20,$DH$9:$DN$508,3,FALSE())) | DR20: =IF($DF20>$DE$8,"",VLOOKUP($DF20,$DH$9:$DN$508,4,FALSE())) | DS20: =IF($DF20>$DE$8,"",VLOOKUP($DF20,$DH$9:$DN$508,5,FALSE())) | DT20: =IF($DF20>$DE$8,"",VLOOKUP($DF20,$DH$9:$DN$508,6,FALSE()))
AH21: =IF(ISBLANK($C21),"",IF($E21=Constants!$B$2,TRUE(),IF($E21=Constants!$B$3,FALSE(),TRUE()))) | AI21: =IF(ISBLANK($C21),"",IF($F21=Constants!$B$2,TRUE(),IF($F21=Constants!$B$3,FALSE(),FALSE()))) | AJ21: =IF(ISBLANK($C21),"",IF($G21=Constants!$B$2,TRUE(),IF($G21=Constants!$B$3,FALSE(),TRUE()))) | AK21: =IF(ISBLANK($C21),"",IF($H21=Constants!$B$2,TRUE(),IF($H21=Constants!$B$3,FALSE(),TRUE()))) | AL21: =IF(ISBLANK($C21),"",IF(ISNUMBER($I21),IF($I21>=0,$I21,""),"")) | AM21: =IF(ISBLANK($C21),"",IF(ISNUMBER($J21),IF($J21>=0,$J21,""),"")) | AN21: =IF(ISBLANK($C21),"",IF(ISNUMBER($K21),IF($K21>=0,$K21,""),"")) | AO21: =IF(ISBLANK($C21),"",IF($L21=Constants!$B$2,TRUE(),IF($L21=Constants!$B$3,FALSE(),TRUE()))) | AP21: =IF(ISBLANK($C21),"",IF($M21=Constants!$B$2,TRUE(),IF($M21=Constants!$B$3,FALSE(),TRUE()))) | AQ21: =IF(ISBLANK($C21),"",IF($N21=Constants!$B$2,TRUE(),IF($N21=Constants!$B$3,FALSE(),FALSE()))) | AR21: =IF(ISBLANK($C21),"",IF($O21=Constants!$B$2,TRUE(),IF($O21=Constants!$B$3,FALSE(),TRUE()))) | AS21: =IF(ISBLANK($C21),"",IF($P21=Constants!$B$2,TRUE(),IF($P21=Constants!$B$3,FALSE(),FALSE()))) | AT21: =IF(ISBLANK($C21),"",IF($Q21=Constants!$B$2,TRUE(),IF($Q21=Constants!$B$3,FALSE(),FALSE()))) | AU21: =IF(ISBLANK($C21),"",IF($R21=Constants!$B$2,TRUE(),IF($R21=Constants!$B$3,FALSE(),FALSE()))) | AV21: =IF(ISBLANK($C21),"",IF($S21=Constants!$B$2,TRUE(),IF($S21=Constants!$B$3,FALSE(),FALSE()))) | AW21: =IF(ISBLANK($C21),"",IF($T21=Constants!$B$2,TRUE(),IF($T21=Constants!$B$3,FALSE(),FALSE()))) | AX21: =IF(ISBLANK($C21),"",IF(OR($U21&""="1",$U21&""="2",$U21&""="3",$U21&""="4"),VALUE($U21&""),IF($U21=Constants!$B$12,Constants!$B$12,""))) | AY21: =IF(ISBLANK($C21),"",IF(ISBLANK($V21),0,IF(ISNUMBER($V21),IF(AND($V21>=0,$V21<=Constants!$B$21,$V21=INT($V21)),$V21,""),""))) | AZ21: =IF(ISBLANK($C21),"",IF(ISBLANK($W21),0,IF(ISNUMBER($W21),IF($W21>=0,$W21,""),""))) | BA21: =IF(ISBLANK($C21),"",IF($X21=Constants!$B$2,TRUE(),IF($X21=Constants!$B$3,FALSE(),TRUE()))) | BB21: =IF(ISBLANK($C21),"",IF($Y21=Constants!$B$2,TRUE(),IF($Y21=Constants!$B$3,FALSE(),FALSE()))) | BC21: =IF(ISBLANK($C21),"",IF(ISBLANK($Z21),0,IF(ISNUMBER($Z21),IF(AND($Z21>=0,$Z21<=Constants!$B$35,$Z21=INT($Z21)),$Z21,""),""))) | BD21: =IF(ISBLANK($C21),"",IF($AA21=Constants!$B$2,TRUE(),IF($AA21=Constants!$B$3,FALSE(),TRUE()))) | BE21: =IF(ISBLANK($C21),"",IF($AB21=Constants!$B$2,TRUE(),IF($AB21=Constants!$B$3,FALSE(),TRUE()))) | BF21: =IF(ISBLANK($C21),"",IF(ISNUMBER($AC21),IF($AC21>=0,$AC21,""),"")) | BG21: =IF(ISBLANK($C21),"",IF($AD21=Constants!$B$2,TRUE(),IF($AD21=Constants!$B$3,FALSE(),FALSE()))) | BH21: =IF(ISBLANK($C21),"",IF($BG21,Constants!$B$7,IF(COUNTA($E21:$AC21)=0,Constants!$B$6,IF(OR(COUNTA($G21:$AC21)=0,NOT($AK21),$AQ21),Constants!$B$5,IF(OR($CI21<>"",$CJ21,$CK21,$CL21,$CM21,$CN21,$CO21),Constants!$B$8,Constants!$B$4))))) | BI21: =IF(ISBLANK($C21),"",IF($BH21<>Constants!$B$4,$BH21,IF(OR(NOT($AH21),NOT($AJ21),NOT($AR21)),Constants!$B$11,IF(OR(NOT($AP21),MAX($AL21,$AM21,$AN21)>Constants!$B$30),Constants!$B$10,Constants!$B$9)))) | BJ21: =IF($BH21<>Constants!$B$4,"",IF(NOT($AJ21),0,MIN(Constants!$B$35,$BC21))) | BK21: =IF($BH21<>Constants!$B$4,"",IF(NOT($AJ21),0,IF($AT21,Constants!$B$18,IF($AS21,Constants!$B$17,0)))) | BL21: =IF($BH21<>Constants!$B$4,"",IF(NOT($AJ21),0,Constants!$B$19*($AI21+$AU21+$AV21+$AW21))) | BM21: =IF($BH21<>Constants!$B$4,"",IF(OR(NOT($AJ21),NOT(ISNUMBER($AX21))),0,CHOOSE($AX21,Constants!$B$13,Constants!$B$14,Constants!$B$15,Constants!$B$16))) | BN21: =IF($BH21<>Constants!$B$4,"",IF(NOT($AJ21),0,Constants!$B$20*$AY21)) | BO21: =IF($BH21<>Constants!$B$4,"",IF(AND($AJ21,$BA21,$BB21),Constants!$B$22,0)) | BP21: =IF($BH21<>Constants!$B$4,"",IF(OR(NOT($AJ21),NOT($BA21)),0,IF($BF21>=2*$AF$9,0,Constants!$B$23*INT(ROUND(MIN($BF21,$AF$9),6))))) | BQ21: =IF($BH21<>Constants!$B$4,"",IF(NOT($AJ21),0,Constants!$B$24*INT(ROUND(MIN($AZ21,$AF$9),6)))) | BR21: =IF($BH21<>Constants!$B$4,"",IF(AND($AJ21,$BJ21=0),Constants!$B$25,0)) | BS21: =IF($BH21<>Constants!$B$4,"",MIN(Constants!$B$29,MAX(0,Constants!$B$27*Constants!$B$28*INT(ROUND((Constants!$B$26-$AL21)/Constants!$B$28,6))))+MIN(Constants!$B$29,MAX(0,Constants!$B$27*Constants!$B$28*INT(ROUND((Constants!$B$26-$AM21)/Constants!$B$28,6))))+MIN(Constants!$B$29,MAX(0,Constants!$B$27*Constants!$B$28*INT(ROUND((Constants!$B$26-$AN21)/Constants!$B$28,6))))) | BT21: =IF($BH21<>Constants!$B$4,"",IF(NOT($AJ21),0,Constants!$B$31*INT(ROUND(MAX(0,MIN($BF21,2*$AF$9)-$AF$9),6)))) | BU21: =IF($BH21<>Constants!$B$4,"",Constants!$B$32*(($AL21>Constants!$B$26)+($AM21>Constants!$B$26)+($AN21>Constants!$B$26))) | BV21: =IF($BH21<>Constants!$B$4,"",IF(OR(NOT($AJ21),$AO21),0,Constants!$B$33)) | BW21: =IF($BH21<>Constants!$B$4,"",Constants!$B$34*$BJ21) | BX21: =IF($BH21<>Constants!$B$4,"",IF(OR(NOT($AJ21),$BE21),0,Constants!$B$36)) | BY21: =IF($BH21<>Constants!$B$4,"",IF(OR(NOT($AJ21),$BD21),0,Constants!$B$37)) | BZ21: =IF($BH21<>Constants!$B$4,"",SUM($BT21:$BY21)) | CA21: =IF(ISBLANK($C21),"",IF($BH21<>Constants!$B$4,$BH21,SUM($BK21:$BS21)-$BZ21)) | CB21: =IF(ISBLANK($C21),"",IF($BH21<>Constants!$B$4,$BH21,RANK($CA21,$CA$9:$CA$508))) | CC21: =IF(ISBLANK($C21),"",IF($BH21<>Constants!$B$4,$BH21,COUNTIFS($BI$9:$BI$508,"<"&$BI21)+COUNTIFS($BI$9:$BI$508,$BI21,$CB$9:$CB$508,"<"&$CB21)+1)) | CD21: =IF(ISBLANK($C21),"",IF($BH21<>Constants!$B$4,$BH21,RANK($BZ21,$BZ$9:$BZ$508,1))) | CE21: =IF($BH21<>Constants!$B$4,"",$AL21+$AM21+$AN21) | CF21: =IF(ISBLANK($C21),"",IF($BH21<>Constants!$B$4,$BH21,RANK($CE21,$CE$9:$CE$508,1))) | CG21: =IF(ISBLANK($C21),"",IF($BH21<>Constants!$B$4,$BH21,COUNTIFS($BI$9:$BI$508,"<"&$BI21)+COUNTIFS($BI$9:$BI$508,$BI21,$CB$9:$CB$508,"<"&$CB21)+COUNTIFS($BI$9:$BI$508,$BI21,$CB$9:$CB$508,$CB21,$CD$9:$CD$508,"<"&$CD21)+COUNTIFS($BI$9:$BI$508,$BI21,$CB$9:$CB$508,$CB21,$CD$9:$CD$508,$CD21,$CF$9:$CF$508,"<"&$CF21)+1)) | CH21: =IF(ISBLANK($C21),"",IF($BH21<>Constants!$B$4,$BH21,$CC21-$CG21)) | CI21: =IF(ISBLANK($C21),"",IF(NOT($AJ21),"",IF(ISBLANK($D$7),$CI$5,IF(NOT(ISNUMBER($D$7)),$CI$6,"")))) | CJ21: =IF(ISBLANK($C21),"",OR($AL21="",$AM21="",$AN21="")) | CK21: =IF(ISBLANK($C21),"",AND($AJ21,$AX21="")) | CL21: =IF(ISBLANK($C21),"",AND($AJ21,$AY21="")) | CM21: =IF(ISBLANK($C21),"",AND($AJ21,$AZ21="")) | CN21: =IF(ISBLANK($C21),"",AND($AJ21,$BC21="")) | CO21: =IF(ISBLANK($C21),"",AND($AJ21,$BF21="")) | CR21: =IF(ISBLANK($C21),"",IF($BH21=Constants!$B$8,$CI21,"")) | CS21: =IF(ISBLANK($C21),"",IF($BH21<>Constants!$B$4,"",$BK21+$BL21)) | CT21: =IF(ISBLANK($C21),"",IF($BH21<>Constants!$B$4,"",$BM21+$BN21+$BO21)) | CU21: =IF(ISBLANK($C21),"",IF($BH21<>Constants!$B$4,"",$BP21)) | CV21: =IF(ISBLANK($C21),"",IF($BH21<>Constants!$B$4,"",$BQ21+$BR21)) | CW21: =IF(ISBLANK($C21),"",IF($BH21<>Constants!$B$4,"",$BS21)) | CX21: =IF(ISBLANK($C21),"",IF($BH21<>Constants!$B$4,"",-$BZ21)) | CY21: =IF(ISBLANK($C21),"",$CA21) | CZ21: =IF(ISBLANK($C21),"",$BI21) | DA21: =IF(ISBLANK($C21),"",$CH21) | DB21: =IF(ISBLANK($C21),"",$CG21) | DC21: =IF(ISBLANK($C21),"",IFERROR(_xlfn.SWITCH($DB21,Constants!$B$7,COUNTA($C$9:$C$508)+2,Constants!$B$6,COUNTA($C$9:$C$508)+1,Constants!$B$5,COUNTA($C$9:$C$508)),$DB21)) | DE21: =IF(OR(ISNUMBER($DB21),$DB21=Constants!$B$7,$DB21=Constants!$B$5,$DB21=Constants!$B$6),1,0) -> 0 | DF21: 13 | DG21: =IF(ISBLANK($C21),"",IF(ISNUMBER($DC21),$DC21+ROW($B21)/1000,"")) | DH21: =IF(ISNUMBER($DG21),RANK($DG21,$DG$9:$DG$508,1),"") | DI21: =IF(ISBLANK($C21),"",$B21) | DJ21: =IF(ISBLANK($C21),"",$C21) | DK21: =IF(ISBLANK($C21),"",$D21) | DL21: =$CZ21 | DM21: =$CY21 | DN21: =IF(ISBLANK($C21),"",$DB21) | DO21: =IF($DF21>$DE$8,"",VLOOKUP($DF21,$DH$9:$DN$508,7,FALSE())) | DP21: =IF($DF21>$DE$8,"",VLOOKUP($DF21,$DH$9:$DN$508,2,FALSE())) | DQ21: =IF($DF21>$DE$8,"",VLOOKUP($DF21,$DH$9:$DN$508,3,FALSE())) | DR21: =IF($DF21>$DE$8,"",VLOOKUP($DF21,$DH$9:$DN$508,4,FALSE())) | DS21: =IF($DF21>$DE$8,"",VLOOKUP($DF21,$DH$9:$DN$508,5,FALSE())) | DT21: =IF($DF21>$DE$8,"",VLOOKUP($DF21,$DH$9:$DN$508,6,FALSE()))
... AH508: =IF(ISBLANK($C508),"",IF($E508=Constants!$B$2,TRUE(),IF($E508=Constants!$B$3,FALSE(),TRUE()))) | AI508: =IF(ISBLANK($C508),"",IF($F508=Constants!$B$2,TRUE(),IF($F508=Constants!$B$3,FALSE(),FALSE()))) | AJ508: =IF(ISBLANK($C508),"",IF($G508=Constants!$B$2,TRUE(),IF($G508=Constants!$B$3,FALSE(),TRUE()))) | AK508: =IF(ISBLANK($C508),"",IF($H508=Constants!$B$2,TRUE(),IF($H508=Constants!$B$3,FALSE(),TRUE()))) | AL508: =IF(ISBLANK($C508),"",IF(ISNUMBER($I508),IF($I508>=0,$I508,""),"")) | AM508: =IF(ISBLANK($C508),"",IF(ISNUMBER($J508),IF($J508>=0,$J508,""),"")) | AN508: =IF(ISBLANK($C508),"",IF(ISNUMBER($K508),IF($K508>=0,$K508,""),"")) | AO508: =IF(ISBLANK($C508),"",IF($L508=Constants!$B$2,TRUE(),IF($L508=Constants!$B$3,FALSE(),TRUE()))) | AP508: =IF(ISBLANK($C508),"",IF($M508=Constants!$B$2,TRUE(),IF($M508=Constants!$B$3,FALSE(),TRUE()))) | AQ508: =IF(ISBLANK($C508),"",IF($N508=Constants!$B$2,TRUE(),IF($N508=Constants!$B$3,FALSE(),FALSE()))) | AR508: =IF(ISBLANK($C508),"",IF($O508=Constants!$B$2,TRUE(),IF($O508=Constants!$B$3,FALSE(),TRUE()))) | AS508: =IF(ISBLANK($C508),"",IF($P508=Constants!$B$2,TRUE(),IF($P508=Constants!$B$3,FALSE(),FALSE()))) | AT508: =IF(ISBLANK($C508),"",IF($Q508=Constants!$B$2,TRUE(),IF($Q508=Constants!$B$3,FALSE(),FALSE()))) | AU508: =IF(ISBLANK($C508),"",IF($R508=Constants!$B$2,TRUE(),IF($R508=Constants!$B$3,FALSE(),FALSE()))) | AV508: =IF(ISBLANK($C508),"",IF($S508=Constants!$B$2,TRUE(),IF($S508=Constants!$B$3,FALSE(),FALSE()))) | AW508: =IF(ISBLANK($C508),"",IF($T508=Constants!$B$2,TRUE(),IF($T508=Constants!$B$3,FALSE(),FALSE()))) | AX508: =IF(ISBLANK($C508),"",IF(OR($U508&""="1",$U508&""="2",$U508&""="3",$U508&""="4"),VALUE($U508&""),IF($U508=Constants!$B$12,Constants!$B$12,""))) | AY508: =IF(ISBLANK($C508),"",IF(ISBLANK($V508),0,IF(ISNUMBER($V508),IF(AND($V508>=0,$V508<=Constants!$B$21,$V508=INT($V508)),$V508,""),""))) | AZ508: =IF(ISBLANK($C508),"",IF(ISBLANK($W508),0,IF(ISNUMBER($W508),IF($W508>=0,$W508,""),""))) | BA508: =IF(ISBLANK($C508),"",IF($X508=Constants!$B$2,TRUE(),IF($X508=Constants!$B$3,FALSE(),TRUE()))) | BB508: =IF(ISBLANK($C508),"",IF($Y508=Constants!$B$2,TRUE(),IF($Y508=Constants!$B$3,FALSE(),FALSE()))) | BC508: =IF(ISBLANK($C508),"",IF(ISBLANK($Z508),0,IF(ISNUMBER($Z508),IF(AND($Z508>=0,$Z508<=Constants!$B$35,$Z508=INT($Z508)),$Z508,""),""))) | BD508: =IF(ISBLANK($C508),"",IF($AA508=Constants!$B$2,TRUE(),IF($AA508=Constants!$B$3,FALSE(),TRUE()))) | BE508: =IF(ISBLANK($C508),"",IF($AB508=Constants!$B$2,TRUE(),IF($AB508=Constants!$B$3,FALSE(),TRUE()))) | BF508: =IF(ISBLANK($C508),"",IF(ISNUMBER($AC508),IF($AC508>=0,$AC508,""),"")) | BG508: =IF(ISBLANK($C508),"",IF($AD508=Constants!$B$2,TRUE(),IF($AD508=Constants!$B$3,FALSE(),FALSE()))) | BH508: =IF(ISBLANK($C508),"",IF($BG508,Constants!$B$7,IF(COUNTA($E508:$AC508)=0,Constants!$B$6,IF(OR(COUNTA($G508:$AC508)=0,NOT($AK508),$AQ508),Constants!$B$5,IF(OR($CI508<>"",$CJ508,$CK508,$CL508,$CM508,$CN508,$CO508),Constants!$B$8,Constants!$B$4))))) | BI508: =IF(ISBLANK($C508),"",IF($BH508<>Constants!$B$4,$BH508,IF(OR(NOT($AH508),NOT($AJ508),NOT($AR508)),Constants!$B$11,IF(OR(NOT($AP508),MAX($AL508,$AM508,$AN508)>Constants!$B$30),Constants!$B$10,Constants!$B$9)))) | BJ508: =IF($BH508<>Constants!$B$4,"",IF(NOT($AJ508),0,MIN(Constants!$B$35,$BC508))) | BK508: =IF($BH508<>Constants!$B$4,"",IF(NOT($AJ508),0,IF($AT508,Constants!$B$18,IF($AS508,Constants!$B$17,0)))) | BL508: =IF($BH508<>Constants!$B$4,"",IF(NOT($AJ508),0,Constants!$B$19*($AI508+$AU508+$AV508+$AW508))) | BM508: =IF($BH508<>Constants!$B$4,"",IF(OR(NOT($AJ508),NOT(ISNUMBER($AX508))),0,CHOOSE($AX508,Constants!$B$13,Constants!$B$14,Constants!$B$15,Constants!$B$16))) | BN508: =IF($BH508<>Constants!$B$4,"",IF(NOT($AJ508),0,Constants!$B$20*$AY508)) | BO508: =IF($BH508<>Constants!$B$4,"",IF(AND($AJ508,$BA508,$BB508),Constants!$B$22,0)) | BP508: =IF($BH508<>Constants!$B$4,"",IF(OR(NOT($AJ508),NOT($BA508)),0,IF($BF508>=2*$AF$9,0,Constants!$B$23*INT(ROUND(MIN($BF508,$AF$9),6))))) | BQ508: =IF($BH508<>Constants!$B$4,"",IF(NOT($AJ508),0,Constants!$B$24*INT(ROUND(MIN($AZ508,$AF$9),6)))) | BR508: =IF($BH508<>Constants!$B$4,"",IF(AND($AJ508,$BJ508=0),Constants!$B$25,0)) | BS508: =IF($BH508<>Constants!$B$4,"",MIN(Constants!$B$29,MAX(0,Constants!$B$27*Constants!$B$28*INT(ROUND((Constants!$B$26-$AL508)/Constants!$B$28,6))))+MIN(Constants!$B$29,MAX(0,Constants!$B$27*Constants!$B$28*INT(ROUND((Constants!$B$26-$AM508)/Constants!$B$28,6))))+MIN(Constants!$B$29,MAX(0,Constants!$B$27*Constants!$B$28*INT(ROUND((Constants!$B$26-$AN508)/Constants!$B$28,6))))) | BT508: =IF($BH508<>Constants!$B$4,"",IF(NOT($AJ508),0,Constants!$B$31*INT(ROUND(MAX(0,MIN($BF508,2*$AF$9)-$AF$9),6)))) | BU508: =IF($BH508<>Constants!$B$4,"",Constants!$B$32*(($AL508>Constants!$B$26)+($AM508>Constants!$B$26)+($AN508>Constants!$B$26))) | BV508: =IF($BH508<>Constants!$B$4,"",IF(OR(NOT($AJ508),$AO508),0,Constants!$B$33)) | BW508: =IF($BH508<>Constants!$B$4,"",Constants!$B$34*$BJ508) | BX508: =IF($BH508<>Constants!$B$4,"",IF(OR(NOT($AJ508),$BE508),0,Constants!$B$36)) | BY508: =IF($BH508<>Constants!$B$4,"",IF(OR(NOT($AJ508),$BD508),0,Constants!$B$37)) | BZ508: =IF($BH508<>Constants!$B$4,"",SUM($BT508:$BY508)) | CA508: =IF(ISBLANK($C508),"",IF($BH508<>Constants!$B$4,$BH508,SUM($BK508:$BS508)-$BZ508)) | CB508: =IF(ISBLANK($C508),"",IF($BH508<>Constants!$B$4,$BH508,RANK($CA508,$CA$9:$CA$508))) | CC508: =IF(ISBLANK($C508),"",IF($BH508<>Constants!$B$4,$BH508,COUNTIFS($BI$9:$BI$508,"<"&$BI508)+COUNTIFS($BI$9:$BI$508,$BI508,$CB$9:$CB$508,"<"&$CB508)+1)) | CD508: =IF(ISBLANK($C508),"",IF($BH508<>Constants!$B$4,$BH508,RANK($BZ508,$BZ$9:$BZ$508,1))) | CE508: =IF($BH508<>Constants!$B$4,"",$AL508+$AM508+$AN508) | CF508: =IF(ISBLANK($C508),"",IF($BH508<>Constants!$B$4,$BH508,RANK($CE508,$CE$9:$CE$508,1))) | CG508: =IF(ISBLANK($C508),"",IF($BH508<>Constants!$B$4,$BH508,COUNTIFS($BI$9:$BI$508,"<"&$BI508)+COUNTIFS($BI$9:$BI$508,$BI508,$CB$9:$CB$508,"<"&$CB508)+COUNTIFS($BI$9:$BI$508,$BI508,$CB$9:$CB$508,$CB508,$CD$9:$CD$508,"<"&$CD508)+COUNTIFS($BI$9:$BI$508,$BI508,$CB$9:$CB$508,$CB508,$CD$9:$CD$508,$CD508,$CF$9:$CF$508,"<"&$CF508)+1)) | CH508: =IF(ISBLANK($C508),"",IF($BH508<>Constants!$B$4,$BH508,$CC508-$CG508)) | CI508: =IF(ISBLANK($C508),"",IF(NOT($AJ508),"",IF(ISBLANK($D$7),$CI$5,IF(NOT(ISNUMBER($D$7)),$CI$6,"")))) | CJ508: =IF(ISBLANK($C508),"",OR($AL508="",$AM508="",$AN508="")) | CK508: =IF(ISBLANK($C508),"",AND($AJ508,$AX508="")) | CL508: =IF(ISBLANK($C508),"",AND($AJ508,$AY508="")) | CM508: =IF(ISBLANK($C508),"",AND($AJ508,$AZ508="")) | CN508: =IF(ISBLANK($C508),"",AND($AJ508,$BC508="")) | CO508: =IF(ISBLANK($C508),"",AND($AJ508,$BF508="")) | CR508: =IF(ISBLANK($C508),"",IF($BH508=Constants!$B$8,$CI508,"")) | CS508: =IF(ISBLANK($C508),"",IF($BH508<>Constants!$B$4,"",$BK508+$BL508)) | CT508: =IF(ISBLANK($C508),"",IF($BH508<>Constants!$B$4,"",$BM508+$BN508+$BO508)) | CU508: =IF(ISBLANK($C508),"",IF($BH508<>Constants!$B$4,"",$BP508)) | CV508: =IF(ISBLANK($C508),"",IF($BH508<>Constants!$B$4,"",$BQ508+$BR508)) | CW508: =IF(ISBLANK($C508),"",IF($BH508<>Constants!$B$4,"",$BS508)) | CX508: =IF(ISBLANK($C508),"",IF($BH508<>Constants!$B$4,"",-$BZ508)) | CY508: =IF(ISBLANK($C508),"",$CA508) | CZ508: =IF(ISBLANK($C508),"",$BI508) | DA508: =IF(ISBLANK($C508),"",$CH508) | DB508: =IF(ISBLANK($C508),"",$CG508) | DC508: =IF(ISBLANK($C508),"",IFERROR(_xlfn.SWITCH($DB508,Constants!$B$7,COUNTA($C$9:$C$508)+2,Constants!$B$6,COUNTA($C$9:$C$508)+1,Constants!$B$5,COUNTA($C$9:$C$508)),$DB508)) | DE508: =IF(OR(ISNUMBER($DB508),$DB508=Constants!$B$7,$DB508=Constants!$B$5,$DB508=Constants!$B$6),1,0) -> 0 | DF508: 500 | DG508: =IF(ISBLANK($C508),"",IF(ISNUMBER($DC508),$DC508+ROW($B508)/1000,"")) | DH508: =IF(ISNUMBER($DG508),RANK($DG508,$DG$9:$DG$508,1),"") | DI508: =IF(ISBLANK($C508),"",$B508) | DJ508: =IF(ISBLANK($C508),"",$C508) | DK508: =IF(ISBLANK($C508),"",$D508) | DL508: =$CZ508 | DM508: =$CY508 | DN508: =IF(ISBLANK($C508),"",$DB508) | DO508: =IF($DF508>$DE$8,"",VLOOKUP($DF508,$DH$9:$DN$508,7,FALSE())) | DP508: =IF($DF508>$DE$8,"",VLOOKUP($DF508,$DH$9:$DN$508,2,FALSE())) | DQ508: =IF($DF508>$DE$8,"",VLOOKUP($DF508,$DH$9:$DN$508,3,FALSE())) | DR508: =IF($DF508>$DE$8,"",VLOOKUP($DF508,$DH$9:$DN$508,4,FALSE())) | DS508: =IF($DF508>$DE$8,"",VLOOKUP($DF508,$DH$9:$DN$508,5,FALSE())) | DT508: =IF($DF508>$DE$8,"",VLOOKUP($DF508,$DH$9:$DN$508,6,FALSE()))

Sheet Constants
A1: Name Desc | B1: Value
A2: True | B2: T
A3: False | B3: F
A4: Competed | B4: C
A5: Participated | B5: P
A6: No-Show | B6: NS
A7: Disqualified | B7: DQ
A8: Error | B8: ERR
A9: Tier 1 | B9: 1
A10: Tier 2 | B10: 2
A11: Tier 3 | B11: 3
A12: Start Action: touched to start | B12: Touch
A13: Start Action: 1st coin (pt) | B13: 25
A14: Start Action: 2nd coin (pt) | B14: 50
A15: Start Action: quarter (pt) | B15: 200
A16: Start Action: team-dropped quarter (pt) | B16: 0
A17: Set-Up <= 30 min (pt) | B17: 50
A18: State/Nats Set-Up <= 15 min (pt) | B18: 75
A19: ASL item (pt) | B19: 25
A20: Scorable Action (pt) | B20: 50
A21: Max Scorable Actions | B21: 12
A22: Final Action (pt) | B22: 250
A23: Time Score (pt/s) | B23: 2
A24: Water Timer Bonus (pt/s) | B24: 1
... A40: Target Time Interval (s) | B40: 1

Sheet Export
A1: Team # | B1: School Name | C1: Team Name | D1: Status | E1: Score | F1: Tiebreaker | G1: Tier | H1: Points | I1: Rank
A2: =ExportRaw!$F2 -> 0 | B2: =ExportRaw!$C2 -> 0 | C2: =ExportRaw!$G2 -> 0 | D2: =ExportRaw!$E2 | E2: =ExportRaw!$D2 | F2: =ExportRaw!$H2 | G2: =ExportRaw!$I2 | H2: =ExportRaw!$A2 | I2: =ExportRaw!$B2
A3: =ExportRaw!$F3 -> 0 | B3: =ExportRaw!$C3 -> 0 | C3: =ExportRaw!$G3 -> 0 | D3: =ExportRaw!$E3 | E3: =ExportRaw!$D3 | F3: =ExportRaw!$H3 | G3: =ExportRaw!$I3 | H3: =ExportRaw!$A3 | I3: =ExportRaw!$B3
A4: =ExportRaw!$F4 -> 0 | B4: =ExportRaw!$C4 -> 0 | C4: =ExportRaw!$G4 -> 0 | D4: =ExportRaw!$E4 | E4: =ExportRaw!$D4 | F4: =ExportRaw!$H4 | G4: =ExportRaw!$I4 | H4: =ExportRaw!$A4 | I4: =ExportRaw!$B4
A5: =ExportRaw!$F5 -> 0 | B5: =ExportRaw!$C5 -> 0 | C5: =ExportRaw!$G5 -> 0 | D5: =ExportRaw!$E5 | E5: =ExportRaw!$D5 | F5: =ExportRaw!$H5 | G5: =ExportRaw!$I5 | H5: =ExportRaw!$A5 | I5: =ExportRaw!$B5
A6: =ExportRaw!$F6 -> 0 | B6: =ExportRaw!$C6 -> 0 | C6: =ExportRaw!$G6 -> 0 | D6: =ExportRaw!$E6 | E6: =ExportRaw!$D6 | F6: =ExportRaw!$H6 | G6: =ExportRaw!$I6 | H6: =ExportRaw!$A6 | I6: =ExportRaw!$B6
A7: =ExportRaw!$F7 -> 0 | B7: =ExportRaw!$C7 -> 0 | C7: =ExportRaw!$G7 -> 0 | D7: =ExportRaw!$E7 | E7: =ExportRaw!$D7 | F7: =ExportRaw!$H7 | G7: =ExportRaw!$I7 | H7: =ExportRaw!$A7 | I7: =ExportRaw!$B7
A8: =ExportRaw!$F8 -> 0 | B8: =ExportRaw!$C8 -> 0 | C8: =ExportRaw!$G8 -> 0 | D8: =ExportRaw!$E8 | E8: =ExportRaw!$D8 | F8: =ExportRaw!$H8 | G8: =ExportRaw!$I8 | H8: =ExportRaw!$A8 | I8: =ExportRaw!$B8
A9: =ExportRaw!$F9 -> 0 | B9: =ExportRaw!$C9 -> 0 | C9: =ExportRaw!$G9 -> 0 | D9: =ExportRaw!$E9 | E9: =ExportRaw!$D9 | F9: =ExportRaw!$H9 | G9: =ExportRaw!$I9 | H9: =ExportRaw!$A9 | I9: =ExportRaw!$B9
A10: =ExportRaw!$F10 -> 0 | B10: =ExportRaw!$C10 -> 0 | C10: =ExportRaw!$G10 -> 0 | D10: =ExportRaw!$E10 | E10: =ExportRaw!$D10 | F10: =ExportRaw!$H10 | G10: =ExportRaw!$I10 | H10: =ExportRaw!$A10 | I10: =ExportRaw!$B10
A11: =ExportRaw!$F11 -> 0 | B11: =ExportRaw!$C11 -> 0 | C11: =ExportRaw!$G11 -> 0 | D11: =ExportRaw!$E11 | E11: =ExportRaw!$D11 | F11: =ExportRaw!$H11 | G11: =ExportRaw!$I11 | H11: =ExportRaw!$A11 | I11: =ExportRaw!$B11
A12: =ExportRaw!$F12 -> 0 | B12: =ExportRaw!$C12 -> 0 | C12: =ExportRaw!$G12 -> 0 | D12: =ExportRaw!$E12 | E12: =ExportRaw!$D12 | F12: =ExportRaw!$H12 | G12: =ExportRaw!$I12 | H12: =ExportRaw!$A12 | I12: =ExportRaw!$B12
A13: =ExportRaw!$F13 -> 0 | B13: =ExportRaw!$C13 -> 0 | C13: =ExportRaw!$G13 -> 0 | D13: =ExportRaw!$E13 | E13: =ExportRaw!$D13 | F13: =ExportRaw!$H13 | G13: =ExportRaw!$I13 | H13: =ExportRaw!$A13 | I13: =ExportRaw!$B13
... A501: =ExportRaw!$F501 -> 0 | B501: =ExportRaw!$C501 -> 0 | C501: =ExportRaw!$G501 -> 0 | D501: =ExportRaw!$E501 | E501: =ExportRaw!$D501 | F501: =ExportRaw!$H501 | G501: =ExportRaw!$I501 | H501: =ExportRaw!$A501 | I501: =ExportRaw!$B501

Sheet Changelog
A1: Date | B1: Version # | C1: Change
A2: 45977 | B2: 0.0.0 | C2: First draft of scoresheet completed
A3: 46032 | B3: 0.0.1 | C3: Fixed Tiebreaker to show status (P, NS, DQ) if team is not Completed status
A4: 46036 | B4: 0.1.0 | C4: Fixed to include solid/liquid leaving penalty to score. Fixed dimension bonus from going negative. Fixed awarding of points for # of marbles sorted correctly. Added coloring for invalid number of items sorted incorrectly.
A5: 46042 | B5: 0.2.0 | C5: Fixed tiering to correctly group rankings by tier.
A6: 46050 | B6: 0.3.0 | C6: Make final action touches void points awarded for final scoring bell and sorting. Remove target time column in favor of global cell. Fix box numbering to align with checklist
A7: 46053 | B7: 0.4.0 | C7: Fixed #REF! errors related to time score
A8: 46058 | B8: 0.5.0 | C8: Removed box 17 to align with checklist
A9: 46077 | B9: 0.5.1 | C9: Add coloring for abnormal (red) and bonuses (green) where applicable

Sheet Vers
A1: =IFERROR(__xludf.dummyfunction("importrange(""https://docs.google.com/spreadsheets/d/1YGauecgVr6IitrGDDrOCoTXY8ruNxlmFhmS5Oas2JUg/edit?gid=0#gid=0"",""Sheet1!A1:G18"")"),"Helicopter|B/C") -> Helicopter|B/C | B1: =IFERROR(__xludf.dummyfunction("""COMPUTED_VALUE"""),"Helicopter") -> Helicopter | C1: =IFERROR(__xludf.dummyfunction("""COMPUTED_VALUE"""),"B/C") -> B/C | D1: =IFERROR(__xludf.dummyfunction("""COMPUTED_VALUE"""),"0.6.1") -> 0.6.1 | E1: =IFERROR(__xludf.dummyfunction("""COMPUTED_VALUE"""),46077) -> 46077 | G1: =IFERROR(__xludf.dummyfunction("""COMPUTED_VALUE"""),"Ready") -> Ready
A2: =IFERROR(__xludf.dummyfunction("""COMPUTED_VALUE"""),"Mission Possible|B") -> Mission Possible|B | B2: =IFERROR(__xludf.dummyfunction("""COMPUTED_VALUE"""),"Mission Possible") -> Mission Possible | C2: =IFERROR(__xludf.dummyfunction("""COMPUTED_VALUE"""),"B") -> B | D2: =IFERROR(__xludf.dummyfunction("""COMPUTED_VALUE"""),"0.5.1") -> 0.5.1 | E2: =IFERROR(__xludf.dummyfunction("""COMPUTED_VALUE"""),46077) -> 46077 | G2: =IFERROR(__xludf.dummyfunction("""COMPUTED_VALUE"""),"Ready") -> Ready
A3: =IFERROR(__xludf.dummyfunction("""COMPUTED_VALUE"""),"Scrambler|B") -> Scrambler|B | B3: =IFERROR(__xludf.dummyfunction("""COMPUTED_VALUE"""),"Scrambler") -> Scrambler | C3: =IFERROR(__xludf.dummyfunction("""COMPUTED_VALUE"""),"B") -> B | D3: =IFERROR(__xludf.dummyfunction("""COMPUTED_VALUE"""),"0.4.1") -> 0.4.1 | E3: =IFERROR(__xludf.dummyfunction("""COMPUTED_VALUE"""),46077) -> 46077 | G3: =IFERROR(__xludf.dummyfunction("""COMPUTED_VALUE"""),"Ready") -> Ready
A4: =IFERROR(__xludf.dummyfunction("""COMPUTED_VALUE"""),"Bungee Drop|C") -> Bungee Drop|C | B4: =IFERROR(__xludf.dummyfunction("""COMPUTED_VALUE"""),"Bungee Drop") -> Bungee Drop | C4: =IFERROR(__xludf.dummyfunction("""COMPUTED_VALUE"""),"C") -> C | D4: =IFERROR(__xludf.dummyfunction("""COMPUTED_VALUE"""),"0.4.3") -> 0.4.3 | E4: =IFERROR(__xludf.dummyfunction("""COMPUTED_VALUE"""),46077) -> 46077 | G4: =IFERROR(__xludf.dummyfunction("""COMPUTED_VALUE"""),"Ready") -> Ready
A5: =IFERROR(__xludf.dummyfunction("""COMPUTED_VALUE"""),"Electric Vehicle|C") -> Electric Vehicle|C | B5: =IFERROR(__xludf.dummyfunction("""COMPUTED_VALUE"""),"Electric Vehicle") -> Electric Vehicle | C5: =IFERROR(__xludf.dummyfunction("""COMPUTED_VALUE"""),"C") -> C | D5: =IFERROR(__xludf.dummyfunction("""COMPUTED_VALUE"""),"0.8.0") -> 0.8.0 | E5: =IFERROR(__xludf.dummyfunction("""COMPUTED_VALUE"""),46047) -> 46047 | G5: =IFERROR(__xludf.dummyfunction("""COMPUTED_VALUE"""),"Ready") -> Ready
A6: =IFERROR(__xludf.dummyfunction("""COMPUTED_VALUE"""),"Robot Tour|C") -> Robot Tour|C | B6: =IFERROR(__xludf.dummyfunction("""COMPUTED_VALUE"""),"Robot Tour") -> Robot Tour | C6: =IFERROR(__xludf.dummyfunction("""COMPUTED_VALUE"""),"C") -> C | D6: =IFERROR(__xludf.dummyfunction("""COMPUTED_VALUE"""),"0.6.0") -> 0.6.0 | E6: =IFERROR(__xludf.dummyfunction("""COMPUTED_VALUE"""),46077) -> 46077 | G6: =IFERROR(__xludf.dummyfunction("""COMPUTED_VALUE"""),"Ready") -> Ready
A7: =IFERROR(__xludf.dummyfunction("""COMPUTED_VALUE"""),"Hovercraft|B/C") -> Hovercraft|B/C | B7: =IFERROR(__xludf.dummyfunction("""COMPUTED_VALUE"""),"Hovercraft") -> Hovercraft | C7: =IFERROR(__xludf.dummyfunction("""COMPUTED_VALUE"""),"B/C") -> B/C | D7: =IFERROR(__xludf.dummyfunction("""COMPUTED_VALUE"""),"0.5.3") -> 0.5.3 | E7: =IFERROR(__xludf.dummyfunction("""COMPUTED_VALUE"""),46055) -> 46055 | G7: =IFERROR(__xludf.dummyfunction("""COMPUTED_VALUE"""),"Ready") -> Ready
A8: =IFERROR(__xludf.dummyfunction("""COMPUTED_VALUE"""),"Boomilever|B/C") -> Boomilever|B/C | B8: =IFERROR(__xludf.dummyfunction("""COMPUTED_VALUE"""),"Boomilever") -> Boomilever | C8: =IFERROR(__xludf.dummyfunction("""COMPUTED_VALUE"""),"B/C") -> B/C | D8: =IFERROR(__xludf.dummyfunction("""COMPUTED_VALUE"""),"0.3.0") -> 0.3.0 | E8: =IFERROR(__xludf.dummyfunction("""COMPUTED_VALUE"""),46077) -> 46077 | G8: =IFERROR(__xludf.dummyfunction("""COMPUTED_VALUE"""),"Ready") -> Ready
A9: =IFERROR(__xludf.dummyfunction("""COMPUTED_VALUE"""),"Machines|B/C") -> Machines|B/C | B9: =IFERROR(__xludf.dummyfunction("""COMPUTED_VALUE"""),"Machines") -> Machines | C9: =IFERROR(__xludf.dummyfunction("""COMPUTED_VALUE"""),"B/C") -> B/C | D9: =IFERROR(__xludf.dummyfunction("""COMPUTED_VALUE"""),"0.4.0") -> 0.4.0 | E9: =IFERROR(__xludf.dummyfunction("""COMPUTED_VALUE"""),45996) -> 45996 | G9: =IFERROR(__xludf.dummyfunction("""COMPUTED_VALUE"""),"Ready") -> Ready
A10: =IFERROR(__xludf.dummyfunction("""COMPUTED_VALUE"""),"Engineering CAD|C") -> Engineering CAD|C | B10: =IFERROR(__xludf.dummyfunction("""COMPUTED_VALUE"""),"Engineering CAD") -> Engineering CAD | C10: =IFERROR(__xludf.dummyfunction("""COMPUTED_VALUE"""),"C") -> C | D10: =IFERROR(__xludf.dummyfunction("""COMPUTED_VALUE"""),"1.0.0") -> 1.0.0 | E10: =IFERROR(__xludf.dummyfunction("""COMPUTED_VALUE"""),46095) -> 46095 | G10: =IFERROR(__xludf.dummyfunction("""COMPUTED_VALUE"""),"Ready") -> Ready
A21: =IF(ISBLANK(B21),"",B21&"|"&C21)
A22: =IF(ISBLANK(B22),"",B22&"|"&C22)
A23: =IF(ISBLANK(B23),"",B23&"|"&C23)
A24: =IF(ISBLANK(B24),"",B24&"|"&C24)
A25: =IF(ISBLANK(B25),"",B25&"|"&C25)
A26: =IF(ISBLANK(B26),"",B26&"|"&C26)
A27: =IF(ISBLANK(B27),"",B27&"|"&C27)
A28: =IF(ISBLANK(B28),"",B28&"|"&C28)
A29: =IF(ISBLANK(B29),"",B29&"|"&C29)
A30: =IF(ISBLANK(B30),"",B30&"|"&C30)
A31: =IF(ISBLANK(B31),"",B31&"|"&C31)
A32: =IF(ISBLANK(B32),"",B32&"|"&C32)
... A1000: =IF(ISBLANK(B1000),"",B1000&"|"&C1000)

Sheet Info.
A1: Event | B1: Mission Possible
A2: Last Updated | B2: 46292 | D2: Idx of first . | E2: Idx of second . | F2: Major Version | G2: Minor Version | H2: Minor Patch
A3: Version | B3: 0.1.0 | D3: =FIND(".",B3) -> 2 | E3: =FIND(".",B3,D3+1) -> 4 | F3: =LEFT(B3,D3-1) -> 0 | G3: =MID(B3,D3+1,E3-D3-1) -> 1 | H3: =RIGHT(B3,LEN(B3)-E3) -> 0
A4: Division | B4: C
A5: Year | B5: 2027
A6: VLook | B6: =B1&"|"&B4 -> Mission Possible|C
A7: Latest Version | B7: 0.1.0 | D7: =FIND(".",B7) -> 2 | E7: =FIND(".",B7,D7+1) -> 4 | F7: =LEFT(B7,D7-1) -> 0 | G7: =MID(B7,D7+1,E7-D7-1) -> 1 | H7: =RIGHT(B7,LEN(B7)-E7) -> 0
A8: Outdated? | B8: =IF(CONCATENATE(F7,".",G7)=CONCATENATE(F3,".",G3),"F","T") -> F

Sheet Dropdowns
A1: Compliant | B1: Complete | C1: Points
A2: Incomplete | B2: Incomplete | C2: Rank
A3: Non-Compliant | B3: No Log | C3: School Name
A4: No Log | C4: Score
C5: Status
C6: Team #
C7: Team Name
C8: Tiebreaker
C9: Tier

Sheet ExportRaw
A1: Points | B1: Rank | C1: School Name | D1: Score | E1: Status | F1: Team # | G1: Team Name | H1: Tiebreaker | I1: Tier
A2: =Scoring!DC9 | B2: =Scoring!DB9 | C2: =Scoring!C9 -> 0 | D2: =Scoring!CY9 | E2: =Scoring!BH9 | F2: =Scoring!B9 -> 0 | G2: =Scoring!D9 -> 0 | H2: =Scoring!DA9 | I2: =Scoring!CZ9
A3: =Scoring!DC10 | B3: =Scoring!DB10 | C3: =Scoring!C10 -> 0 | D3: =Scoring!CY10 | E3: =Scoring!BH10 | F3: =Scoring!B10 -> 0 | G3: =Scoring!D10 -> 0 | H3: =Scoring!DA10 | I3: =Scoring!CZ10
A4: =Scoring!DC11 | B4: =Scoring!DB11 | C4: =Scoring!C11 -> 0 | D4: =Scoring!CY11 | E4: =Scoring!BH11 | F4: =Scoring!B11 -> 0 | G4: =Scoring!D11 -> 0 | H4: =Scoring!DA11 | I4: =Scoring!CZ11
A5: =Scoring!DC12 | B5: =Scoring!DB12 | C5: =Scoring!C12 -> 0 | D5: =Scoring!CY12 | E5: =Scoring!BH12 | F5: =Scoring!B12 -> 0 | G5: =Scoring!D12 -> 0 | H5: =Scoring!DA12 | I5: =Scoring!CZ12
A6: =Scoring!DC13 | B6: =Scoring!DB13 | C6: =Scoring!C13 -> 0 | D6: =Scoring!CY13 | E6: =Scoring!BH13 | F6: =Scoring!B13 -> 0 | G6: =Scoring!D13 -> 0 | H6: =Scoring!DA13 | I6: =Scoring!CZ13
A7: =Scoring!DC14 | B7: =Scoring!DB14 | C7: =Scoring!C14 -> 0 | D7: =Scoring!CY14 | E7: =Scoring!BH14 | F7: =Scoring!B14 -> 0 | G7: =Scoring!D14 -> 0 | H7: =Scoring!DA14 | I7: =Scoring!CZ14
A8: =Scoring!DC15 | B8: =Scoring!DB15 | C8: =Scoring!C15 -> 0 | D8: =Scoring!CY15 | E8: =Scoring!BH15 | F8: =Scoring!B15 -> 0 | G8: =Scoring!D15 -> 0 | H8: =Scoring!DA15 | I8: =Scoring!CZ15
A9: =Scoring!DC16 | B9: =Scoring!DB16 | C9: =Scoring!C16 -> 0 | D9: =Scoring!CY16 | E9: =Scoring!BH16 | F9: =Scoring!B16 -> 0 | G9: =Scoring!D16 -> 0 | H9: =Scoring!DA16 | I9: =Scoring!CZ16
A10: =Scoring!DC17 | B10: =Scoring!DB17 | C10: =Scoring!C17 -> 0 | D10: =Scoring!CY17 | E10: =Scoring!BH17 | F10: =Scoring!B17 -> 0 | G10: =Scoring!D17 -> 0 | H10: =Scoring!DA17 | I10: =Scoring!CZ17
A11: =Scoring!DC18 | B11: =Scoring!DB18 | C11: =Scoring!C18 -> 0 | D11: =Scoring!CY18 | E11: =Scoring!BH18 | F11: =Scoring!B18 -> 0 | G11: =Scoring!D18 -> 0 | H11: =Scoring!DA18 | I11: =Scoring!CZ18
A12: =Scoring!DC19 | B12: =Scoring!DB19 | C12: =Scoring!C19 -> 0 | D12: =Scoring!CY19 | E12: =Scoring!BH19 | F12: =Scoring!B19 -> 0 | G12: =Scoring!D19 -> 0 | H12: =Scoring!DA19 | I12: =Scoring!CZ19
A13: =Scoring!DC20 | B13: =Scoring!DB20 | C13: =Scoring!C20 -> 0 | D13: =Scoring!CY20 | E13: =Scoring!BH20 | F13: =Scoring!B20 -> 0 | G13: =Scoring!D20 -> 0 | H13: =Scoring!DA20 | I13: =Scoring!CZ20
... A501: =Scoring!DC508 | B501: =Scoring!DB508 | C501: =Scoring!C508 -> 0 | D501: =Scoring!CY508 | E501: =Scoring!BH508 | F501: =Scoring!B508 -> 0 | G501: =Scoring!D508 -> 0 | H501: =Scoring!DA508 | I501: =Scoring!CZ508
