Workbook

Sheet Scoring
B2: ='Info.'!B1&" "&'Info.'!B4 -> Boomilever B | E2: Check In | I2: Testing | AL2: Breakdown | AV2: Rank for this team with row() bump | AW2: Rank for this team with same ranks split | AX2: Team Number of this team | AY2: Name of this schoo | AZ2: Name of this team | BA2: Tier for this Team | BB2: Score for this team | BC2: Actual Rank for this team | BD2: Final Rankings
E3: 1. Team's Estimated Load Supported (g) | F3: 2. Mass of Structure (g) | G3: 3. Eye protection is worn (T/F) | H3: 4. All const and comp params met (T/F) | I3: 5. Option Met | J3: 6. Load Supported (g) | K3: 7. Disqualify (T/F) | AL3: Load Scored | AM3: Structure Mass (g) | AN3: Score | AO3: Tier | AP3: Tiebreaker | AQ3: Rank | AR3: Points | BD3: Rank | BE3: Team # | BF3: School Name | BG3: Team Name | BH3: Tier | BI3: Score
B4: ="Event Scoresheet - "&'Info.'!B5&IF('Info.'!B8="T"," The scoresheet has been updated; please download version v"&'Info.'!B7&" from soinc.org/scoresheets.","") -> Event Scoresheet - 2027 | N4: Required
B6: ="Last Updated: "&TEXT('Info.'!B2, "mm/dd/yyyy")&" (v"&'Info.'!B3&") Direct all questions to scoresheets@soinc.org." -> Last Updated: 09/20/2026 (v0.1.0) Direct all questions to scoresheets@soinc.org. | M6: =E3 -> 1. Team's Estimated Load Supported (g) | N6: =F3 -> 2. Mass of Structure (g) | O6: Box 2 Error Check | P6: =G3 -> 3. Eye protection is worn (T/F) | Q6: =H3 -> 4. All const and comp params met (T/F) | R6: =I3 -> 5. Option Met | S6: =J3 -> 6. Load Supported (g) | T6: =K3 -> 7. Disqualify (T/F) | AE6: Tiebreakers
B7: Team # | C7: School Name | D7: Team Name | U7: 5/6 Discrepancy | V7: Status | W7: Tier | X7: Load Scored | Y7: Efficiency | Z7: Score (T1) | AA7: T1 Rank | AB7: Score (T2) | AC7: T2 Rank | AD7: Rank | AE7: Structure Mass (TB1) | AF7: TB1 Rank | AG7: Estimated Load Difference (TB2) | AH7: TB2 Rank | AI7: Rank w/ TB | AJ7: Rank Diff | AT7: =SUM(AT8:AT507) -> 0
M8: =IF(ISBLANK($C8),"",IF(ISBLANK(E8),0,E8)) | N8: =IF(ISBLANK($C8),"",IF(ISBLANK(F8),0,F8)) | O8: =IF(AND(NOT(ISBLANK($C8)),NOT($T8),COUNTA($E8:$K8)>0),ISBLANK($F8),FALSE()) -> #VALUE! | P8: =IF(ISBLANK($C8),"",IF(G8=Constants!$B$9, TRUE(), IF(G8=Constants!$B$10, FALSE(), TRUE()))) | Q8: =IF(ISBLANK($C8),"",IF(H8=Constants!$B$9, TRUE(), IF(H8=Constants!$B$10, FALSE(), TRUE()))) | R8: =IF(ISBLANK($C8),"",IF(ISBLANK(I8),Constants!$B$3,I8)) | S8: =IF(ISBLANK($C8),"",IF(ISBLANK(J8),0,MIN(J8,Constants!$B$6))) | T8: =IF(ISBLANK($C8),"",IF(K8=Constants!$B$9, TRUE(), IF(K8=Constants!$B$10, FALSE(), FALSE()))) | U8: =IF(ISBLANK($C8),"",AND(R8=Constants!$B$4, S8<Constants!$B$6)) | V8: =IF(ISBLANK(C8), "", IF(T8, Constants!$B$11, IF(COUNTA(E8:K8)=0, Constants!$B$12, IF(NOT(AND(P8,S8<>0)), Constants!$B$13, IF(O8, Constants!$B$15, Constants!$B$14))))) | W8: =IF(OR(ISBLANK($C8), SUMPRODUCT(--(P8:T8<>""))=0), "", IF(V8<>Constants!$B$14, V8, IF(AND(NOT(ISBLANK(J8)),P8,Q8,R8<>Constants!$B$2), Constants!$B$7, IF(AND(P8,OR(NOT(Q8),R8=Constants!$B$2)), Constants!$B$8, "Error")))) | X8: =IF(OR(W8=Constants!$B$7,W8=Constants!$B$8), MAX(0, MIN(Constants!$B$6, S8))+IF(AND(R8=Constants!$B$4, NOT(U8)), Constants!$B$5, 0), "") | Y8: =IF(ISBLANK($C8),"",IF(AND(ISNUMBER(X8),N8>0),X8/N8, "") ) | Z8: =IF(AND(NOT(ISBLANK($C8)), W8=Constants!$B$7), Y8, "") | AA8: =IF(ISNUMBER(Z8), RANK(Z8,Z$8:Z$507), "") | AB8: =IF(AND(NOT(ISBLANK($C8)), W8=Constants!$B$8), Y8, "") | AC8: =IF(ISNUMBER(AB8), RANK(AB8,AB$8:AB$507), "") | AD8: =IF(ISBLANK($C8),"",IF(V8<>Constants!$B$14, V8, IF(W8=Constants!$B$7, AA8, IF(W8=Constants!$B$8, COUNT($AA$8:$AA$507) + AC8, "")))) | AE8: =N8 | AF8: =IF(ISNUMBER(AE8), RANK(AE8,AE$8:AE$507,1), "") | AG8: =IF(ISBLANK(C8), "", ABS(M8-S8)) | AH8: =IF(ISNUMBER(AG8), RANK(AG8,AG$8:AG$507,1), "") | AI8: =IF(ISBLANK(C8),"",IF(V8<>Constants!$B$14, V8, RANK(AD8, AD$8:AD$507, 1)+ SUMPRODUCT(--(AD$8:AD$507=AD8),--(AF8>AF$8:AF$507)) + SUMPRODUCT(--(AD$8:AD$507=AD8),--(AF8=AF$8:AF$507),--(AH8>AH$8:AH$507)))) | AJ8: =IF(ISBLANK(C8),"",IF(V8<>Constants!$B$14, V8, AD8-AI8)) | AL8: =IF(ISBLANK($C8),"",IF($V8<>Constants!$B$14,$V8,X8)) | AM8: =IF(ISBLANK($C8),"",IF($V8<>Constants!$B$14,$V8,N8)) | AN8: =IF(ISBLANK(C8),"",IF(V8<>Constants!$B$14, V8, IF(W8=Constants!$B$7,Z8,IF(W8=Constants!$B$8,AB8,"")))) | AO8: =IF(ISBLANK(C8),"",W8) | AP8: =IF(ISBLANK(C8),"",AJ8) | AQ8: =IF(ISBLANK(C8),"",AI8) | AR8: =IF(ISBLANK(C8), "", IF(AQ8=Constants!$B$11,COUNTA($C$8:$C$507)+2,IF(AQ8=Constants!$B$12,COUNTA($C$8:$C$507)+1,IF(AQ8=Constants!$B$13,COUNTA($C$8:$C$507),AQ8)))) | AT8: =IF(OR(ISNUMBER(AQ8),AQ8="DQ",AQ8="P",AQ8="NS"), 1, 0 ) -> 0 | AU8: 1 | AV8: =IF(ISBLANK($C8), "", IF(ISNUMBER(AR8),AR8+ROW($B8)/1000,"") ) | AW8: =IF(ISNUMBER(AV8), RANK(AV8,AV$8:AV$507,1), "") | AX8: =IF(ISBLANK($C8), "", $B8 ) | AY8: =IF(ISBLANK($C8), "", $C8 ) | AZ8: =IF(ISBLANK($C8), "", $D8 ) | BA8: =AO8 | BB8: =AN8 | BC8: =IF(ISBLANK($C8), "", AQ8 ) | BD8: =IF(AU8>AT$7, "", VLOOKUP(AU8,AW$8:BC$507,7,FALSE()) ) | BE8: =IF(AU8>AT$7, "", VLOOKUP(AU8,AW$8:BC$507,2,FALSE()) ) | BF8: =IF(AU8>AT$7, "", VLOOKUP(AU8,AW$8:BC$507,3,FALSE()) ) | BG8: =IF(AU8>AT$7, "", VLOOKUP(AU8,AW$8:BC$507,4,FALSE()) ) | BH8: =IF(AU8>AT$7, "", VLOOKUP(AU8,AW$8:BC$507,5,FALSE()) ) | BI8: =IF(AU8>AT$7, "", VLOOKUP(AU8,AW$8:BC$507,6,FALSE()) )
M9: =IF(ISBLANK($C9),"",IF(ISBLANK(E9),0,E9)) | N9: =IF(ISBLANK($C9),"",IF(ISBLANK(F9),0,F9)) | O9: =IF(AND(NOT(ISBLANK($C9)),NOT($T9),COUNTA($E9:$K9)>0),ISBLANK($F9),FALSE()) -> #VALUE! | P9: =IF(ISBLANK($C9),"",IF(G9=Constants!$B$9, TRUE(), IF(G9=Constants!$B$10, FALSE(), TRUE()))) | Q9: =IF(ISBLANK($C9),"",IF(H9=Constants!$B$9, TRUE(), IF(H9=Constants!$B$10, FALSE(), TRUE()))) | R9: =IF(ISBLANK($C9),"",IF(ISBLANK(I9),Constants!$B$3,I9)) | S9: =IF(ISBLANK($C9),"",IF(ISBLANK(J9),0,MIN(J9,Constants!$B$6))) | T9: =IF(ISBLANK($C9),"",IF(K9=Constants!$B$9, TRUE(), IF(K9=Constants!$B$10, FALSE(), FALSE()))) | U9: =IF(ISBLANK($C9),"",AND(R9=Constants!$B$4, S9<Constants!$B$6)) | V9: =IF(ISBLANK(C9), "", IF(T9, Constants!$B$11, IF(COUNTA(E9:K9)=0, Constants!$B$12, IF(NOT(AND(P9,S9<>0)), Constants!$B$13, IF(O9, Constants!$B$15, Constants!$B$14))))) | W9: =IF(OR(ISBLANK($C9), SUMPRODUCT(--(P9:T9<>""))=0), "", IF(V9<>Constants!$B$14, V9, IF(AND(NOT(ISBLANK(J9)),P9,Q9,R9<>Constants!$B$2), Constants!$B$7, IF(AND(P9,OR(NOT(Q9),R9=Constants!$B$2)), Constants!$B$8, "Error")))) | X9: =IF(OR(W9=Constants!$B$7,W9=Constants!$B$8), MAX(0, MIN(Constants!$B$6, S9))+IF(AND(R9=Constants!$B$4, NOT(U9)), Constants!$B$5, 0), "") | Y9: =IF(ISBLANK($C9),"",IF(AND(ISNUMBER(X9),N9>0),X9/N9, "") ) | Z9: =IF(AND(NOT(ISBLANK($C9)), W9=Constants!$B$7), Y9, "") | AA9: =IF(ISNUMBER(Z9), RANK(Z9,Z$8:Z$507), "") | AB9: =IF(AND(NOT(ISBLANK($C9)), W9=Constants!$B$8), Y9, "") | AC9: =IF(ISNUMBER(AB9), RANK(AB9,AB$8:AB$507), "") | AD9: =IF(ISBLANK($C9),"",IF(V9<>Constants!$B$14, V9, IF(W9=Constants!$B$7, AA9, IF(W9=Constants!$B$8, COUNT($AA$8:$AA$507) + AC9, "")))) | AE9: =N9 | AF9: =IF(ISNUMBER(AE9), RANK(AE9,AE$8:AE$507,1), "") | AG9: =IF(ISBLANK(C9), "", ABS(M9-S9)) | AH9: =IF(ISNUMBER(AG9), RANK(AG9,AG$8:AG$507,1), "") | AI9: =IF(ISBLANK(C9),"",IF(V9<>Constants!$B$14, V9, RANK(AD9, AD$8:AD$507, 1)+ SUMPRODUCT(--(AD$8:AD$507=AD9),--(AF9>AF$8:AF$507)) + SUMPRODUCT(--(AD$8:AD$507=AD9),--(AF9=AF$8:AF$507),--(AH9>AH$8:AH$507)))) | AJ9: =IF(ISBLANK(C9),"",IF(V9<>Constants!$B$14, V9, AD9-AI9)) | AL9: =IF(ISBLANK($C9),"",IF($V9<>Constants!$B$14,$V9,X9)) | AM9: =IF(ISBLANK($C9),"",IF($V9<>Constants!$B$14,$V9,N9)) | AN9: =IF(ISBLANK(C9),"",IF(V9<>Constants!$B$14, V9, IF(W9=Constants!$B$7,Z9,IF(W9=Constants!$B$8,AB9,"")))) | AO9: =IF(ISBLANK(C9),"",W9) | AP9: =IF(ISBLANK(C9),"",AJ9) | AQ9: =IF(ISBLANK(C9),"",AI9) | AR9: =IF(ISBLANK(C9), "", IF(AQ9=Constants!$B$11,COUNTA($C$8:$C$507)+2,IF(AQ9=Constants!$B$12,COUNTA($C$8:$C$507)+1,IF(AQ9=Constants!$B$13,COUNTA($C$8:$C$507),AQ9)))) | AT9: =IF(OR(ISNUMBER(AQ9),AQ9="DQ",AQ9="P",AQ9="NS"), 1, 0 ) -> 0 | AU9: 2 | AV9: =IF(ISBLANK($C9), "", IF(ISNUMBER(AR9),AR9+ROW($B9)/1000,"") ) | AW9: =IF(ISNUMBER(AV9), RANK(AV9,AV$8:AV$507,1), "") | AX9: =IF(ISBLANK($C9), "", $B9 ) | AY9: =IF(ISBLANK($C9), "", $C9 ) | AZ9: =IF(ISBLANK($C9), "", $D9 ) | BA9: =AO9 | BB9: =AN9 | BC9: =IF(ISBLANK($C9), "", AQ9 ) | BD9: =IF(AU9>AT$7, "", VLOOKUP(AU9,AW$8:BC$507,7,FALSE()) ) | BE9: =IF(AU9>AT$7, "", VLOOKUP(AU9,AW$8:BC$507,2,FALSE()) ) | BF9: =IF(AU9>AT$7, "", VLOOKUP(AU9,AW$8:BC$507,3,FALSE()) ) | BG9: =IF(AU9>AT$7, "", VLOOKUP(AU9,AW$8:BC$507,4,FALSE()) ) | BH9: =IF(AU9>AT$7, "", VLOOKUP(AU9,AW$8:BC$507,5,FALSE()) ) | BI9: =IF(AU9>AT$7, "", VLOOKUP(AU9,AW$8:BC$507,6,FALSE()) )
M10: =IF(ISBLANK($C10),"",IF(ISBLANK(E10),0,E10)) | N10: =IF(ISBLANK($C10),"",IF(ISBLANK(F10),0,F10)) | O10: =IF(AND(NOT(ISBLANK($C10)),NOT($T10),COUNTA($E10:$K10)>0),ISBLANK($F10),FALSE()) -> #VALUE! | P10: =IF(ISBLANK($C10),"",IF(G10=Constants!$B$9, TRUE(), IF(G10=Constants!$B$10, FALSE(), TRUE()))) | Q10: =IF(ISBLANK($C10),"",IF(H10=Constants!$B$9, TRUE(), IF(H10=Constants!$B$10, FALSE(), TRUE()))) | R10: =IF(ISBLANK($C10),"",IF(ISBLANK(I10),Constants!$B$3,I10)) | S10: =IF(ISBLANK($C10),"",IF(ISBLANK(J10),0,MIN(J10,Constants!$B$6))) | T10: =IF(ISBLANK($C10),"",IF(K10=Constants!$B$9, TRUE(), IF(K10=Constants!$B$10, FALSE(), FALSE()))) | U10: =IF(ISBLANK($C10),"",AND(R10=Constants!$B$4, S10<Constants!$B$6)) | V10: =IF(ISBLANK(C10), "", IF(T10, Constants!$B$11, IF(COUNTA(E10:K10)=0, Constants!$B$12, IF(NOT(AND(P10,S10<>0)), Constants!$B$13, IF(O10, Constants!$B$15, Constants!$B$14))))) | W10: =IF(OR(ISBLANK($C10), SUMPRODUCT(--(P10:T10<>""))=0), "", IF(V10<>Constants!$B$14, V10, IF(AND(NOT(ISBLANK(J10)),P10,Q10,R10<>Constants!$B$2), Constants!$B$7, IF(AND(P10,OR(NOT(Q10),R10=Constants!$B$2)), Constants!$B$8, "Error")))) | X10: =IF(OR(W10=Constants!$B$7,W10=Constants!$B$8), MAX(0, MIN(Constants!$B$6, S10))+IF(AND(R10=Constants!$B$4, NOT(U10)), Constants!$B$5, 0), "") | Y10: =IF(ISBLANK($C10),"",IF(AND(ISNUMBER(X10),N10>0),X10/N10, "") ) | Z10: =IF(AND(NOT(ISBLANK($C10)), W10=Constants!$B$7), Y10, "") | AA10: =IF(ISNUMBER(Z10), RANK(Z10,Z$8:Z$507), "") | AB10: =IF(AND(NOT(ISBLANK($C10)), W10=Constants!$B$8), Y10, "") | AC10: =IF(ISNUMBER(AB10), RANK(AB10,AB$8:AB$507), "") | AD10: =IF(ISBLANK($C10),"",IF(V10<>Constants!$B$14, V10, IF(W10=Constants!$B$7, AA10, IF(W10=Constants!$B$8, COUNT($AA$8:$AA$507) + AC10, "")))) | AE10: =N10 | AF10: =IF(ISNUMBER(AE10), RANK(AE10,AE$8:AE$507,1), "") | AG10: =IF(ISBLANK(C10), "", ABS(M10-S10)) | AH10: =IF(ISNUMBER(AG10), RANK(AG10,AG$8:AG$507,1), "") | AI10: =IF(ISBLANK(C10),"",IF(V10<>Constants!$B$14, V10, RANK(AD10, AD$8:AD$507, 1)+ SUMPRODUCT(--(AD$8:AD$507=AD10),--(AF10>AF$8:AF$507)) + SUMPRODUCT(--(AD$8:AD$507=AD10),--(AF10=AF$8:AF$507),--(AH10>AH$8:AH$507)))) | AJ10: =IF(ISBLANK(C10),"",IF(V10<>Constants!$B$14, V10, AD10-AI10)) | AL10: =IF(ISBLANK($C10),"",IF($V10<>Constants!$B$14,$V10,X10)) | AM10: =IF(ISBLANK($C10),"",IF($V10<>Constants!$B$14,$V10,N10)) | AN10: =IF(ISBLANK(C10),"",IF(V10<>Constants!$B$14, V10, IF(W10=Constants!$B$7,Z10,IF(W10=Constants!$B$8,AB10,"")))) | AO10: =IF(ISBLANK(C10),"",W10) | AP10: =IF(ISBLANK(C10),"",AJ10) | AQ10: =IF(ISBLANK(C10),"",AI10) | AR10: =IF(ISBLANK(C10), "", IF(AQ10=Constants!$B$11,COUNTA($C$8:$C$507)+2,IF(AQ10=Constants!$B$12,COUNTA($C$8:$C$507)+1,IF(AQ10=Constants!$B$13,COUNTA($C$8:$C$507),AQ10)))) | AT10: =IF(OR(ISNUMBER(AQ10),AQ10="DQ",AQ10="P",AQ10="NS"), 1, 0 ) -> 0 | AU10: 3 | AV10: =IF(ISBLANK($C10), "", IF(ISNUMBER(AR10),AR10+ROW($B10)/1000,"") ) | AW10: =IF(ISNUMBER(AV10), RANK(AV10,AV$8:AV$507,1), "") | AX10: =IF(ISBLANK($C10), "", $B10 ) | AY10: =IF(ISBLANK($C10), "", $C10 ) | AZ10: =IF(ISBLANK($C10), "", $D10 ) | BA10: =AO10 | BB10: =AN10 | BC10: =IF(ISBLANK($C10), "", AQ10 ) | BD10: =IF(AU10>AT$7, "", VLOOKUP(AU10,AW$8:BC$507,7,FALSE()) ) | BE10: =IF(AU10>AT$7, "", VLOOKUP(AU10,AW$8:BC$507,2,FALSE()) ) | BF10: =IF(AU10>AT$7, "", VLOOKUP(AU10,AW$8:BC$507,3,FALSE()) ) | BG10: =IF(AU10>AT$7, "", VLOOKUP(AU10,AW$8:BC$507,4,FALSE()) ) | BH10: =IF(AU10>AT$7, "", VLOOKUP(AU10,AW$8:BC$507,5,FALSE()) ) | BI10: =IF(AU10>AT$7, "", VLOOKUP(AU10,AW$8:BC$507,6,FALSE()) )
M11: =IF(ISBLANK($C11),"",IF(ISBLANK(E11),0,E11)) | N11: =IF(ISBLANK($C11),"",IF(ISBLANK(F11),0,F11)) | O11: =IF(AND(NOT(ISBLANK($C11)),NOT($T11),COUNTA($E11:$K11)>0),ISBLANK($F11),FALSE()) -> #VALUE! | P11: =IF(ISBLANK($C11),"",IF(G11=Constants!$B$9, TRUE(), IF(G11=Constants!$B$10, FALSE(), TRUE()))) | Q11: =IF(ISBLANK($C11),"",IF(H11=Constants!$B$9, TRUE(), IF(H11=Constants!$B$10, FALSE(), TRUE()))) | R11: =IF(ISBLANK($C11),"",IF(ISBLANK(I11),Constants!$B$3,I11)) | S11: =IF(ISBLANK($C11),"",IF(ISBLANK(J11),0,MIN(J11,Constants!$B$6))) | T11: =IF(ISBLANK($C11),"",IF(K11=Constants!$B$9, TRUE(), IF(K11=Constants!$B$10, FALSE(), FALSE()))) | U11: =IF(ISBLANK($C11),"",AND(R11=Constants!$B$4, S11<Constants!$B$6)) | V11: =IF(ISBLANK(C11), "", IF(T11, Constants!$B$11, IF(COUNTA(E11:K11)=0, Constants!$B$12, IF(NOT(AND(P11,S11<>0)), Constants!$B$13, IF(O11, Constants!$B$15, Constants!$B$14))))) | W11: =IF(OR(ISBLANK($C11), SUMPRODUCT(--(P11:T11<>""))=0), "", IF(V11<>Constants!$B$14, V11, IF(AND(NOT(ISBLANK(J11)),P11,Q11,R11<>Constants!$B$2), Constants!$B$7, IF(AND(P11,OR(NOT(Q11),R11=Constants!$B$2)), Constants!$B$8, "Error")))) | X11: =IF(OR(W11=Constants!$B$7,W11=Constants!$B$8), MAX(0, MIN(Constants!$B$6, S11))+IF(AND(R11=Constants!$B$4, NOT(U11)), Constants!$B$5, 0), "") | Y11: =IF(ISBLANK($C11),"",IF(AND(ISNUMBER(X11),N11>0),X11/N11, "") ) | Z11: =IF(AND(NOT(ISBLANK($C11)), W11=Constants!$B$7), Y11, "") | AA11: =IF(ISNUMBER(Z11), RANK(Z11,Z$8:Z$507), "") | AB11: =IF(AND(NOT(ISBLANK($C11)), W11=Constants!$B$8), Y11, "") | AC11: =IF(ISNUMBER(AB11), RANK(AB11,AB$8:AB$507), "") | AD11: =IF(ISBLANK($C11),"",IF(V11<>Constants!$B$14, V11, IF(W11=Constants!$B$7, AA11, IF(W11=Constants!$B$8, COUNT($AA$8:$AA$507) + AC11, "")))) | AE11: =N11 | AF11: =IF(ISNUMBER(AE11), RANK(AE11,AE$8:AE$507,1), "") | AG11: =IF(ISBLANK(C11), "", ABS(M11-S11)) | AH11: =IF(ISNUMBER(AG11), RANK(AG11,AG$8:AG$507,1), "") | AI11: =IF(ISBLANK(C11),"",IF(V11<>Constants!$B$14, V11, RANK(AD11, AD$8:AD$507, 1)+ SUMPRODUCT(--(AD$8:AD$507=AD11),--(AF11>AF$8:AF$507)) + SUMPRODUCT(--(AD$8:AD$507=AD11),--(AF11=AF$8:AF$507),--(AH11>AH$8:AH$507)))) | AJ11: =IF(ISBLANK(C11),"",IF(V11<>Constants!$B$14, V11, AD11-AI11)) | AL11: =IF(ISBLANK($C11),"",IF($V11<>Constants!$B$14,$V11,X11)) | AM11: =IF(ISBLANK($C11),"",IF($V11<>Constants!$B$14,$V11,N11)) | AN11: =IF(ISBLANK(C11),"",IF(V11<>Constants!$B$14, V11, IF(W11=Constants!$B$7,Z11,IF(W11=Constants!$B$8,AB11,"")))) | AO11: =IF(ISBLANK(C11),"",W11) | AP11: =IF(ISBLANK(C11),"",AJ11) | AQ11: =IF(ISBLANK(C11),"",AI11) | AR11: =IF(ISBLANK(C11), "", IF(AQ11=Constants!$B$11,COUNTA($C$8:$C$507)+2,IF(AQ11=Constants!$B$12,COUNTA($C$8:$C$507)+1,IF(AQ11=Constants!$B$13,COUNTA($C$8:$C$507),AQ11)))) | AT11: =IF(OR(ISNUMBER(AQ11),AQ11="DQ",AQ11="P",AQ11="NS"), 1, 0 ) -> 0 | AU11: 4 | AV11: =IF(ISBLANK($C11), "", IF(ISNUMBER(AR11),AR11+ROW($B11)/1000,"") ) | AW11: =IF(ISNUMBER(AV11), RANK(AV11,AV$8:AV$507,1), "") | AX11: =IF(ISBLANK($C11), "", $B11 ) | AY11: =IF(ISBLANK($C11), "", $C11 ) | AZ11: =IF(ISBLANK($C11), "", $D11 ) | BA11: =AO11 | BB11: =AN11 | BC11: =IF(ISBLANK($C11), "", AQ11 ) | BD11: =IF(AU11>AT$7, "", VLOOKUP(AU11,AW$8:BC$507,7,FALSE()) ) | BE11: =IF(AU11>AT$7, "", VLOOKUP(AU11,AW$8:BC$507,2,FALSE()) ) | BF11: =IF(AU11>AT$7, "", VLOOKUP(AU11,AW$8:BC$507,3,FALSE()) ) | BG11: =IF(AU11>AT$7, "", VLOOKUP(AU11,AW$8:BC$507,4,FALSE()) ) | BH11: =IF(AU11>AT$7, "", VLOOKUP(AU11,AW$8:BC$507,5,FALSE()) ) | BI11: =IF(AU11>AT$7, "", VLOOKUP(AU11,AW$8:BC$507,6,FALSE()) )
M12: =IF(ISBLANK($C12),"",IF(ISBLANK(E12),0,E12)) | N12: =IF(ISBLANK($C12),"",IF(ISBLANK(F12),0,F12)) | O12: =IF(AND(NOT(ISBLANK($C12)),NOT($T12),COUNTA($E12:$K12)>0),ISBLANK($F12),FALSE()) -> #VALUE! | P12: =IF(ISBLANK($C12),"",IF(G12=Constants!$B$9, TRUE(), IF(G12=Constants!$B$10, FALSE(), TRUE()))) | Q12: =IF(ISBLANK($C12),"",IF(H12=Constants!$B$9, TRUE(), IF(H12=Constants!$B$10, FALSE(), TRUE()))) | R12: =IF(ISBLANK($C12),"",IF(ISBLANK(I12),Constants!$B$3,I12)) | S12: =IF(ISBLANK($C12),"",IF(ISBLANK(J12),0,MIN(J12,Constants!$B$6))) | T12: =IF(ISBLANK($C12),"",IF(K12=Constants!$B$9, TRUE(), IF(K12=Constants!$B$10, FALSE(), FALSE()))) | U12: =IF(ISBLANK($C12),"",AND(R12=Constants!$B$4, S12<Constants!$B$6)) | V12: =IF(ISBLANK(C12), "", IF(T12, Constants!$B$11, IF(COUNTA(E12:K12)=0, Constants!$B$12, IF(NOT(AND(P12,S12<>0)), Constants!$B$13, IF(O12, Constants!$B$15, Constants!$B$14))))) | W12: =IF(OR(ISBLANK($C12), SUMPRODUCT(--(P12:T12<>""))=0), "", IF(V12<>Constants!$B$14, V12, IF(AND(NOT(ISBLANK(J12)),P12,Q12,R12<>Constants!$B$2), Constants!$B$7, IF(AND(P12,OR(NOT(Q12),R12=Constants!$B$2)), Constants!$B$8, "Error")))) | X12: =IF(OR(W12=Constants!$B$7,W12=Constants!$B$8), MAX(0, MIN(Constants!$B$6, S12))+IF(AND(R12=Constants!$B$4, NOT(U12)), Constants!$B$5, 0), "") | Y12: =IF(ISBLANK($C12),"",IF(AND(ISNUMBER(X12),N12>0),X12/N12, "") ) | Z12: =IF(AND(NOT(ISBLANK($C12)), W12=Constants!$B$7), Y12, "") | AA12: =IF(ISNUMBER(Z12), RANK(Z12,Z$8:Z$507), "") | AB12: =IF(AND(NOT(ISBLANK($C12)), W12=Constants!$B$8), Y12, "") | AC12: =IF(ISNUMBER(AB12), RANK(AB12,AB$8:AB$507), "") | AD12: =IF(ISBLANK($C12),"",IF(V12<>Constants!$B$14, V12, IF(W12=Constants!$B$7, AA12, IF(W12=Constants!$B$8, COUNT($AA$8:$AA$507) + AC12, "")))) | AE12: =N12 | AF12: =IF(ISNUMBER(AE12), RANK(AE12,AE$8:AE$507,1), "") | AG12: =IF(ISBLANK(C12), "", ABS(M12-S12)) | AH12: =IF(ISNUMBER(AG12), RANK(AG12,AG$8:AG$507,1), "") | AI12: =IF(ISBLANK(C12),"",IF(V12<>Constants!$B$14, V12, RANK(AD12, AD$8:AD$507, 1)+ SUMPRODUCT(--(AD$8:AD$507=AD12),--(AF12>AF$8:AF$507)) + SUMPRODUCT(--(AD$8:AD$507=AD12),--(AF12=AF$8:AF$507),--(AH12>AH$8:AH$507)))) | AJ12: =IF(ISBLANK(C12),"",IF(V12<>Constants!$B$14, V12, AD12-AI12)) | AL12: =IF(ISBLANK($C12),"",IF($V12<>Constants!$B$14,$V12,X12)) | AM12: =IF(ISBLANK($C12),"",IF($V12<>Constants!$B$14,$V12,N12)) | AN12: =IF(ISBLANK(C12),"",IF(V12<>Constants!$B$14, V12, IF(W12=Constants!$B$7,Z12,IF(W12=Constants!$B$8,AB12,"")))) | AO12: =IF(ISBLANK(C12),"",W12) | AP12: =IF(ISBLANK(C12),"",AJ12) | AQ12: =IF(ISBLANK(C12),"",AI12) | AR12: =IF(ISBLANK(C12), "", IF(AQ12=Constants!$B$11,COUNTA($C$8:$C$507)+2,IF(AQ12=Constants!$B$12,COUNTA($C$8:$C$507)+1,IF(AQ12=Constants!$B$13,COUNTA($C$8:$C$507),AQ12)))) | AT12: =IF(OR(ISNUMBER(AQ12),AQ12="DQ",AQ12="P",AQ12="NS"), 1, 0 ) -> 0 | AU12: 5 | AV12: =IF(ISBLANK($C12), "", IF(ISNUMBER(AR12),AR12+ROW($B12)/1000,"") ) | AW12: =IF(ISNUMBER(AV12), RANK(AV12,AV$8:AV$507,1), "") | AX12: =IF(ISBLANK($C12), "", $B12 ) | AY12: =IF(ISBLANK($C12), "", $C12 ) | AZ12: =IF(ISBLANK($C12), "", $D12 ) | BA12: =AO12 | BB12: =AN12 | BC12: =IF(ISBLANK($C12), "", AQ12 ) | BD12: =IF(AU12>AT$7, "", VLOOKUP(AU12,AW$8:BC$507,7,FALSE()) ) | BE12: =IF(AU12>AT$7, "", VLOOKUP(AU12,AW$8:BC$507,2,FALSE()) ) | BF12: =IF(AU12>AT$7, "", VLOOKUP(AU12,AW$8:BC$507,3,FALSE()) ) | BG12: =IF(AU12>AT$7, "", VLOOKUP(AU12,AW$8:BC$507,4,FALSE()) ) | BH12: =IF(AU12>AT$7, "", VLOOKUP(AU12,AW$8:BC$507,5,FALSE()) ) | BI12: =IF(AU12>AT$7, "", VLOOKUP(AU12,AW$8:BC$507,6,FALSE()) )
M13: =IF(ISBLANK($C13),"",IF(ISBLANK(E13),0,E13)) | N13: =IF(ISBLANK($C13),"",IF(ISBLANK(F13),0,F13)) | O13: =IF(AND(NOT(ISBLANK($C13)),NOT($T13),COUNTA($E13:$K13)>0),ISBLANK($F13),FALSE()) -> #VALUE! | P13: =IF(ISBLANK($C13),"",IF(G13=Constants!$B$9, TRUE(), IF(G13=Constants!$B$10, FALSE(), TRUE()))) | Q13: =IF(ISBLANK($C13),"",IF(H13=Constants!$B$9, TRUE(), IF(H13=Constants!$B$10, FALSE(), TRUE()))) | R13: =IF(ISBLANK($C13),"",IF(ISBLANK(I13),Constants!$B$3,I13)) | S13: =IF(ISBLANK($C13),"",IF(ISBLANK(J13),0,MIN(J13,Constants!$B$6))) | T13: =IF(ISBLANK($C13),"",IF(K13=Constants!$B$9, TRUE(), IF(K13=Constants!$B$10, FALSE(), FALSE()))) | U13: =IF(ISBLANK($C13),"",AND(R13=Constants!$B$4, S13<Constants!$B$6)) | V13: =IF(ISBLANK(C13), "", IF(T13, Constants!$B$11, IF(COUNTA(E13:K13)=0, Constants!$B$12, IF(NOT(AND(P13,S13<>0)), Constants!$B$13, IF(O13, Constants!$B$15, Constants!$B$14))))) | W13: =IF(OR(ISBLANK($C13), SUMPRODUCT(--(P13:T13<>""))=0), "", IF(V13<>Constants!$B$14, V13, IF(AND(NOT(ISBLANK(J13)),P13,Q13,R13<>Constants!$B$2), Constants!$B$7, IF(AND(P13,OR(NOT(Q13),R13=Constants!$B$2)), Constants!$B$8, "Error")))) | X13: =IF(OR(W13=Constants!$B$7,W13=Constants!$B$8), MAX(0, MIN(Constants!$B$6, S13))+IF(AND(R13=Constants!$B$4, NOT(U13)), Constants!$B$5, 0), "") | Y13: =IF(ISBLANK($C13),"",IF(AND(ISNUMBER(X13),N13>0),X13/N13, "") ) | Z13: =IF(AND(NOT(ISBLANK($C13)), W13=Constants!$B$7), Y13, "") | AA13: =IF(ISNUMBER(Z13), RANK(Z13,Z$8:Z$507), "") | AB13: =IF(AND(NOT(ISBLANK($C13)), W13=Constants!$B$8), Y13, "") | AC13: =IF(ISNUMBER(AB13), RANK(AB13,AB$8:AB$507), "") | AD13: =IF(ISBLANK($C13),"",IF(V13<>Constants!$B$14, V13, IF(W13=Constants!$B$7, AA13, IF(W13=Constants!$B$8, COUNT($AA$8:$AA$507) + AC13, "")))) | AE13: =N13 | AF13: =IF(ISNUMBER(AE13), RANK(AE13,AE$8:AE$507,1), "") | AG13: =IF(ISBLANK(C13), "", ABS(M13-S13)) | AH13: =IF(ISNUMBER(AG13), RANK(AG13,AG$8:AG$507,1), "") | AI13: =IF(ISBLANK(C13),"",IF(V13<>Constants!$B$14, V13, RANK(AD13, AD$8:AD$507, 1)+ SUMPRODUCT(--(AD$8:AD$507=AD13),--(AF13>AF$8:AF$507)) + SUMPRODUCT(--(AD$8:AD$507=AD13),--(AF13=AF$8:AF$507),--(AH13>AH$8:AH$507)))) | AJ13: =IF(ISBLANK(C13),"",IF(V13<>Constants!$B$14, V13, AD13-AI13)) | AL13: =IF(ISBLANK($C13),"",IF($V13<>Constants!$B$14,$V13,X13)) | AM13: =IF(ISBLANK($C13),"",IF($V13<>Constants!$B$14,$V13,N13)) | AN13: =IF(ISBLANK(C13),"",IF(V13<>Constants!$B$14, V13, IF(W13=Constants!$B$7,Z13,IF(W13=Constants!$B$8,AB13,"")))) | AO13: =IF(ISBLANK(C13),"",W13) | AP13: =IF(ISBLANK(C13),"",AJ13) | AQ13: =IF(ISBLANK(C13),"",AI13) | AR13: =IF(ISBLANK(C13), "", IF(AQ13=Constants!$B$11,COUNTA($C$8:$C$507)+2,IF(AQ13=Constants!$B$12,COUNTA($C$8:$C$507)+1,IF(AQ13=Constants!$B$13,COUNTA($C$8:$C$507),AQ13)))) | AT13: =IF(OR(ISNUMBER(AQ13),AQ13="DQ",AQ13="P",AQ13="NS"), 1, 0 ) -> 0 | AU13: 6 | AV13: =IF(ISBLANK($C13), "", IF(ISNUMBER(AR13),AR13+ROW($B13)/1000,"") ) | AW13: =IF(ISNUMBER(AV13), RANK(AV13,AV$8:AV$507,1), "") | AX13: =IF(ISBLANK($C13), "", $B13 ) | AY13: =IF(ISBLANK($C13), "", $C13 ) | AZ13: =IF(ISBLANK($C13), "", $D13 ) | BA13: =AO13 | BB13: =AN13 | BC13: =IF(ISBLANK($C13), "", AQ13 ) | BD13: =IF(AU13>AT$7, "", VLOOKUP(AU13,AW$8:BC$507,7,FALSE()) ) | BE13: =IF(AU13>AT$7, "", VLOOKUP(AU13,AW$8:BC$507,2,FALSE()) ) | BF13: =IF(AU13>AT$7, "", VLOOKUP(AU13,AW$8:BC$507,3,FALSE()) ) | BG13: =IF(AU13>AT$7, "", VLOOKUP(AU13,AW$8:BC$507,4,FALSE()) ) | BH13: =IF(AU13>AT$7, "", VLOOKUP(AU13,AW$8:BC$507,5,FALSE()) ) | BI13: =IF(AU13>AT$7, "", VLOOKUP(AU13,AW$8:BC$507,6,FALSE()) )
M14: =IF(ISBLANK($C14),"",IF(ISBLANK(E14),0,E14)) | N14: =IF(ISBLANK($C14),"",IF(ISBLANK(F14),0,F14)) | O14: =IF(AND(NOT(ISBLANK($C14)),NOT($T14),COUNTA($E14:$K14)>0),ISBLANK($F14),FALSE()) -> #VALUE! | P14: =IF(ISBLANK($C14),"",IF(G14=Constants!$B$9, TRUE(), IF(G14=Constants!$B$10, FALSE(), TRUE()))) | Q14: =IF(ISBLANK($C14),"",IF(H14=Constants!$B$9, TRUE(), IF(H14=Constants!$B$10, FALSE(), TRUE()))) | R14: =IF(ISBLANK($C14),"",IF(ISBLANK(I14),Constants!$B$3,I14)) | S14: =IF(ISBLANK($C14),"",IF(ISBLANK(J14),0,MIN(J14,Constants!$B$6))) | T14: =IF(ISBLANK($C14),"",IF(K14=Constants!$B$9, TRUE(), IF(K14=Constants!$B$10, FALSE(), FALSE()))) | U14: =IF(ISBLANK($C14),"",AND(R14=Constants!$B$4, S14<Constants!$B$6)) | V14: =IF(ISBLANK(C14), "", IF(T14, Constants!$B$11, IF(COUNTA(E14:K14)=0, Constants!$B$12, IF(NOT(AND(P14,S14<>0)), Constants!$B$13, IF(O14, Constants!$B$15, Constants!$B$14))))) | W14: =IF(OR(ISBLANK($C14), SUMPRODUCT(--(P14:T14<>""))=0), "", IF(V14<>Constants!$B$14, V14, IF(AND(NOT(ISBLANK(J14)),P14,Q14,R14<>Constants!$B$2), Constants!$B$7, IF(AND(P14,OR(NOT(Q14),R14=Constants!$B$2)), Constants!$B$8, "Error")))) | X14: =IF(OR(W14=Constants!$B$7,W14=Constants!$B$8), MAX(0, MIN(Constants!$B$6, S14))+IF(AND(R14=Constants!$B$4, NOT(U14)), Constants!$B$5, 0), "") | Y14: =IF(ISBLANK($C14),"",IF(AND(ISNUMBER(X14),N14>0),X14/N14, "") ) | Z14: =IF(AND(NOT(ISBLANK($C14)), W14=Constants!$B$7), Y14, "") | AA14: =IF(ISNUMBER(Z14), RANK(Z14,Z$8:Z$507), "") | AB14: =IF(AND(NOT(ISBLANK($C14)), W14=Constants!$B$8), Y14, "") | AC14: =IF(ISNUMBER(AB14), RANK(AB14,AB$8:AB$507), "") | AD14: =IF(ISBLANK($C14),"",IF(V14<>Constants!$B$14, V14, IF(W14=Constants!$B$7, AA14, IF(W14=Constants!$B$8, COUNT($AA$8:$AA$507) + AC14, "")))) | AE14: =N14 | AF14: =IF(ISNUMBER(AE14), RANK(AE14,AE$8:AE$507,1), "") | AG14: =IF(ISBLANK(C14), "", ABS(M14-S14)) | AH14: =IF(ISNUMBER(AG14), RANK(AG14,AG$8:AG$507,1), "") | AI14: =IF(ISBLANK(C14),"",IF(V14<>Constants!$B$14, V14, RANK(AD14, AD$8:AD$507, 1)+ SUMPRODUCT(--(AD$8:AD$507=AD14),--(AF14>AF$8:AF$507)) + SUMPRODUCT(--(AD$8:AD$507=AD14),--(AF14=AF$8:AF$507),--(AH14>AH$8:AH$507)))) | AJ14: =IF(ISBLANK(C14),"",IF(V14<>Constants!$B$14, V14, AD14-AI14)) | AL14: =IF(ISBLANK($C14),"",IF($V14<>Constants!$B$14,$V14,X14)) | AM14: =IF(ISBLANK($C14),"",IF($V14<>Constants!$B$14,$V14,N14)) | AN14: =IF(ISBLANK(C14),"",IF(V14<>Constants!$B$14, V14, IF(W14=Constants!$B$7,Z14,IF(W14=Constants!$B$8,AB14,"")))) | AO14: =IF(ISBLANK(C14),"",W14) | AP14: =IF(ISBLANK(C14),"",AJ14) | AQ14: =IF(ISBLANK(C14),"",AI14) | AR14: =IF(ISBLANK(C14), "", IF(AQ14=Constants!$B$11,COUNTA($C$8:$C$507)+2,IF(AQ14=Constants!$B$12,COUNTA($C$8:$C$507)+1,IF(AQ14=Constants!$B$13,COUNTA($C$8:$C$507),AQ14)))) | AT14: =IF(OR(ISNUMBER(AQ14),AQ14="DQ",AQ14="P",AQ14="NS"), 1, 0 ) -> 0 | AU14: 7 | AV14: =IF(ISBLANK($C14), "", IF(ISNUMBER(AR14),AR14+ROW($B14)/1000,"") ) | AW14: =IF(ISNUMBER(AV14), RANK(AV14,AV$8:AV$507,1), "") | AX14: =IF(ISBLANK($C14), "", $B14 ) | AY14: =IF(ISBLANK($C14), "", $C14 ) | AZ14: =IF(ISBLANK($C14), "", $D14 ) | BA14: =AO14 | BB14: =AN14 | BC14: =IF(ISBLANK($C14), "", AQ14 ) | BD14: =IF(AU14>AT$7, "", VLOOKUP(AU14,AW$8:BC$507,7,FALSE()) ) | BE14: =IF(AU14>AT$7, "", VLOOKUP(AU14,AW$8:BC$507,2,FALSE()) ) | BF14: =IF(AU14>AT$7, "", VLOOKUP(AU14,AW$8:BC$507,3,FALSE()) ) | BG14: =IF(AU14>AT$7, "", VLOOKUP(AU14,AW$8:BC$507,4,FALSE()) ) | BH14: =IF(AU14>AT$7, "", VLOOKUP(AU14,AW$8:BC$507,5,FALSE()) ) | BI14: =IF(AU14>AT$7, "", VLOOKUP(AU14,AW$8:BC$507,6,FALSE()) )
M15: =IF(ISBLANK($C15),"",IF(ISBLANK(E15),0,E15)) | N15: =IF(ISBLANK($C15),"",IF(ISBLANK(F15),0,F15)) | O15: =IF(AND(NOT(ISBLANK($C15)),NOT($T15),COUNTA($E15:$K15)>0),ISBLANK($F15),FALSE()) -> #VALUE! | P15: =IF(ISBLANK($C15),"",IF(G15=Constants!$B$9, TRUE(), IF(G15=Constants!$B$10, FALSE(), TRUE()))) | Q15: =IF(ISBLANK($C15),"",IF(H15=Constants!$B$9, TRUE(), IF(H15=Constants!$B$10, FALSE(), TRUE()))) | R15: =IF(ISBLANK($C15),"",IF(ISBLANK(I15),Constants!$B$3,I15)) | S15: =IF(ISBLANK($C15),"",IF(ISBLANK(J15),0,MIN(J15,Constants!$B$6))) | T15: =IF(ISBLANK($C15),"",IF(K15=Constants!$B$9, TRUE(), IF(K15=Constants!$B$10, FALSE(), FALSE()))) | U15: =IF(ISBLANK($C15),"",AND(R15=Constants!$B$4, S15<Constants!$B$6)) | V15: =IF(ISBLANK(C15), "", IF(T15, Constants!$B$11, IF(COUNTA(E15:K15)=0, Constants!$B$12, IF(NOT(AND(P15,S15<>0)), Constants!$B$13, IF(O15, Constants!$B$15, Constants!$B$14))))) | W15: =IF(OR(ISBLANK($C15), SUMPRODUCT(--(P15:T15<>""))=0), "", IF(V15<>Constants!$B$14, V15, IF(AND(NOT(ISBLANK(J15)),P15,Q15,R15<>Constants!$B$2), Constants!$B$7, IF(AND(P15,OR(NOT(Q15),R15=Constants!$B$2)), Constants!$B$8, "Error")))) | X15: =IF(OR(W15=Constants!$B$7,W15=Constants!$B$8), MAX(0, MIN(Constants!$B$6, S15))+IF(AND(R15=Constants!$B$4, NOT(U15)), Constants!$B$5, 0), "") | Y15: =IF(ISBLANK($C15),"",IF(AND(ISNUMBER(X15),N15>0),X15/N15, "") ) | Z15: =IF(AND(NOT(ISBLANK($C15)), W15=Constants!$B$7), Y15, "") | AA15: =IF(ISNUMBER(Z15), RANK(Z15,Z$8:Z$507), "") | AB15: =IF(AND(NOT(ISBLANK($C15)), W15=Constants!$B$8), Y15, "") | AC15: =IF(ISNUMBER(AB15), RANK(AB15,AB$8:AB$507), "") | AD15: =IF(ISBLANK($C15),"",IF(V15<>Constants!$B$14, V15, IF(W15=Constants!$B$7, AA15, IF(W15=Constants!$B$8, COUNT($AA$8:$AA$507) + AC15, "")))) | AE15: =N15 | AF15: =IF(ISNUMBER(AE15), RANK(AE15,AE$8:AE$507,1), "") | AG15: =IF(ISBLANK(C15), "", ABS(M15-S15)) | AH15: =IF(ISNUMBER(AG15), RANK(AG15,AG$8:AG$507,1), "") | AI15: =IF(ISBLANK(C15),"",IF(V15<>Constants!$B$14, V15, RANK(AD15, AD$8:AD$507, 1)+ SUMPRODUCT(--(AD$8:AD$507=AD15),--(AF15>AF$8:AF$507)) + SUMPRODUCT(--(AD$8:AD$507=AD15),--(AF15=AF$8:AF$507),--(AH15>AH$8:AH$507)))) | AJ15: =IF(ISBLANK(C15),"",IF(V15<>Constants!$B$14, V15, AD15-AI15)) | AL15: =IF(ISBLANK($C15),"",IF($V15<>Constants!$B$14,$V15,X15)) | AM15: =IF(ISBLANK($C15),"",IF($V15<>Constants!$B$14,$V15,N15)) | AN15: =IF(ISBLANK(C15),"",IF(V15<>Constants!$B$14, V15, IF(W15=Constants!$B$7,Z15,IF(W15=Constants!$B$8,AB15,"")))) | AO15: =IF(ISBLANK(C15),"",W15) | AP15: =IF(ISBLANK(C15),"",AJ15) | AQ15: =IF(ISBLANK(C15),"",AI15) | AR15: =IF(ISBLANK(C15), "", IF(AQ15=Constants!$B$11,COUNTA($C$8:$C$507)+2,IF(AQ15=Constants!$B$12,COUNTA($C$8:$C$507)+1,IF(AQ15=Constants!$B$13,COUNTA($C$8:$C$507),AQ15)))) | AT15: =IF(OR(ISNUMBER(AQ15),AQ15="DQ",AQ15="P",AQ15="NS"), 1, 0 ) -> 0 | AU15: 8 | AV15: =IF(ISBLANK($C15), "", IF(ISNUMBER(AR15),AR15+ROW($B15)/1000,"") ) | AW15: =IF(ISNUMBER(AV15), RANK(AV15,AV$8:AV$507,1), "") | AX15: =IF(ISBLANK($C15), "", $B15 ) | AY15: =IF(ISBLANK($C15), "", $C15 ) | AZ15: =IF(ISBLANK($C15), "", $D15 ) | BA15: =AO15 | BB15: =AN15 | BC15: =IF(ISBLANK($C15), "", AQ15 ) | BD15: =IF(AU15>AT$7, "", VLOOKUP(AU15,AW$8:BC$507,7,FALSE()) ) | BE15: =IF(AU15>AT$7, "", VLOOKUP(AU15,AW$8:BC$507,2,FALSE()) ) | BF15: =IF(AU15>AT$7, "", VLOOKUP(AU15,AW$8:BC$507,3,FALSE()) ) | BG15: =IF(AU15>AT$7, "", VLOOKUP(AU15,AW$8:BC$507,4,FALSE()) ) | BH15: =IF(AU15>AT$7, "", VLOOKUP(AU15,AW$8:BC$507,5,FALSE()) ) | BI15: =IF(AU15>AT$7, "", VLOOKUP(AU15,AW$8:BC$507,6,FALSE()) )
M16: =IF(ISBLANK($C16),"",IF(ISBLANK(E16),0,E16)) | N16: =IF(ISBLANK($C16),"",IF(ISBLANK(F16),0,F16)) | O16: =IF(AND(NOT(ISBLANK($C16)),NOT($T16),COUNTA($E16:$K16)>0),ISBLANK($F16),FALSE()) -> #VALUE! | P16: =IF(ISBLANK($C16),"",IF(G16=Constants!$B$9, TRUE(), IF(G16=Constants!$B$10, FALSE(), TRUE()))) | Q16: =IF(ISBLANK($C16),"",IF(H16=Constants!$B$9, TRUE(), IF(H16=Constants!$B$10, FALSE(), TRUE()))) | R16: =IF(ISBLANK($C16),"",IF(ISBLANK(I16),Constants!$B$3,I16)) | S16: =IF(ISBLANK($C16),"",IF(ISBLANK(J16),0,MIN(J16,Constants!$B$6))) | T16: =IF(ISBLANK($C16),"",IF(K16=Constants!$B$9, TRUE(), IF(K16=Constants!$B$10, FALSE(), FALSE()))) | U16: =IF(ISBLANK($C16),"",AND(R16=Constants!$B$4, S16<Constants!$B$6)) | V16: =IF(ISBLANK(C16), "", IF(T16, Constants!$B$11, IF(COUNTA(E16:K16)=0, Constants!$B$12, IF(NOT(AND(P16,S16<>0)), Constants!$B$13, IF(O16, Constants!$B$15, Constants!$B$14))))) | W16: =IF(OR(ISBLANK($C16), SUMPRODUCT(--(P16:T16<>""))=0), "", IF(V16<>Constants!$B$14, V16, IF(AND(NOT(ISBLANK(J16)),P16,Q16,R16<>Constants!$B$2), Constants!$B$7, IF(AND(P16,OR(NOT(Q16),R16=Constants!$B$2)), Constants!$B$8, "Error")))) | X16: =IF(OR(W16=Constants!$B$7,W16=Constants!$B$8), MAX(0, MIN(Constants!$B$6, S16))+IF(AND(R16=Constants!$B$4, NOT(U16)), Constants!$B$5, 0), "") | Y16: =IF(ISBLANK($C16),"",IF(AND(ISNUMBER(X16),N16>0),X16/N16, "") ) | Z16: =IF(AND(NOT(ISBLANK($C16)), W16=Constants!$B$7), Y16, "") | AA16: =IF(ISNUMBER(Z16), RANK(Z16,Z$8:Z$507), "") | AB16: =IF(AND(NOT(ISBLANK($C16)), W16=Constants!$B$8), Y16, "") | AC16: =IF(ISNUMBER(AB16), RANK(AB16,AB$8:AB$507), "") | AD16: =IF(ISBLANK($C16),"",IF(V16<>Constants!$B$14, V16, IF(W16=Constants!$B$7, AA16, IF(W16=Constants!$B$8, COUNT($AA$8:$AA$507) + AC16, "")))) | AE16: =N16 | AF16: =IF(ISNUMBER(AE16), RANK(AE16,AE$8:AE$507,1), "") | AG16: =IF(ISBLANK(C16), "", ABS(M16-S16)) | AH16: =IF(ISNUMBER(AG16), RANK(AG16,AG$8:AG$507,1), "") | AI16: =IF(ISBLANK(C16),"",IF(V16<>Constants!$B$14, V16, RANK(AD16, AD$8:AD$507, 1)+ SUMPRODUCT(--(AD$8:AD$507=AD16),--(AF16>AF$8:AF$507)) + SUMPRODUCT(--(AD$8:AD$507=AD16),--(AF16=AF$8:AF$507),--(AH16>AH$8:AH$507)))) | AJ16: =IF(ISBLANK(C16),"",IF(V16<>Constants!$B$14, V16, AD16-AI16)) | AL16: =IF(ISBLANK($C16),"",IF($V16<>Constants!$B$14,$V16,X16)) | AM16: =IF(ISBLANK($C16),"",IF($V16<>Constants!$B$14,$V16,N16)) | AN16: =IF(ISBLANK(C16),"",IF(V16<>Constants!$B$14, V16, IF(W16=Constants!$B$7,Z16,IF(W16=Constants!$B$8,AB16,"")))) | AO16: =IF(ISBLANK(C16),"",W16) | AP16: =IF(ISBLANK(C16),"",AJ16) | AQ16: =IF(ISBLANK(C16),"",AI16) | AR16: =IF(ISBLANK(C16), "", IF(AQ16=Constants!$B$11,COUNTA($C$8:$C$507)+2,IF(AQ16=Constants!$B$12,COUNTA($C$8:$C$507)+1,IF(AQ16=Constants!$B$13,COUNTA($C$8:$C$507),AQ16)))) | AT16: =IF(OR(ISNUMBER(AQ16),AQ16="DQ",AQ16="P",AQ16="NS"), 1, 0 ) -> 0 | AU16: 9 | AV16: =IF(ISBLANK($C16), "", IF(ISNUMBER(AR16),AR16+ROW($B16)/1000,"") ) | AW16: =IF(ISNUMBER(AV16), RANK(AV16,AV$8:AV$507,1), "") | AX16: =IF(ISBLANK($C16), "", $B16 ) | AY16: =IF(ISBLANK($C16), "", $C16 ) | AZ16: =IF(ISBLANK($C16), "", $D16 ) | BA16: =AO16 | BB16: =AN16 | BC16: =IF(ISBLANK($C16), "", AQ16 ) | BD16: =IF(AU16>AT$7, "", VLOOKUP(AU16,AW$8:BC$507,7,FALSE()) ) | BE16: =IF(AU16>AT$7, "", VLOOKUP(AU16,AW$8:BC$507,2,FALSE()) ) | BF16: =IF(AU16>AT$7, "", VLOOKUP(AU16,AW$8:BC$507,3,FALSE()) ) | BG16: =IF(AU16>AT$7, "", VLOOKUP(AU16,AW$8:BC$507,4,FALSE()) ) | BH16: =IF(AU16>AT$7, "", VLOOKUP(AU16,AW$8:BC$507,5,FALSE()) ) | BI16: =IF(AU16>AT$7, "", VLOOKUP(AU16,AW$8:BC$507,6,FALSE()) )
M17: =IF(ISBLANK($C17),"",IF(ISBLANK(E17),0,E17)) | N17: =IF(ISBLANK($C17),"",IF(ISBLANK(F17),0,F17)) | O17: =IF(AND(NOT(ISBLANK($C17)),NOT($T17),COUNTA($E17:$K17)>0),ISBLANK($F17),FALSE()) -> #VALUE! | P17: =IF(ISBLANK($C17),"",IF(G17=Constants!$B$9, TRUE(), IF(G17=Constants!$B$10, FALSE(), TRUE()))) | Q17: =IF(ISBLANK($C17),"",IF(H17=Constants!$B$9, TRUE(), IF(H17=Constants!$B$10, FALSE(), TRUE()))) | R17: =IF(ISBLANK($C17),"",IF(ISBLANK(I17),Constants!$B$3,I17)) | S17: =IF(ISBLANK($C17),"",IF(ISBLANK(J17),0,MIN(J17,Constants!$B$6))) | T17: =IF(ISBLANK($C17),"",IF(K17=Constants!$B$9, TRUE(), IF(K17=Constants!$B$10, FALSE(), FALSE()))) | U17: =IF(ISBLANK($C17),"",AND(R17=Constants!$B$4, S17<Constants!$B$6)) | V17: =IF(ISBLANK(C17), "", IF(T17, Constants!$B$11, IF(COUNTA(E17:K17)=0, Constants!$B$12, IF(NOT(AND(P17,S17<>0)), Constants!$B$13, IF(O17, Constants!$B$15, Constants!$B$14))))) | W17: =IF(OR(ISBLANK($C17), SUMPRODUCT(--(P17:T17<>""))=0), "", IF(V17<>Constants!$B$14, V17, IF(AND(NOT(ISBLANK(J17)),P17,Q17,R17<>Constants!$B$2), Constants!$B$7, IF(AND(P17,OR(NOT(Q17),R17=Constants!$B$2)), Constants!$B$8, "Error")))) | X17: =IF(OR(W17=Constants!$B$7,W17=Constants!$B$8), MAX(0, MIN(Constants!$B$6, S17))+IF(AND(R17=Constants!$B$4, NOT(U17)), Constants!$B$5, 0), "") | Y17: =IF(ISBLANK($C17),"",IF(AND(ISNUMBER(X17),N17>0),X17/N17, "") ) | Z17: =IF(AND(NOT(ISBLANK($C17)), W17=Constants!$B$7), Y17, "") | AA17: =IF(ISNUMBER(Z17), RANK(Z17,Z$8:Z$507), "") | AB17: =IF(AND(NOT(ISBLANK($C17)), W17=Constants!$B$8), Y17, "") | AC17: =IF(ISNUMBER(AB17), RANK(AB17,AB$8:AB$507), "") | AD17: =IF(ISBLANK($C17),"",IF(V17<>Constants!$B$14, V17, IF(W17=Constants!$B$7, AA17, IF(W17=Constants!$B$8, COUNT($AA$8:$AA$507) + AC17, "")))) | AE17: =N17 | AF17: =IF(ISNUMBER(AE17), RANK(AE17,AE$8:AE$507,1), "") | AG17: =IF(ISBLANK(C17), "", ABS(M17-S17)) | AH17: =IF(ISNUMBER(AG17), RANK(AG17,AG$8:AG$507,1), "") | AI17: =IF(ISBLANK(C17),"",IF(V17<>Constants!$B$14, V17, RANK(AD17, AD$8:AD$507, 1)+ SUMPRODUCT(--(AD$8:AD$507=AD17),--(AF17>AF$8:AF$507)) + SUMPRODUCT(--(AD$8:AD$507=AD17),--(AF17=AF$8:AF$507),--(AH17>AH$8:AH$507)))) | AJ17: =IF(ISBLANK(C17),"",IF(V17<>Constants!$B$14, V17, AD17-AI17)) | AL17: =IF(ISBLANK($C17),"",IF($V17<>Constants!$B$14,$V17,X17)) | AM17: =IF(ISBLANK($C17),"",IF($V17<>Constants!$B$14,$V17,N17)) | AN17: =IF(ISBLANK(C17),"",IF(V17<>Constants!$B$14, V17, IF(W17=Constants!$B$7,Z17,IF(W17=Constants!$B$8,AB17,"")))) | AO17: =IF(ISBLANK(C17),"",W17) | AP17: =IF(ISBLANK(C17),"",AJ17) | AQ17: =IF(ISBLANK(C17),"",AI17) | AR17: =IF(ISBLANK(C17), "", IF(AQ17=Constants!$B$11,COUNTA($C$8:$C$507)+2,IF(AQ17=Constants!$B$12,COUNTA($C$8:$C$507)+1,IF(AQ17=Constants!$B$13,COUNTA($C$8:$C$507),AQ17)))) | AT17: =IF(OR(ISNUMBER(AQ17),AQ17="DQ",AQ17="P",AQ17="NS"), 1, 0 ) -> 0 | AU17: 10 | AV17: =IF(ISBLANK($C17), "", IF(ISNUMBER(AR17),AR17+ROW($B17)/1000,"") ) | AW17: =IF(ISNUMBER(AV17), RANK(AV17,AV$8:AV$507,1), "") | AX17: =IF(ISBLANK($C17), "", $B17 ) | AY17: =IF(ISBLANK($C17), "", $C17 ) | AZ17: =IF(ISBLANK($C17), "", $D17 ) | BA17: =AO17 | BB17: =AN17 | BC17: =IF(ISBLANK($C17), "", AQ17 ) | BD17: =IF(AU17>AT$7, "", VLOOKUP(AU17,AW$8:BC$507,7,FALSE()) ) | BE17: =IF(AU17>AT$7, "", VLOOKUP(AU17,AW$8:BC$507,2,FALSE()) ) | BF17: =IF(AU17>AT$7, "", VLOOKUP(AU17,AW$8:BC$507,3,FALSE()) ) | BG17: =IF(AU17>AT$7, "", VLOOKUP(AU17,AW$8:BC$507,4,FALSE()) ) | BH17: =IF(AU17>AT$7, "", VLOOKUP(AU17,AW$8:BC$507,5,FALSE()) ) | BI17: =IF(AU17>AT$7, "", VLOOKUP(AU17,AW$8:BC$507,6,FALSE()) )
M18: =IF(ISBLANK($C18),"",IF(ISBLANK(E18),0,E18)) | N18: =IF(ISBLANK($C18),"",IF(ISBLANK(F18),0,F18)) | O18: =IF(AND(NOT(ISBLANK($C18)),NOT($T18),COUNTA($E18:$K18)>0),ISBLANK($F18),FALSE()) -> #VALUE! | P18: =IF(ISBLANK($C18),"",IF(G18=Constants!$B$9, TRUE(), IF(G18=Constants!$B$10, FALSE(), TRUE()))) | Q18: =IF(ISBLANK($C18),"",IF(H18=Constants!$B$9, TRUE(), IF(H18=Constants!$B$10, FALSE(), TRUE()))) | R18: =IF(ISBLANK($C18),"",IF(ISBLANK(I18),Constants!$B$3,I18)) | S18: =IF(ISBLANK($C18),"",IF(ISBLANK(J18),0,MIN(J18,Constants!$B$6))) | T18: =IF(ISBLANK($C18),"",IF(K18=Constants!$B$9, TRUE(), IF(K18=Constants!$B$10, FALSE(), FALSE()))) | U18: =IF(ISBLANK($C18),"",AND(R18=Constants!$B$4, S18<Constants!$B$6)) | V18: =IF(ISBLANK(C18), "", IF(T18, Constants!$B$11, IF(COUNTA(E18:K18)=0, Constants!$B$12, IF(NOT(AND(P18,S18<>0)), Constants!$B$13, IF(O18, Constants!$B$15, Constants!$B$14))))) | W18: =IF(OR(ISBLANK($C18), SUMPRODUCT(--(P18:T18<>""))=0), "", IF(V18<>Constants!$B$14, V18, IF(AND(NOT(ISBLANK(J18)),P18,Q18,R18<>Constants!$B$2), Constants!$B$7, IF(AND(P18,OR(NOT(Q18),R18=Constants!$B$2)), Constants!$B$8, "Error")))) | X18: =IF(OR(W18=Constants!$B$7,W18=Constants!$B$8), MAX(0, MIN(Constants!$B$6, S18))+IF(AND(R18=Constants!$B$4, NOT(U18)), Constants!$B$5, 0), "") | Y18: =IF(ISBLANK($C18),"",IF(AND(ISNUMBER(X18),N18>0),X18/N18, "") ) | Z18: =IF(AND(NOT(ISBLANK($C18)), W18=Constants!$B$7), Y18, "") | AA18: =IF(ISNUMBER(Z18), RANK(Z18,Z$8:Z$507), "") | AB18: =IF(AND(NOT(ISBLANK($C18)), W18=Constants!$B$8), Y18, "") | AC18: =IF(ISNUMBER(AB18), RANK(AB18,AB$8:AB$507), "") | AD18: =IF(ISBLANK($C18),"",IF(V18<>Constants!$B$14, V18, IF(W18=Constants!$B$7, AA18, IF(W18=Constants!$B$8, COUNT($AA$8:$AA$507) + AC18, "")))) | AE18: =N18 | AF18: =IF(ISNUMBER(AE18), RANK(AE18,AE$8:AE$507,1), "") | AG18: =IF(ISBLANK(C18), "", ABS(M18-S18)) | AH18: =IF(ISNUMBER(AG18), RANK(AG18,AG$8:AG$507,1), "") | AI18: =IF(ISBLANK(C18),"",IF(V18<>Constants!$B$14, V18, RANK(AD18, AD$8:AD$507, 1)+ SUMPRODUCT(--(AD$8:AD$507=AD18),--(AF18>AF$8:AF$507)) + SUMPRODUCT(--(AD$8:AD$507=AD18),--(AF18=AF$8:AF$507),--(AH18>AH$8:AH$507)))) | AJ18: =IF(ISBLANK(C18),"",IF(V18<>Constants!$B$14, V18, AD18-AI18)) | AL18: =IF(ISBLANK($C18),"",IF($V18<>Constants!$B$14,$V18,X18)) | AM18: =IF(ISBLANK($C18),"",IF($V18<>Constants!$B$14,$V18,N18)) | AN18: =IF(ISBLANK(C18),"",IF(V18<>Constants!$B$14, V18, IF(W18=Constants!$B$7,Z18,IF(W18=Constants!$B$8,AB18,"")))) | AO18: =IF(ISBLANK(C18),"",W18) | AP18: =IF(ISBLANK(C18),"",AJ18) | AQ18: =IF(ISBLANK(C18),"",AI18) | AR18: =IF(ISBLANK(C18), "", IF(AQ18=Constants!$B$11,COUNTA($C$8:$C$507)+2,IF(AQ18=Constants!$B$12,COUNTA($C$8:$C$507)+1,IF(AQ18=Constants!$B$13,COUNTA($C$8:$C$507),AQ18)))) | AT18: =IF(OR(ISNUMBER(AQ18),AQ18="DQ",AQ18="P",AQ18="NS"), 1, 0 ) -> 0 | AU18: 11 | AV18: =IF(ISBLANK($C18), "", IF(ISNUMBER(AR18),AR18+ROW($B18)/1000,"") ) | AW18: =IF(ISNUMBER(AV18), RANK(AV18,AV$8:AV$507,1), "") | AX18: =IF(ISBLANK($C18), "", $B18 ) | AY18: =IF(ISBLANK($C18), "", $C18 ) | AZ18: =IF(ISBLANK($C18), "", $D18 ) | BA18: =AO18 | BB18: =AN18 | BC18: =IF(ISBLANK($C18), "", AQ18 ) | BD18: =IF(AU18>AT$7, "", VLOOKUP(AU18,AW$8:BC$507,7,FALSE()) ) | BE18: =IF(AU18>AT$7, "", VLOOKUP(AU18,AW$8:BC$507,2,FALSE()) ) | BF18: =IF(AU18>AT$7, "", VLOOKUP(AU18,AW$8:BC$507,3,FALSE()) ) | BG18: =IF(AU18>AT$7, "", VLOOKUP(AU18,AW$8:BC$507,4,FALSE()) ) | BH18: =IF(AU18>AT$7, "", VLOOKUP(AU18,AW$8:BC$507,5,FALSE()) ) | BI18: =IF(AU18>AT$7, "", VLOOKUP(AU18,AW$8:BC$507,6,FALSE()) )
M19: =IF(ISBLANK($C19),"",IF(ISBLANK(E19),0,E19)) | N19: =IF(ISBLANK($C19),"",IF(ISBLANK(F19),0,F19)) | O19: =IF(AND(NOT(ISBLANK($C19)),NOT($T19),COUNTA($E19:$K19)>0),ISBLANK($F19),FALSE()) -> #VALUE! | P19: =IF(ISBLANK($C19),"",IF(G19=Constants!$B$9, TRUE(), IF(G19=Constants!$B$10, FALSE(), TRUE()))) | Q19: =IF(ISBLANK($C19),"",IF(H19=Constants!$B$9, TRUE(), IF(H19=Constants!$B$10, FALSE(), TRUE()))) | R19: =IF(ISBLANK($C19),"",IF(ISBLANK(I19),Constants!$B$3,I19)) | S19: =IF(ISBLANK($C19),"",IF(ISBLANK(J19),0,MIN(J19,Constants!$B$6))) | T19: =IF(ISBLANK($C19),"",IF(K19=Constants!$B$9, TRUE(), IF(K19=Constants!$B$10, FALSE(), FALSE()))) | U19: =IF(ISBLANK($C19),"",AND(R19=Constants!$B$4, S19<Constants!$B$6)) | V19: =IF(ISBLANK(C19), "", IF(T19, Constants!$B$11, IF(COUNTA(E19:K19)=0, Constants!$B$12, IF(NOT(AND(P19,S19<>0)), Constants!$B$13, IF(O19, Constants!$B$15, Constants!$B$14))))) | W19: =IF(OR(ISBLANK($C19), SUMPRODUCT(--(P19:T19<>""))=0), "", IF(V19<>Constants!$B$14, V19, IF(AND(NOT(ISBLANK(J19)),P19,Q19,R19<>Constants!$B$2), Constants!$B$7, IF(AND(P19,OR(NOT(Q19),R19=Constants!$B$2)), Constants!$B$8, "Error")))) | X19: =IF(OR(W19=Constants!$B$7,W19=Constants!$B$8), MAX(0, MIN(Constants!$B$6, S19))+IF(AND(R19=Constants!$B$4, NOT(U19)), Constants!$B$5, 0), "") | Y19: =IF(ISBLANK($C19),"",IF(AND(ISNUMBER(X19),N19>0),X19/N19, "") ) | Z19: =IF(AND(NOT(ISBLANK($C19)), W19=Constants!$B$7), Y19, "") | AA19: =IF(ISNUMBER(Z19), RANK(Z19,Z$8:Z$507), "") | AB19: =IF(AND(NOT(ISBLANK($C19)), W19=Constants!$B$8), Y19, "") | AC19: =IF(ISNUMBER(AB19), RANK(AB19,AB$8:AB$507), "") | AD19: =IF(ISBLANK($C19),"",IF(V19<>Constants!$B$14, V19, IF(W19=Constants!$B$7, AA19, IF(W19=Constants!$B$8, COUNT($AA$8:$AA$507) + AC19, "")))) | AE19: =N19 | AF19: =IF(ISNUMBER(AE19), RANK(AE19,AE$8:AE$507,1), "") | AG19: =IF(ISBLANK(C19), "", ABS(M19-S19)) | AH19: =IF(ISNUMBER(AG19), RANK(AG19,AG$8:AG$507,1), "") | AI19: =IF(ISBLANK(C19),"",IF(V19<>Constants!$B$14, V19, RANK(AD19, AD$8:AD$507, 1)+ SUMPRODUCT(--(AD$8:AD$507=AD19),--(AF19>AF$8:AF$507)) + SUMPRODUCT(--(AD$8:AD$507=AD19),--(AF19=AF$8:AF$507),--(AH19>AH$8:AH$507)))) | AJ19: =IF(ISBLANK(C19),"",IF(V19<>Constants!$B$14, V19, AD19-AI19)) | AL19: =IF(ISBLANK($C19),"",IF($V19<>Constants!$B$14,$V19,X19)) | AM19: =IF(ISBLANK($C19),"",IF($V19<>Constants!$B$14,$V19,N19)) | AN19: =IF(ISBLANK(C19),"",IF(V19<>Constants!$B$14, V19, IF(W19=Constants!$B$7,Z19,IF(W19=Constants!$B$8,AB19,"")))) | AO19: =IF(ISBLANK(C19),"",W19) | AP19: =IF(ISBLANK(C19),"",AJ19) | AQ19: =IF(ISBLANK(C19),"",AI19) | AR19: =IF(ISBLANK(C19), "", IF(AQ19=Constants!$B$11,COUNTA($C$8:$C$507)+2,IF(AQ19=Constants!$B$12,COUNTA($C$8:$C$507)+1,IF(AQ19=Constants!$B$13,COUNTA($C$8:$C$507),AQ19)))) | AT19: =IF(OR(ISNUMBER(AQ19),AQ19="DQ",AQ19="P",AQ19="NS"), 1, 0 ) -> 0 | AU19: 12 | AV19: =IF(ISBLANK($C19), "", IF(ISNUMBER(AR19),AR19+ROW($B19)/1000,"") ) | AW19: =IF(ISNUMBER(AV19), RANK(AV19,AV$8:AV$507,1), "") | AX19: =IF(ISBLANK($C19), "", $B19 ) | AY19: =IF(ISBLANK($C19), "", $C19 ) | AZ19: =IF(ISBLANK($C19), "", $D19 ) | BA19: =AO19 | BB19: =AN19 | BC19: =IF(ISBLANK($C19), "", AQ19 ) | BD19: =IF(AU19>AT$7, "", VLOOKUP(AU19,AW$8:BC$507,7,FALSE()) ) | BE19: =IF(AU19>AT$7, "", VLOOKUP(AU19,AW$8:BC$507,2,FALSE()) ) | BF19: =IF(AU19>AT$7, "", VLOOKUP(AU19,AW$8:BC$507,3,FALSE()) ) | BG19: =IF(AU19>AT$7, "", VLOOKUP(AU19,AW$8:BC$507,4,FALSE()) ) | BH19: =IF(AU19>AT$7, "", VLOOKUP(AU19,AW$8:BC$507,5,FALSE()) ) | BI19: =IF(AU19>AT$7, "", VLOOKUP(AU19,AW$8:BC$507,6,FALSE()) )
... M507: =IF(ISBLANK($C507),"",IF(ISBLANK(E507),0,E507)) | N507: =IF(ISBLANK($C507),"",IF(ISBLANK(F507),0,F507)) | O507: =IF(AND(NOT(ISBLANK($C507)),NOT($T507),COUNTA($E507:$K507)>0),ISBLANK($F507),FALSE()) -> #VALUE! | P507: =IF(ISBLANK($C507),"",IF(G507=Constants!$B$9, TRUE(), IF(G507=Constants!$B$10, FALSE(), TRUE()))) | Q507: =IF(ISBLANK($C507),"",IF(H507=Constants!$B$9, TRUE(), IF(H507=Constants!$B$10, FALSE(), TRUE()))) | R507: =IF(ISBLANK($C507),"",IF(ISBLANK(I507),Constants!$B$3,I507)) | S507: =IF(ISBLANK($C507),"",IF(ISBLANK(J507),0,MIN(J507,Constants!$B$6))) | T507: =IF(ISBLANK($C507),"",IF(K507=Constants!$B$9, TRUE(), IF(K507=Constants!$B$10, FALSE(), FALSE()))) | U507: =IF(ISBLANK($C507),"",AND(R507=Constants!$B$4, S507<Constants!$B$6)) | V507: =IF(ISBLANK(C507), "", IF(T507, Constants!$B$11, IF(COUNTA(E507:K507)=0, Constants!$B$12, IF(NOT(AND(P507,S507<>0)), Constants!$B$13, IF(O507, Constants!$B$15, Constants!$B$14))))) | W507: =IF(OR(ISBLANK($C507), SUMPRODUCT(--(P507:T507<>""))=0), "", IF(V507<>Constants!$B$14, V507, IF(AND(NOT(ISBLANK(J507)),P507,Q507,R507<>Constants!$B$2), Constants!$B$7, IF(AND(P507,OR(NOT(Q507),R507=Constants!$B$2)), Constants!$B$8, "Error")))) | X507: =IF(OR(W507=Constants!$B$7,W507=Constants!$B$8), MAX(0, MIN(Constants!$B$6, S507))+IF(AND(R507=Constants!$B$4, NOT(U507)), Constants!$B$5, 0), "") | Y507: =IF(ISBLANK($C507),"",IF(AND(ISNUMBER(X507),N507>0),X507/N507, "") ) | Z507: =IF(AND(NOT(ISBLANK($C507)), W507=Constants!$B$7), Y507, "") | AA507: =IF(ISNUMBER(Z507), RANK(Z507,Z$8:Z$507), "") | AB507: =IF(AND(NOT(ISBLANK($C507)), W507=Constants!$B$8), Y507, "") | AC507: =IF(ISNUMBER(AB507), RANK(AB507,AB$8:AB$507), "") | AD507: =IF(ISBLANK($C507),"",IF(V507<>Constants!$B$14, V507, IF(W507=Constants!$B$7, AA507, IF(W507=Constants!$B$8, COUNT($AA$8:$AA$507) + AC507, "")))) | AE507: =N507 | AF507: =IF(ISNUMBER(AE507), RANK(AE507,AE$8:AE$507,1), "") | AG507: =IF(ISBLANK(C507), "", ABS(M507-S507)) | AH507: =IF(ISNUMBER(AG507), RANK(AG507,AG$8:AG$507,1), "") | AI507: =IF(ISBLANK(C507),"",IF(V507<>Constants!$B$14, V507, RANK(AD507, AD$8:AD$507, 1)+ SUMPRODUCT(--(AD$8:AD$507=AD507),--(AF507>AF$8:AF$507)) + SUMPRODUCT(--(AD$8:AD$507=AD507),--(AF507=AF$8:AF$507),--(AH507>AH$8:AH$507)))) | AJ507: =IF(ISBLANK(C507),"",IF(V507<>Constants!$B$14, V507, AD507-AI507)) | AL507: =IF(ISBLANK($C507),"",IF($V507<>Constants!$B$14,$V507,X507)) | AM507: =IF(ISBLANK($C507),"",IF($V507<>Constants!$B$14,$V507,N507)) | AN507: =IF(ISBLANK(C507),"",IF(V507<>Constants!$B$14, V507, IF(W507=Constants!$B$7,Z507,IF(W507=Constants!$B$8,AB507,"")))) | AO507: =IF(ISBLANK(C507),"",W507) | AP507: =IF(ISBLANK(C507),"",AJ507) | AQ507: =IF(ISBLANK(C507),"",AI507) | AR507: =IF(ISBLANK(C507), "", IF(AQ507=Constants!$B$11,COUNTA($C$8:$C$507)+2,IF(AQ507=Constants!$B$12,COUNTA($C$8:$C$507)+1,IF(AQ507=Constants!$B$13,COUNTA($C$8:$C$507),AQ507)))) | AT507: =IF(OR(ISNUMBER(AQ507),AQ507="DQ",AQ507="P",AQ507="NS"), 1, 0 ) -> 0 | AU507: 500 | AV507: =IF(ISBLANK($C507), "", IF(ISNUMBER(AR507),AR507+ROW($B507)/1000,"") ) | AW507: =IF(ISNUMBER(AV507), RANK(AV507,AV$8:AV$507,1), "") | AX507: =IF(ISBLANK($C507), "", $B507 ) | AY507: =IF(ISBLANK($C507), "", $C507 ) | AZ507: =IF(ISBLANK($C507), "", $D507 ) | BA507: =AO507 | BB507: =AN507 | BC507: =IF(ISBLANK($C507), "", AQ507 ) | BD507: =IF(AU507>AT$7, "", VLOOKUP(AU507,AW$8:BC$507,7,FALSE()) ) | BE507: =IF(AU507>AT$7, "", VLOOKUP(AU507,AW$8:BC$507,2,FALSE()) ) | BF507: =IF(AU507>AT$7, "", VLOOKUP(AU507,AW$8:BC$507,3,FALSE()) ) | BG507: =IF(AU507>AT$7, "", VLOOKUP(AU507,AW$8:BC$507,4,FALSE()) ) | BH507: =IF(AU507>AT$7, "", VLOOKUP(AU507,AW$8:BC$507,5,FALSE()) ) | BI507: =IF(AU507>AT$7, "", VLOOKUP(AU507,AW$8:BC$507,6,FALSE()) )

Sheet Constants
A1: Name Desc | B1: Value
A2: No Option Fulfilled | B2: None
A3: Base Option | B3: Base
A4: Bonus Option | B4: Bonus
A5: Load Score Bonus | B5: 5000
A6: Max Load | B6: 15000
A7: Tier 1 | B7: 1
A8: Tier 2 | B8: 2
A9: =TRUE() -> TRUE | B9: T
A10: =FALSE() -> FALSE | B10: F
A11: Disqualified | B11: DQ
A12: No-Show | B12: NS
A13: Participated | B13: P
A14: Competed | B14: C
A15: Input Error | B15: ERR

Sheet Export
A1: Team # | B1: School Name | C1: Team Name | D1: Status | E1: Score | F1: Tiebreaker | G1: Tier | H1: Points | I1: Rank
A2: =ExportRaw!$F2 -> 0 | B2: =ExportRaw!$C2 -> 0 | C2: =ExportRaw!$G2 -> 0 | D2: =ExportRaw!$E2 | E2: =ExportRaw!$D2 | F2: =ExportRaw!$H2 | G2: =ExportRaw!$I2 | H2: =ExportRaw!$A2 | I2: =ExportRaw!$B2
A3: =ExportRaw!$F3 -> 0 | B3: =ExportRaw!$C3 -> 0 | C3: =ExportRaw!$G3 -> 0 | D3: =ExportRaw!$E3 | E3: =ExportRaw!$D3 | F3: =ExportRaw!$H3 | G3: =ExportRaw!$I3 | H3: =ExportRaw!$A3 | I3: =ExportRaw!$B3
A4: =ExportRaw!$F4 -> 0 | B4: =ExportRaw!$C4 -> 0 | C4: =ExportRaw!$G4 -> 0 | D4: =ExportRaw!$E4 | E4: =ExportRaw!$D4 | F4: =ExportRaw!$H4 | G4: =ExportRaw!$I4 | H4: =ExportRaw!$A4 | I4: =ExportRaw!$B4
A5: =ExportRaw!$F5 -> 0 | B5: =ExportRaw!$C5 -> 0 | C5: =ExportRaw!$G5 -> 0 | D5: =ExportRaw!$E5 | E5: =ExportRaw!$D5 | F5: =ExportRaw!$H5 | G5: =ExportRaw!$I5 | H5: =ExportRaw!$A5 | I5: =ExportRaw!$B5
A6: =ExportRaw!$F6 -> 0 | B6: =ExportRaw!$C6 -> 0 | C6: =ExportRaw!$G6 -> 0 | D6: =ExportRaw!$E6 | E6: =ExportRaw!$D6 | F6: =ExportRaw!$H6 | G6: =ExportRaw!$I6 | H6: =ExportRaw!$A6 | I6: =ExportRaw!$B6
A7: =ExportRaw!$F7 -> 0 | B7: =ExportRaw!$C7 -> 0 | C7: =ExportRaw!$G7 -> 0 | D7: =ExportRaw!$E7 | E7: =ExportRaw!$D7 | F7: =ExportRaw!$H7 | G7: =ExportRaw!$I7 | H7: =ExportRaw!$A7 | I7: =ExportRaw!$B7
A8: =ExportRaw!$F8 -> 0 | B8: =ExportRaw!$C8 -> 0 | C8: =ExportRaw!$G8 -> 0 | D8: =ExportRaw!$E8 | E8: =ExportRaw!$D8 | F8: =ExportRaw!$H8 | G8: =ExportRaw!$I8 | H8: =ExportRaw!$A8 | I8: =ExportRaw!$B8
A9: =ExportRaw!$F9 -> 0 | B9: =ExportRaw!$C9 -> 0 | C9: =ExportRaw!$G9 -> 0 | D9: =ExportRaw!$E9 | E9: =ExportRaw!$D9 | F9: =ExportRaw!$H9 | G9: =ExportRaw!$I9 | H9: =ExportRaw!$A9 | I9: =ExportRaw!$B9
A10: =ExportRaw!$F10 -> 0 | B10: =ExportRaw!$C10 -> 0 | C10: =ExportRaw!$G10 -> 0 | D10: =ExportRaw!$E10 | E10: =ExportRaw!$D10 | F10: =ExportRaw!$H10 | G10: =ExportRaw!$I10 | H10: =ExportRaw!$A10 | I10: =ExportRaw!$B10
A11: =ExportRaw!$F11 -> 0 | B11: =ExportRaw!$C11 -> 0 | C11: =ExportRaw!$G11 -> 0 | D11: =ExportRaw!$E11 | E11: =ExportRaw!$D11 | F11: =ExportRaw!$H11 | G11: =ExportRaw!$I11 | H11: =ExportRaw!$A11 | I11: =ExportRaw!$B11
A12: =ExportRaw!$F12 -> 0 | B12: =ExportRaw!$C12 -> 0 | C12: =ExportRaw!$G12 -> 0 | D12: =ExportRaw!$E12 | E12: =ExportRaw!$D12 | F12: =ExportRaw!$H12 | G12: =ExportRaw!$I12 | H12: =ExportRaw!$A12 | I12: =ExportRaw!$B12
A13: =ExportRaw!$F13 -> 0 | B13: =ExportRaw!$C13 -> 0 | C13: =ExportRaw!$G13 -> 0 | D13: =ExportRaw!$E13 | E13: =ExportRaw!$D13 | F13: =ExportRaw!$H13 | G13: =ExportRaw!$I13 | H13: =ExportRaw!$A13 | I13: =ExportRaw!$B13
... A501: =ExportRaw!$F501 -> 0 | B501: =ExportRaw!$C501 -> 0 | C501: =ExportRaw!$G501 -> 0 | D501: =ExportRaw!$E501 | E501: =ExportRaw!$D501 | F501: =ExportRaw!$H501 | G501: =ExportRaw!$I501 | H501: =ExportRaw!$A501 | I501: =ExportRaw!$B501

Sheet Changelog
A1: Date | B1: Version # | C1: Change
A2: 46285 | B2: 0.1.0 | C2: First draft of scoresheet completed

Sheet Vers
A1: =IFERROR(__xludf.dummyfunction("importrange(""https://docs.google.com/spreadsheets/d/1YGauecgVr6IitrGDDrOCoTXY8ruNxlmFhmS5Oas2JUg/edit?gid=0#gid=0"",""Sheet1!A1:G18"")"),"Helicopter|B/C") -> Helicopter|B/C | B1: =IFERROR(__xludf.dummyfunction("""COMPUTED_VALUE"""),"Helicopter") -> Helicopter | C1: =IFERROR(__xludf.dummyfunction("""COMPUTED_VALUE"""),"B/C") -> B/C | D1: =IFERROR(__xludf.dummyfunction("""COMPUTED_VALUE"""),"0.6.1") -> 0.6.1 | E1: =IFERROR(__xludf.dummyfunction("""COMPUTED_VALUE"""),46077) -> 46077 | G1: =IFERROR(__xludf.dummyfunction("""COMPUTED_VALUE"""),"Ready") -> Ready
A2: =IFERROR(__xludf.dummyfunction("""COMPUTED_VALUE"""),"Mission Possible|B") -> Mission Possible|B | B2: =IFERROR(__xludf.dummyfunction("""COMPUTED_VALUE"""),"Mission Possible") -> Mission Possible | C2: =IFERROR(__xludf.dummyfunction("""COMPUTED_VALUE"""),"B") -> B | D2: =IFERROR(__xludf.dummyfunction("""COMPUTED_VALUE"""),"0.5.1") -> 0.5.1 | E2: =IFERROR(__xludf.dummyfunction("""COMPUTED_VALUE"""),46077) -> 46077 | G2: =IFERROR(__xludf.dummyfunction("""COMPUTED_VALUE"""),"Ready") -> Ready
A3: =IFERROR(__xludf.dummyfunction("""COMPUTED_VALUE"""),"Scrambler|B") -> Scrambler|B | B3: =IFERROR(__xludf.dummyfunction("""COMPUTED_VALUE"""),"Scrambler") -> Scrambler | C3: =IFERROR(__xludf.dummyfunction("""COMPUTED_VALUE"""),"B") -> B | D3: =IFERROR(__xludf.dummyfunction("""COMPUTED_VALUE"""),"0.4.1") -> 0.4.1 | E3: =IFERROR(__xludf.dummyfunction("""COMPUTED_VALUE"""),46077) -> 46077 | G3: =IFERROR(__xludf.dummyfunction("""COMPUTED_VALUE"""),"Ready") -> Ready
A4: =IFERROR(__xludf.dummyfunction("""COMPUTED_VALUE"""),"Bungee Drop|C") -> Bungee Drop|C | B4: =IFERROR(__xludf.dummyfunction("""COMPUTED_VALUE"""),"Bungee Drop") -> Bungee Drop | C4: =IFERROR(__xludf.dummyfunction("""COMPUTED_VALUE"""),"C") -> C | D4: =IFERROR(__xludf.dummyfunction("""COMPUTED_VALUE"""),"0.4.3") -> 0.4.3 | E4: =IFERROR(__xludf.dummyfunction("""COMPUTED_VALUE"""),46077) -> 46077 | G4: =IFERROR(__xludf.dummyfunction("""COMPUTED_VALUE"""),"Ready") -> Ready
A5: =IFERROR(__xludf.dummyfunction("""COMPUTED_VALUE"""),"Electric Vehicle|C") -> Electric Vehicle|C | B5: =IFERROR(__xludf.dummyfunction("""COMPUTED_VALUE"""),"Electric Vehicle") -> Electric Vehicle | C5: =IFERROR(__xludf.dummyfunction("""COMPUTED_VALUE"""),"C") -> C | D5: =IFERROR(__xludf.dummyfunction("""COMPUTED_VALUE"""),"0.8.0") -> 0.8.0 | E5: =IFERROR(__xludf.dummyfunction("""COMPUTED_VALUE"""),46047) -> 46047 | G5: =IFERROR(__xludf.dummyfunction("""COMPUTED_VALUE"""),"Ready") -> Ready
A6: =IFERROR(__xludf.dummyfunction("""COMPUTED_VALUE"""),"Robot Tour|C") -> Robot Tour|C | B6: =IFERROR(__xludf.dummyfunction("""COMPUTED_VALUE"""),"Robot Tour") -> Robot Tour | C6: =IFERROR(__xludf.dummyfunction("""COMPUTED_VALUE"""),"C") -> C | D6: =IFERROR(__xludf.dummyfunction("""COMPUTED_VALUE"""),"0.6.0") -> 0.6.0 | E6: =IFERROR(__xludf.dummyfunction("""COMPUTED_VALUE"""),46077) -> 46077 | G6: =IFERROR(__xludf.dummyfunction("""COMPUTED_VALUE"""),"Ready") -> Ready
A7: =IFERROR(__xludf.dummyfunction("""COMPUTED_VALUE"""),"Hovercraft|B/C") -> Hovercraft|B/C | B7: =IFERROR(__xludf.dummyfunction("""COMPUTED_VALUE"""),"Hovercraft") -> Hovercraft | C7: =IFERROR(__xludf.dummyfunction("""COMPUTED_VALUE"""),"B/C") -> B/C | D7: =IFERROR(__xludf.dummyfunction("""COMPUTED_VALUE"""),"0.5.3") -> 0.5.3 | E7: =IFERROR(__xludf.dummyfunction("""COMPUTED_VALUE"""),46055) -> 46055 | G7: =IFERROR(__xludf.dummyfunction("""COMPUTED_VALUE"""),"Ready") -> Ready
A8: =IFERROR(__xludf.dummyfunction("""COMPUTED_VALUE"""),"Boomilever|B/C") -> Boomilever|B/C | B8: =IFERROR(__xludf.dummyfunction("""COMPUTED_VALUE"""),"Boomilever") -> Boomilever | C8: =IFERROR(__xludf.dummyfunction("""COMPUTED_VALUE"""),"B/C") -> B/C | D8: =IFERROR(__xludf.dummyfunction("""COMPUTED_VALUE"""),"0.1.0") -> 0.1.0 | E8: =IFERROR(__xludf.dummyfunction("""COMPUTED_VALUE"""),46077) -> 46077 | G8: =IFERROR(__xludf.dummyfunction("""COMPUTED_VALUE"""),"Ready") -> Ready
A9: =IFERROR(__xludf.dummyfunction("""COMPUTED_VALUE"""),"Machines|B/C") -> Machines|B/C | B9: =IFERROR(__xludf.dummyfunction("""COMPUTED_VALUE"""),"Machines") -> Machines | C9: =IFERROR(__xludf.dummyfunction("""COMPUTED_VALUE"""),"B/C") -> B/C | D9: =IFERROR(__xludf.dummyfunction("""COMPUTED_VALUE"""),"0.4.0") -> 0.4.0 | E9: =IFERROR(__xludf.dummyfunction("""COMPUTED_VALUE"""),45996) -> 45996 | G9: =IFERROR(__xludf.dummyfunction("""COMPUTED_VALUE"""),"Ready") -> Ready
A10: =IFERROR(__xludf.dummyfunction("""COMPUTED_VALUE"""),"Engineering CAD|C") -> Engineering CAD|C | B10: =IFERROR(__xludf.dummyfunction("""COMPUTED_VALUE"""),"Engineering CAD") -> Engineering CAD | C10: =IFERROR(__xludf.dummyfunction("""COMPUTED_VALUE"""),"C") -> C | D10: =IFERROR(__xludf.dummyfunction("""COMPUTED_VALUE"""),"1.0.0") -> 1.0.0 | E10: =IFERROR(__xludf.dummyfunction("""COMPUTED_VALUE"""),46095) -> 46095 | G10: =IFERROR(__xludf.dummyfunction("""COMPUTED_VALUE"""),"Ready") -> Ready
A21: =IF(ISBLANK(B21),"",B21&"|"&C21)
A22: =IF(ISBLANK(B22),"",B22&"|"&C22)
A23: =IF(ISBLANK(B23),"",B23&"|"&C23)
A24: =IF(ISBLANK(B24),"",B24&"|"&C24)
A25: =IF(ISBLANK(B25),"",B25&"|"&C25)
A26: =IF(ISBLANK(B26),"",B26&"|"&C26)
A27: =IF(ISBLANK(B27),"",B27&"|"&C27)
A28: =IF(ISBLANK(B28),"",B28&"|"&C28)
A29: =IF(ISBLANK(B29),"",B29&"|"&C29)
A30: =IF(ISBLANK(B30),"",B30&"|"&C30)
A31: =IF(ISBLANK(B31),"",B31&"|"&C31)
A32: =IF(ISBLANK(B32),"",B32&"|"&C32)
... A1000: =IF(ISBLANK(B1000),"",B1000&"|"&C1000)

Sheet Info.
A1: Event | B1: Boomilever
A2: Last Updated | B2: 46285 | D2: Idx of first . | E2: Idx of second . | F2: Major Version | G2: Minor Version | H2: Minor Patch
A3: Version | B3: 0.1.0 | D3: =FIND(".",B3) -> 2 | E3: =FIND(".",B3,D3+1) -> 4 | F3: =LEFT(B3,D3-1) -> 0 | G3: =MID(B3,D3+1,E3-D3-1) -> 1 | H3: =RIGHT(B3,LEN(B3)-E3) -> 0
A4: Division | B4: B
A5: Year | B5: 2027
A6: VLook | B6: =B1&"|"&B4 -> Boomilever|B
A7: Latest Version | B7: 0.1.0 | D7: =FIND(".",B7) -> 2 | E7: =FIND(".",B7,D7+1) -> 4 | F7: =LEFT(B7,D7-1) -> 0 | G7: =MID(B7,D7+1,E7-D7-1) -> 1 | H7: =RIGHT(B7,LEN(B7)-E7) -> 0
A8: Outdated? | B8: =IF(CONCATENATE(F7,".",G7)=CONCATENATE(F3,".",G3),"F","T") -> F

Sheet Dropdowns
A1: Compliant | B1: Complete | C1: Points
A2: Incomplete | B2: Incomplete | C2: Rank
A3: Non-Compliant | B3: No Log | C3: School Name
A4: No Log | C4: Score
C5: Status
C6: Team #
C7: Team Name
C8: Tiebreaker
C9: Tier

Sheet ExportRaw
A1: Points | B1: Rank | C1: School Name | D1: Score | E1: Status | F1: Team # | G1: Team Name | H1: Tiebreaker | I1: Tier
A2: =Scoring!AR8 | B2: =Scoring!AQ8 | C2: =Scoring!C8 -> 0 | D2: =Scoring!AN8 | E2: =Scoring!V8 | F2: =Scoring!B8 -> 0 | G2: =Scoring!D8 -> 0 | H2: =Scoring!AP8 | I2: =Scoring!AO8
A3: =Scoring!AR9 | B3: =Scoring!AQ9 | C3: =Scoring!C9 -> 0 | D3: =Scoring!AN9 | E3: =Scoring!V9 | F3: =Scoring!B9 -> 0 | G3: =Scoring!D9 -> 0 | H3: =Scoring!AP9 | I3: =Scoring!AO9
A4: =Scoring!AR10 | B4: =Scoring!AQ10 | C4: =Scoring!C10 -> 0 | D4: =Scoring!AN10 | E4: =Scoring!V10 | F4: =Scoring!B10 -> 0 | G4: =Scoring!D10 -> 0 | H4: =Scoring!AP10 | I4: =Scoring!AO10
A5: =Scoring!AR11 | B5: =Scoring!AQ11 | C5: =Scoring!C11 -> 0 | D5: =Scoring!AN11 | E5: =Scoring!V11 | F5: =Scoring!B11 -> 0 | G5: =Scoring!D11 -> 0 | H5: =Scoring!AP11 | I5: =Scoring!AO11
A6: =Scoring!AR12 | B6: =Scoring!AQ12 | C6: =Scoring!C12 -> 0 | D6: =Scoring!AN12 | E6: =Scoring!V12 | F6: =Scoring!B12 -> 0 | G6: =Scoring!D12 -> 0 | H6: =Scoring!AP12 | I6: =Scoring!AO12
A7: =Scoring!AR13 | B7: =Scoring!AQ13 | C7: =Scoring!C13 -> 0 | D7: =Scoring!AN13 | E7: =Scoring!V13 | F7: =Scoring!B13 -> 0 | G7: =Scoring!D13 -> 0 | H7: =Scoring!AP13 | I7: =Scoring!AO13
A8: =Scoring!AR14 | B8: =Scoring!AQ14 | C8: =Scoring!C14 -> 0 | D8: =Scoring!AN14 | E8: =Scoring!V14 | F8: =Scoring!B14 -> 0 | G8: =Scoring!D14 -> 0 | H8: =Scoring!AP14 | I8: =Scoring!AO14
A9: =Scoring!AR15 | B9: =Scoring!AQ15 | C9: =Scoring!C15 -> 0 | D9: =Scoring!AN15 | E9: =Scoring!V15 | F9: =Scoring!B15 -> 0 | G9: =Scoring!D15 -> 0 | H9: =Scoring!AP15 | I9: =Scoring!AO15
A10: =Scoring!AR16 | B10: =Scoring!AQ16 | C10: =Scoring!C16 -> 0 | D10: =Scoring!AN16 | E10: =Scoring!V16 | F10: =Scoring!B16 -> 0 | G10: =Scoring!D16 -> 0 | H10: =Scoring!AP16 | I10: =Scoring!AO16
A11: =Scoring!AR17 | B11: =Scoring!AQ17 | C11: =Scoring!C17 -> 0 | D11: =Scoring!AN17 | E11: =Scoring!V17 | F11: =Scoring!B17 -> 0 | G11: =Scoring!D17 -> 0 | H11: =Scoring!AP17 | I11: =Scoring!AO17
A12: =Scoring!AR18 | B12: =Scoring!AQ18 | C12: =Scoring!C18 -> 0 | D12: =Scoring!AN18 | E12: =Scoring!V18 | F12: =Scoring!B18 -> 0 | G12: =Scoring!D18 -> 0 | H12: =Scoring!AP18 | I12: =Scoring!AO18
A13: =Scoring!AR19 | B13: =Scoring!AQ19 | C13: =Scoring!C19 -> 0 | D13: =Scoring!AN19 | E13: =Scoring!V19 | F13: =Scoring!B19 -> 0 | G13: =Scoring!D19 -> 0 | H13: =Scoring!AP19 | I13: =Scoring!AO19
... A501: =Scoring!AR507 | B501: =Scoring!AQ507 | C501: =Scoring!C507 -> 0 | D501: =Scoring!AN507 | E501: =Scoring!V507 | F501: =Scoring!B507 -> 0 | G501: =Scoring!D507 -> 0 | H501: =Scoring!AP507 | I501: =Scoring!AO507
