Workbook

Sheet Scoring
B2: ='Info.'!B1&" "&'Info.'!B4 -> Scrambler B | F2: Check-In | H2: Event Time | T2: 16. Disqualify (T/F) | W2: Check In | Z2: Run 1 | AF2: Run 2 | BV2: Breakdown | CI2: Rank for this team with row() bump | CJ2: Rank for this team with same ranks split | CK2: Team Number of this team | CL2: Name of this schoo | CM2: Name of this team | CN2: Tier for this Team | CO2: Score for this team | CP2: Actual Rank for this team | CQ2: Final Rankings
E3: 1. Impounded (T/F) | F3: 2. Participants use proper eyewear (T/F) | G3: 3. Conforms to kit modification requirements (T/F) | H3: Run 1 | N3: Run 2 | W3: =E3 -> 1. Impounded (T/F) | X3: =F3 -> 2. Participants use proper eyewear (T/F) | Y3: =G3 -> 3. Conforms to kit modification requirements (T/F) | Z3: =H4 -> 4. Met all const params (T/F) | AA3: =I4 -> 5. Met all comp params (T/F) | AB3: =J4 -> 6. Successful / Failed Run | AC3: =K4 -> 7. Run Time (s) | AD3: =L4 -> 8. Vehicle Distance (cm) | AE3: =M4 -> 9. Inside Can Dist (cm) | AF3: =N4 -> 10. Met all const params (T/F) | AG3: =O4 -> 11. Met all comp params (T/F) | ... AK3: =S4 -> 15. Inside Can Dist (cm) | AL3: =T2 -> 16. Disqualify (T/F) | AM3: Run 1 | AU3: Scored Run | AV3: Run 2 | BE3: Final Score | BV3: Scored Run | BW3: Distance Score | BX3: Time Score | BY3: Bonus Score | BZ3: Penalty Score | CA3: Score | CB3: Tier | CC3: Tiebreaker | CD3: Rank | CE3: Points | CQ3: Rank | CR3: Team # | CS3: School Name | CT3: Team Name | CU3: Tier | CV3: Score
B4: ="Event Scoresheet - "&'Info.'!B5&IF('Info.'!B8="T"," The scoresheet has been updated; please download version v"&'Info.'!B7&" from soinc.org/scoresheets.","") -> Event Scoresheet - 2027 | H4: 4. Met all const params (T/F) | I4: 5. Met all comp params (T/F) | J4: 6. Successful / Failed Run | K4: 7. Run Time (s) | L4: 8. Vehicle Distance (cm) | M4: 9. Inside Can Dist (cm) | N4: 10. Met all const params (T/F) | O4: 11. Met all comp params (T/F) | P4: 12. Successful / Failed Run | Q4: 13. Run Time (s) | R4: 14. Vehicle Distance (cm) | S4: 15. Inside Can Dist (cm) | AM4: Run 1 Error | AN4: Distance Score | AO4: Time Score | AP4: Can Bonus | AQ4: Run Penalties | AR4: Run Score | AS4: Run 1 TB1: Vehicle Distance | AT4: Run 1 TB2: Time Score | AV4: Run 2 Error | AW4: Distance Score | AX4: Time Score | AY4: Can Bonus | AZ4: Run Penalties | BA4: Run Score | BB4: Run 2 TB1: Vehicle Distance | BC4: Run 2 TB2: Time Score
B6: ="Last Updated: "&TEXT('Info.'!B2, "mm/dd/yyyy")&" (v"&'Info.'!B3&") Direct all questions to scoresheets@soinc.org." -> Last Updated: 10/01/2026 (v0.1.0) Direct all questions to scoresheets@soinc.org.
BJ7: Tiebreaks
B8: Team # | C8: School Name | D8: Team Name | BD8: Status | BE8: Tier | BF8: Scored Run Score | BG8: Final Score Penalties | BH8: Final Score | BI8: Rank | BJ8: Vehicle Dist of scored run (TB1) | BK8: TB1 Rank | BL8: Time Score of scored run (TB2) | BM8: TB2 Rank | BN8: Vehicle Dist of non-scored run (TB3) | BO8: TB3 Rank | BP8: Time Score of non-scored run (TB4) | BQ8: TB4 Rank | BR8: Rank w/ TB | BS8: Rank Diff | CG8: =SUM($CG$9:$CG$508) -> 0
W9: =IF(ISBLANK($C9),"",IF(E9=Constants!$B$2,TRUE(),IF(E9=Constants!$B$3,FALSE(),TRUE()))) | X9: =IF(ISBLANK($C9),"",IF(F9=Constants!$B$2,TRUE(),IF(F9=Constants!$B$3,FALSE(),TRUE()))) | Y9: =IF(ISBLANK($C9),"",IF(G9=Constants!$B$2,TRUE(),IF(G9=Constants!$B$3,FALSE(),TRUE()))) | Z9: =IF(ISBLANK($C9),"",IF(H9=Constants!$B$2,TRUE(),IF(H9=Constants!$B$3,FALSE(),TRUE()))) | AA9: =IF(ISBLANK($C9),"",IF(I9=Constants!$B$2,TRUE(),IF(I9=Constants!$B$3,FALSE(),TRUE()))) | AB9: =IF(ISBLANK($C9),"",IF(J9=Constants!$B$4,TRUE(),IF(J9=Constants!$B$5,FALSE(),COUNTA(K9:M9)>0))) | AC9: =IF(ISBLANK($C9),"",IF(ISNUMBER(K9),IF(K9>=0,K9,""),"")) | AD9: =IF(ISBLANK($C9),"",IF(ISNUMBER(L9),IF(L9>=0,L9,""),"")) | AE9: =IF(ISBLANK($C9),"",IF(ISNUMBER(M9),IF(M9>=0,MIN(M9,Constants!$B$22),""),"")) | AF9: =IF(ISBLANK($C9),"",IF(N9=Constants!$B$2,TRUE(),IF(N9=Constants!$B$3,FALSE(),TRUE()))) | AG9: =IF(ISBLANK($C9),"",IF(O9=Constants!$B$2,TRUE(),IF(O9=Constants!$B$3,FALSE(),TRUE()))) | AH9: =IF(ISBLANK($C9),"",IF(P9=Constants!$B$4,TRUE(),IF(P9=Constants!$B$5,FALSE(),COUNTA(Q9:S9)>0))) | AI9: =IF(ISBLANK($C9),"",IF(ISNUMBER(Q9),IF(Q9>=0,Q9,""),"")) | AJ9: =IF(ISBLANK($C9),"",IF(ISNUMBER(R9),IF(R9>=0,R9,""),"")) | AK9: =IF(ISBLANK($C9),"",IF(ISNUMBER(S9),IF(S9>=0,MIN(S9,Constants!$B$22),""),"")) | AL9: =IF(ISBLANK($C9),"",IF(T9=Constants!$B$2,TRUE(),IF(T9=Constants!$B$3,FALSE(),FALSE()))) | AM9: =IF(ISBLANK($C9),"",AND($AB9,OR($AC9="",$AD9="",AND(NOT(ISBLANK($M9)),$AE9="")))) | AN9: =IF($BD9<>Constants!$B$6,"",IF($AB9,Constants!$B$17*$AD9,Constants!$B$18)) | AO9: =IF($BD9<>Constants!$B$6,"",Constants!$B$19*IF($AB9,$AC9,0)) | AP9: =IF($BD9<>Constants!$B$6,"",IF(AND($AB9,ISNUMBER($AE9)),Constants!$B$20*(Constants!$B$21-$AE9),0)) | AQ9: =IF($BD9<>Constants!$B$6,"",IF($AA9,0,Constants!$B$12)+IF($Z9,0,Constants!$B$13)+IF($Y9,0,Constants!$B$14)) | AR9: =IF($BD9<>Constants!$B$6,"",Constants!$B$16+SUM($AN9:$AQ9)) | AS9: =IF($BD9<>Constants!$B$6,"",IF($AB9,$AD9,"")) | AT9: =IF($BD9<>Constants!$B$6,"",$AO9) | AU9: =IF($BD9<>Constants!$B$6,"",IF(OR($BA9<$AR9,AND($BA9=$AR9,OR(AND(ISNUMBER($BB9),OR(NOT(ISNUMBER($AS9)),$BB9<$AS9)),AND(OR(AND($BB9="",$AS9=""),AND(ISNUMBER($BB9),ISNUMBER($AS9),$BB9=$AS9)),$BC9<$AT9)))),"->","<-")) | AV9: =IF(ISBLANK($C9),"",AND($AH9,OR($AI9="",$AJ9="",AND(NOT(ISBLANK($S9)),$AK9="")))) | AW9: =IF($BD9<>Constants!$B$6,"",IF($AH9,Constants!$B$17*$AJ9,Constants!$B$18)) | AX9: =IF($BD9<>Constants!$B$6,"",Constants!$B$19*IF($AH9,$AI9,0)) | AY9: =IF($BD9<>Constants!$B$6,"",IF(AND($AH9,ISNUMBER($AK9)),Constants!$B$20*(Constants!$B$21-$AK9),0)) | AZ9: =IF($BD9<>Constants!$B$6,"",IF($AG9,0,Constants!$B$12)+IF($AF9,0,Constants!$B$13)+IF($Y9,0,Constants!$B$14)) | BA9: =IF($BD9<>Constants!$B$6,"",Constants!$B$16+SUM($AW9:$AZ9)) | BB9: =IF($BD9<>Constants!$B$6,"",IF($AH9,$AJ9,"")) | BC9: =IF($BD9<>Constants!$B$6,"",$AX9) | BD9: =IF(ISBLANK($C9),"",IF($AL9,Constants!$B$9,IF(COUNTA($E9:$T9)=0,Constants!$B$8,IF(NOT($X9),Constants!$B$7,IF(OR($AM9,$AV9),Constants!$B$10,Constants!$B$6))))) | BE9: =IF(ISBLANK($C9),"",IF($BD9<>Constants!$B$6,$BD9,Constants!$B$11)) | BF9: =IF($BD9<>Constants!$B$6,"",IF($AU9="->",$BA9,$AR9)) | BG9: =IF($BD9<>Constants!$B$6,"",IF($W9,0,Constants!$B$15)) | BH9: =IF(ISBLANK($C9),"",IF($BD9<>Constants!$B$6,$BD9,SUM($BF9:$BG9))) | BI9: =IF(ISBLANK($C9),"",IF($BD9<>Constants!$B$6,$BD9,RANK($BH9,$BH$9:$BH$508,1))) | BJ9: =IF($BD9<>Constants!$B$6,"",IF($AU9="->",$BB9,$AS9)) | BK9: =IF(ISBLANK($C9),"",IF($BD9<>Constants!$B$6,$BD9,IF(ISNUMBER($BJ9),RANK($BJ9,$BJ$9:$BJ$508,1),COUNT($BJ$9:$BJ$508)+1))) | BL9: =IF($BD9<>Constants!$B$6,"",IF($AU9="->",$BC9,$AT9)) | BM9: =IF(ISBLANK($C9),"",IF($BD9<>Constants!$B$6,$BD9,IF(ISNUMBER($BL9),RANK($BL9,$BL$9:$BL$508,1),COUNT($BL$9:$BL$508)+1))) | BN9: =IF($BD9<>Constants!$B$6,"",IF($AU9="->",$AS9,$BB9)) | BO9: =IF(ISBLANK($C9),"",IF($BD9<>Constants!$B$6,$BD9,IF(ISNUMBER($BN9),RANK($BN9,$BN$9:$BN$508,1),COUNT($BN$9:$BN$508)+1))) | BP9: =IF($BD9<>Constants!$B$6,"",IF($AU9="->",$AT9,$BC9)) | BQ9: =IF(ISBLANK($C9),"",IF($BD9<>Constants!$B$6,$BD9,IF(ISNUMBER($BP9),RANK($BP9,$BP$9:$BP$508,1),COUNT($BP$9:$BP$508)+1))) | BR9: =IF(ISBLANK($C9),"",IF($BD9<>Constants!$B$6,$BD9,COUNTIFS($BI$9:$BI$508,"<"&$BI9)+COUNTIFS($BI$9:$BI$508,$BI9,$BK$9:$BK$508,"<"&$BK9)+COUNTIFS($BI$9:$BI$508,$BI9,$BK$9:$BK$508,$BK9,$BM$9:$BM$508,"<"&$BM9)+COUNTIFS($BI$9:$BI$508,$BI9,$BK$9:$BK$508,$BK9,$BM$9:$BM$508,$BM9,$BO$9:$BO$508,"<"&$BO9)+COUNTIFS($BI$9:$BI$508,$BI9,$BK$9:$BK$508,$BK9,$BM$9:$BM$508,$BM9,$BO$9:$BO$508,$BO9,$BQ$9:$BQ$508,"<"&$BQ9)+1)) | BS9: =IF(ISBLANK($C9),"",IF($BD9<>Constants!$B$6,$BD9,$BI9-$BR9)) | BV9: =IF(ISBLANK($C9),"",IF($BD9<>Constants!$B$6,"",IF($AU9="->",2,1))) | BW9: =IF(ISBLANK($C9),"",IF($BD9<>Constants!$B$6,"",IF($AU9="->",$AW9,$AN9))) | BX9: =IF(ISBLANK($C9),"",IF($BD9<>Constants!$B$6,"",IF($AU9="->",$AX9,$AO9))) | BY9: =IF(ISBLANK($C9),"",IF($BD9<>Constants!$B$6,"",IF($AU9="->",$AY9,$AP9))) | BZ9: =IF(ISBLANK($C9),"",IF($BD9<>Constants!$B$6,"",IF($AU9="->",$AZ9,$AQ9)+$BG9)) | CA9: =IF(ISBLANK($C9),"",IF($BD9<>Constants!$B$6,$BD9,$BH9)) | CB9: =IF(ISBLANK($C9),"",$BE9) | CC9: =IF(ISBLANK($C9),"",$BS9) | CD9: =IF(ISBLANK($C9),"",$BR9) | CE9: =IF(ISBLANK($C9),"",IF($CD9=Constants!$B$9,COUNTA($C$9:$C$508)+2,IF($CD9=Constants!$B$8,COUNTA($C$9:$C$508)+1,IF($CD9=Constants!$B$7,COUNTA($C$9:$C$508),$CD9)))) | CG9: =IF(OR(ISNUMBER($CD9),$CD9=Constants!$B$9,$CD9=Constants!$B$7,$CD9=Constants!$B$8),1,0) -> 0 | CH9: 1 | CI9: =IF(ISBLANK($C9),"",IF(ISNUMBER($CE9),$CE9+ROW($B9)/1000,"")) | CJ9: =IF(ISNUMBER($CI9),RANK($CI9,$CI$9:$CI$508,1),"") | CK9: =IF(ISBLANK($C9),"",$B9) | CL9: =IF(ISBLANK($C9),"",$C9) | CM9: =IF(ISBLANK($C9),"",$D9) | CN9: =$CB9 | CO9: =$CA9 | CP9: =IF(ISBLANK($C9),"",$CD9) | CQ9: =IF($CH9>$CG$8,"",VLOOKUP($CH9,$CJ$9:$CP$508,7,FALSE())) | CR9: =IF($CH9>$CG$8,"",VLOOKUP($CH9,$CJ$9:$CP$508,2,FALSE())) | CS9: =IF($CH9>$CG$8,"",VLOOKUP($CH9,$CJ$9:$CP$508,3,FALSE())) | CT9: =IF($CH9>$CG$8,"",VLOOKUP($CH9,$CJ$9:$CP$508,4,FALSE())) | CU9: =IF($CH9>$CG$8,"",VLOOKUP($CH9,$CJ$9:$CP$508,5,FALSE())) | CV9: =IF($CH9>$CG$8,"",VLOOKUP($CH9,$CJ$9:$CP$508,6,FALSE()))
W10: =IF(ISBLANK($C10),"",IF(E10=Constants!$B$2,TRUE(),IF(E10=Constants!$B$3,FALSE(),TRUE()))) | X10: =IF(ISBLANK($C10),"",IF(F10=Constants!$B$2,TRUE(),IF(F10=Constants!$B$3,FALSE(),TRUE()))) | Y10: =IF(ISBLANK($C10),"",IF(G10=Constants!$B$2,TRUE(),IF(G10=Constants!$B$3,FALSE(),TRUE()))) | Z10: =IF(ISBLANK($C10),"",IF(H10=Constants!$B$2,TRUE(),IF(H10=Constants!$B$3,FALSE(),TRUE()))) | AA10: =IF(ISBLANK($C10),"",IF(I10=Constants!$B$2,TRUE(),IF(I10=Constants!$B$3,FALSE(),TRUE()))) | AB10: =IF(ISBLANK($C10),"",IF(J10=Constants!$B$4,TRUE(),IF(J10=Constants!$B$5,FALSE(),COUNTA(K10:M10)>0))) | AC10: =IF(ISBLANK($C10),"",IF(ISNUMBER(K10),IF(K10>=0,K10,""),"")) | AD10: =IF(ISBLANK($C10),"",IF(ISNUMBER(L10),IF(L10>=0,L10,""),"")) | AE10: =IF(ISBLANK($C10),"",IF(ISNUMBER(M10),IF(M10>=0,MIN(M10,Constants!$B$22),""),"")) | AF10: =IF(ISBLANK($C10),"",IF(N10=Constants!$B$2,TRUE(),IF(N10=Constants!$B$3,FALSE(),TRUE()))) | AG10: =IF(ISBLANK($C10),"",IF(O10=Constants!$B$2,TRUE(),IF(O10=Constants!$B$3,FALSE(),TRUE()))) | AH10: =IF(ISBLANK($C10),"",IF(P10=Constants!$B$4,TRUE(),IF(P10=Constants!$B$5,FALSE(),COUNTA(Q10:S10)>0))) | AI10: =IF(ISBLANK($C10),"",IF(ISNUMBER(Q10),IF(Q10>=0,Q10,""),"")) | AJ10: =IF(ISBLANK($C10),"",IF(ISNUMBER(R10),IF(R10>=0,R10,""),"")) | AK10: =IF(ISBLANK($C10),"",IF(ISNUMBER(S10),IF(S10>=0,MIN(S10,Constants!$B$22),""),"")) | AL10: =IF(ISBLANK($C10),"",IF(T10=Constants!$B$2,TRUE(),IF(T10=Constants!$B$3,FALSE(),FALSE()))) | AM10: =IF(ISBLANK($C10),"",AND($AB10,OR($AC10="",$AD10="",AND(NOT(ISBLANK($M10)),$AE10="")))) | AN10: =IF($BD10<>Constants!$B$6,"",IF($AB10,Constants!$B$17*$AD10,Constants!$B$18)) | AO10: =IF($BD10<>Constants!$B$6,"",Constants!$B$19*IF($AB10,$AC10,0)) | AP10: =IF($BD10<>Constants!$B$6,"",IF(AND($AB10,ISNUMBER($AE10)),Constants!$B$20*(Constants!$B$21-$AE10),0)) | AQ10: =IF($BD10<>Constants!$B$6,"",IF($AA10,0,Constants!$B$12)+IF($Z10,0,Constants!$B$13)+IF($Y10,0,Constants!$B$14)) | AR10: =IF($BD10<>Constants!$B$6,"",Constants!$B$16+SUM($AN10:$AQ10)) | AS10: =IF($BD10<>Constants!$B$6,"",IF($AB10,$AD10,"")) | AT10: =IF($BD10<>Constants!$B$6,"",$AO10) | AU10: =IF($BD10<>Constants!$B$6,"",IF(OR($BA10<$AR10,AND($BA10=$AR10,OR(AND(ISNUMBER($BB10),OR(NOT(ISNUMBER($AS10)),$BB10<$AS10)),AND(OR(AND($BB10="",$AS10=""),AND(ISNUMBER($BB10),ISNUMBER($AS10),$BB10=$AS10)),$BC10<$AT10)))),"->","<-")) | AV10: =IF(ISBLANK($C10),"",AND($AH10,OR($AI10="",$AJ10="",AND(NOT(ISBLANK($S10)),$AK10="")))) | AW10: =IF($BD10<>Constants!$B$6,"",IF($AH10,Constants!$B$17*$AJ10,Constants!$B$18)) | AX10: =IF($BD10<>Constants!$B$6,"",Constants!$B$19*IF($AH10,$AI10,0)) | AY10: =IF($BD10<>Constants!$B$6,"",IF(AND($AH10,ISNUMBER($AK10)),Constants!$B$20*(Constants!$B$21-$AK10),0)) | AZ10: =IF($BD10<>Constants!$B$6,"",IF($AG10,0,Constants!$B$12)+IF($AF10,0,Constants!$B$13)+IF($Y10,0,Constants!$B$14)) | BA10: =IF($BD10<>Constants!$B$6,"",Constants!$B$16+SUM($AW10:$AZ10)) | BB10: =IF($BD10<>Constants!$B$6,"",IF($AH10,$AJ10,"")) | BC10: =IF($BD10<>Constants!$B$6,"",$AX10) | BD10: =IF(ISBLANK($C10),"",IF($AL10,Constants!$B$9,IF(COUNTA($E10:$T10)=0,Constants!$B$8,IF(NOT($X10),Constants!$B$7,IF(OR($AM10,$AV10),Constants!$B$10,Constants!$B$6))))) | BE10: =IF(ISBLANK($C10),"",IF($BD10<>Constants!$B$6,$BD10,Constants!$B$11)) | BF10: =IF($BD10<>Constants!$B$6,"",IF($AU10="->",$BA10,$AR10)) | BG10: =IF($BD10<>Constants!$B$6,"",IF($W10,0,Constants!$B$15)) | BH10: =IF(ISBLANK($C10),"",IF($BD10<>Constants!$B$6,$BD10,SUM($BF10:$BG10))) | BI10: =IF(ISBLANK($C10),"",IF($BD10<>Constants!$B$6,$BD10,RANK($BH10,$BH$9:$BH$508,1))) | BJ10: =IF($BD10<>Constants!$B$6,"",IF($AU10="->",$BB10,$AS10)) | BK10: =IF(ISBLANK($C10),"",IF($BD10<>Constants!$B$6,$BD10,IF(ISNUMBER($BJ10),RANK($BJ10,$BJ$9:$BJ$508,1),COUNT($BJ$9:$BJ$508)+1))) | BL10: =IF($BD10<>Constants!$B$6,"",IF($AU10="->",$BC10,$AT10)) | BM10: =IF(ISBLANK($C10),"",IF($BD10<>Constants!$B$6,$BD10,IF(ISNUMBER($BL10),RANK($BL10,$BL$9:$BL$508,1),COUNT($BL$9:$BL$508)+1))) | BN10: =IF($BD10<>Constants!$B$6,"",IF($AU10="->",$AS10,$BB10)) | BO10: =IF(ISBLANK($C10),"",IF($BD10<>Constants!$B$6,$BD10,IF(ISNUMBER($BN10),RANK($BN10,$BN$9:$BN$508,1),COUNT($BN$9:$BN$508)+1))) | BP10: =IF($BD10<>Constants!$B$6,"",IF($AU10="->",$AT10,$BC10)) | BQ10: =IF(ISBLANK($C10),"",IF($BD10<>Constants!$B$6,$BD10,IF(ISNUMBER($BP10),RANK($BP10,$BP$9:$BP$508,1),COUNT($BP$9:$BP$508)+1))) | BR10: =IF(ISBLANK($C10),"",IF($BD10<>Constants!$B$6,$BD10,COUNTIFS($BI$9:$BI$508,"<"&$BI10)+COUNTIFS($BI$9:$BI$508,$BI10,$BK$9:$BK$508,"<"&$BK10)+COUNTIFS($BI$9:$BI$508,$BI10,$BK$9:$BK$508,$BK10,$BM$9:$BM$508,"<"&$BM10)+COUNTIFS($BI$9:$BI$508,$BI10,$BK$9:$BK$508,$BK10,$BM$9:$BM$508,$BM10,$BO$9:$BO$508,"<"&$BO10)+COUNTIFS($BI$9:$BI$508,$BI10,$BK$9:$BK$508,$BK10,$BM$9:$BM$508,$BM10,$BO$9:$BO$508,$BO10,$BQ$9:$BQ$508,"<"&$BQ10)+1)) | BS10: =IF(ISBLANK($C10),"",IF($BD10<>Constants!$B$6,$BD10,$BI10-$BR10)) | BV10: =IF(ISBLANK($C10),"",IF($BD10<>Constants!$B$6,"",IF($AU10="->",2,1))) | BW10: =IF(ISBLANK($C10),"",IF($BD10<>Constants!$B$6,"",IF($AU10="->",$AW10,$AN10))) | BX10: =IF(ISBLANK($C10),"",IF($BD10<>Constants!$B$6,"",IF($AU10="->",$AX10,$AO10))) | BY10: =IF(ISBLANK($C10),"",IF($BD10<>Constants!$B$6,"",IF($AU10="->",$AY10,$AP10))) | BZ10: =IF(ISBLANK($C10),"",IF($BD10<>Constants!$B$6,"",IF($AU10="->",$AZ10,$AQ10)+$BG10)) | CA10: =IF(ISBLANK($C10),"",IF($BD10<>Constants!$B$6,$BD10,$BH10)) | CB10: =IF(ISBLANK($C10),"",$BE10) | CC10: =IF(ISBLANK($C10),"",$BS10) | CD10: =IF(ISBLANK($C10),"",$BR10) | CE10: =IF(ISBLANK($C10),"",IF($CD10=Constants!$B$9,COUNTA($C$9:$C$508)+2,IF($CD10=Constants!$B$8,COUNTA($C$9:$C$508)+1,IF($CD10=Constants!$B$7,COUNTA($C$9:$C$508),$CD10)))) | CG10: =IF(OR(ISNUMBER($CD10),$CD10=Constants!$B$9,$CD10=Constants!$B$7,$CD10=Constants!$B$8),1,0) -> 0 | CH10: 2 | CI10: =IF(ISBLANK($C10),"",IF(ISNUMBER($CE10),$CE10+ROW($B10)/1000,"")) | CJ10: =IF(ISNUMBER($CI10),RANK($CI10,$CI$9:$CI$508,1),"") | CK10: =IF(ISBLANK($C10),"",$B10) | CL10: =IF(ISBLANK($C10),"",$C10) | CM10: =IF(ISBLANK($C10),"",$D10) | CN10: =$CB10 | CO10: =$CA10 | CP10: =IF(ISBLANK($C10),"",$CD10) | CQ10: =IF($CH10>$CG$8,"",VLOOKUP($CH10,$CJ$9:$CP$508,7,FALSE())) | CR10: =IF($CH10>$CG$8,"",VLOOKUP($CH10,$CJ$9:$CP$508,2,FALSE())) | CS10: =IF($CH10>$CG$8,"",VLOOKUP($CH10,$CJ$9:$CP$508,3,FALSE())) | CT10: =IF($CH10>$CG$8,"",VLOOKUP($CH10,$CJ$9:$CP$508,4,FALSE())) | CU10: =IF($CH10>$CG$8,"",VLOOKUP($CH10,$CJ$9:$CP$508,5,FALSE())) | CV10: =IF($CH10>$CG$8,"",VLOOKUP($CH10,$CJ$9:$CP$508,6,FALSE()))
W11: =IF(ISBLANK($C11),"",IF(E11=Constants!$B$2,TRUE(),IF(E11=Constants!$B$3,FALSE(),TRUE()))) | X11: =IF(ISBLANK($C11),"",IF(F11=Constants!$B$2,TRUE(),IF(F11=Constants!$B$3,FALSE(),TRUE()))) | Y11: =IF(ISBLANK($C11),"",IF(G11=Constants!$B$2,TRUE(),IF(G11=Constants!$B$3,FALSE(),TRUE()))) | Z11: =IF(ISBLANK($C11),"",IF(H11=Constants!$B$2,TRUE(),IF(H11=Constants!$B$3,FALSE(),TRUE()))) | AA11: =IF(ISBLANK($C11),"",IF(I11=Constants!$B$2,TRUE(),IF(I11=Constants!$B$3,FALSE(),TRUE()))) | AB11: =IF(ISBLANK($C11),"",IF(J11=Constants!$B$4,TRUE(),IF(J11=Constants!$B$5,FALSE(),COUNTA(K11:M11)>0))) | AC11: =IF(ISBLANK($C11),"",IF(ISNUMBER(K11),IF(K11>=0,K11,""),"")) | AD11: =IF(ISBLANK($C11),"",IF(ISNUMBER(L11),IF(L11>=0,L11,""),"")) | AE11: =IF(ISBLANK($C11),"",IF(ISNUMBER(M11),IF(M11>=0,MIN(M11,Constants!$B$22),""),"")) | AF11: =IF(ISBLANK($C11),"",IF(N11=Constants!$B$2,TRUE(),IF(N11=Constants!$B$3,FALSE(),TRUE()))) | AG11: =IF(ISBLANK($C11),"",IF(O11=Constants!$B$2,TRUE(),IF(O11=Constants!$B$3,FALSE(),TRUE()))) | AH11: =IF(ISBLANK($C11),"",IF(P11=Constants!$B$4,TRUE(),IF(P11=Constants!$B$5,FALSE(),COUNTA(Q11:S11)>0))) | AI11: =IF(ISBLANK($C11),"",IF(ISNUMBER(Q11),IF(Q11>=0,Q11,""),"")) | AJ11: =IF(ISBLANK($C11),"",IF(ISNUMBER(R11),IF(R11>=0,R11,""),"")) | AK11: =IF(ISBLANK($C11),"",IF(ISNUMBER(S11),IF(S11>=0,MIN(S11,Constants!$B$22),""),"")) | AL11: =IF(ISBLANK($C11),"",IF(T11=Constants!$B$2,TRUE(),IF(T11=Constants!$B$3,FALSE(),FALSE()))) | AM11: =IF(ISBLANK($C11),"",AND($AB11,OR($AC11="",$AD11="",AND(NOT(ISBLANK($M11)),$AE11="")))) | AN11: =IF($BD11<>Constants!$B$6,"",IF($AB11,Constants!$B$17*$AD11,Constants!$B$18)) | AO11: =IF($BD11<>Constants!$B$6,"",Constants!$B$19*IF($AB11,$AC11,0)) | AP11: =IF($BD11<>Constants!$B$6,"",IF(AND($AB11,ISNUMBER($AE11)),Constants!$B$20*(Constants!$B$21-$AE11),0)) | AQ11: =IF($BD11<>Constants!$B$6,"",IF($AA11,0,Constants!$B$12)+IF($Z11,0,Constants!$B$13)+IF($Y11,0,Constants!$B$14)) | AR11: =IF($BD11<>Constants!$B$6,"",Constants!$B$16+SUM($AN11:$AQ11)) | AS11: =IF($BD11<>Constants!$B$6,"",IF($AB11,$AD11,"")) | AT11: =IF($BD11<>Constants!$B$6,"",$AO11) | AU11: =IF($BD11<>Constants!$B$6,"",IF(OR($BA11<$AR11,AND($BA11=$AR11,OR(AND(ISNUMBER($BB11),OR(NOT(ISNUMBER($AS11)),$BB11<$AS11)),AND(OR(AND($BB11="",$AS11=""),AND(ISNUMBER($BB11),ISNUMBER($AS11),$BB11=$AS11)),$BC11<$AT11)))),"->","<-")) | AV11: =IF(ISBLANK($C11),"",AND($AH11,OR($AI11="",$AJ11="",AND(NOT(ISBLANK($S11)),$AK11="")))) | AW11: =IF($BD11<>Constants!$B$6,"",IF($AH11,Constants!$B$17*$AJ11,Constants!$B$18)) | AX11: =IF($BD11<>Constants!$B$6,"",Constants!$B$19*IF($AH11,$AI11,0)) | AY11: =IF($BD11<>Constants!$B$6,"",IF(AND($AH11,ISNUMBER($AK11)),Constants!$B$20*(Constants!$B$21-$AK11),0)) | AZ11: =IF($BD11<>Constants!$B$6,"",IF($AG11,0,Constants!$B$12)+IF($AF11,0,Constants!$B$13)+IF($Y11,0,Constants!$B$14)) | BA11: =IF($BD11<>Constants!$B$6,"",Constants!$B$16+SUM($AW11:$AZ11)) | BB11: =IF($BD11<>Constants!$B$6,"",IF($AH11,$AJ11,"")) | BC11: =IF($BD11<>Constants!$B$6,"",$AX11) | BD11: =IF(ISBLANK($C11),"",IF($AL11,Constants!$B$9,IF(COUNTA($E11:$T11)=0,Constants!$B$8,IF(NOT($X11),Constants!$B$7,IF(OR($AM11,$AV11),Constants!$B$10,Constants!$B$6))))) | BE11: =IF(ISBLANK($C11),"",IF($BD11<>Constants!$B$6,$BD11,Constants!$B$11)) | BF11: =IF($BD11<>Constants!$B$6,"",IF($AU11="->",$BA11,$AR11)) | BG11: =IF($BD11<>Constants!$B$6,"",IF($W11,0,Constants!$B$15)) | BH11: =IF(ISBLANK($C11),"",IF($BD11<>Constants!$B$6,$BD11,SUM($BF11:$BG11))) | BI11: =IF(ISBLANK($C11),"",IF($BD11<>Constants!$B$6,$BD11,RANK($BH11,$BH$9:$BH$508,1))) | BJ11: =IF($BD11<>Constants!$B$6,"",IF($AU11="->",$BB11,$AS11)) | BK11: =IF(ISBLANK($C11),"",IF($BD11<>Constants!$B$6,$BD11,IF(ISNUMBER($BJ11),RANK($BJ11,$BJ$9:$BJ$508,1),COUNT($BJ$9:$BJ$508)+1))) | BL11: =IF($BD11<>Constants!$B$6,"",IF($AU11="->",$BC11,$AT11)) | BM11: =IF(ISBLANK($C11),"",IF($BD11<>Constants!$B$6,$BD11,IF(ISNUMBER($BL11),RANK($BL11,$BL$9:$BL$508,1),COUNT($BL$9:$BL$508)+1))) | BN11: =IF($BD11<>Constants!$B$6,"",IF($AU11="->",$AS11,$BB11)) | BO11: =IF(ISBLANK($C11),"",IF($BD11<>Constants!$B$6,$BD11,IF(ISNUMBER($BN11),RANK($BN11,$BN$9:$BN$508,1),COUNT($BN$9:$BN$508)+1))) | BP11: =IF($BD11<>Constants!$B$6,"",IF($AU11="->",$AT11,$BC11)) | BQ11: =IF(ISBLANK($C11),"",IF($BD11<>Constants!$B$6,$BD11,IF(ISNUMBER($BP11),RANK($BP11,$BP$9:$BP$508,1),COUNT($BP$9:$BP$508)+1))) | BR11: =IF(ISBLANK($C11),"",IF($BD11<>Constants!$B$6,$BD11,COUNTIFS($BI$9:$BI$508,"<"&$BI11)+COUNTIFS($BI$9:$BI$508,$BI11,$BK$9:$BK$508,"<"&$BK11)+COUNTIFS($BI$9:$BI$508,$BI11,$BK$9:$BK$508,$BK11,$BM$9:$BM$508,"<"&$BM11)+COUNTIFS($BI$9:$BI$508,$BI11,$BK$9:$BK$508,$BK11,$BM$9:$BM$508,$BM11,$BO$9:$BO$508,"<"&$BO11)+COUNTIFS($BI$9:$BI$508,$BI11,$BK$9:$BK$508,$BK11,$BM$9:$BM$508,$BM11,$BO$9:$BO$508,$BO11,$BQ$9:$BQ$508,"<"&$BQ11)+1)) | BS11: =IF(ISBLANK($C11),"",IF($BD11<>Constants!$B$6,$BD11,$BI11-$BR11)) | BV11: =IF(ISBLANK($C11),"",IF($BD11<>Constants!$B$6,"",IF($AU11="->",2,1))) | BW11: =IF(ISBLANK($C11),"",IF($BD11<>Constants!$B$6,"",IF($AU11="->",$AW11,$AN11))) | BX11: =IF(ISBLANK($C11),"",IF($BD11<>Constants!$B$6,"",IF($AU11="->",$AX11,$AO11))) | BY11: =IF(ISBLANK($C11),"",IF($BD11<>Constants!$B$6,"",IF($AU11="->",$AY11,$AP11))) | BZ11: =IF(ISBLANK($C11),"",IF($BD11<>Constants!$B$6,"",IF($AU11="->",$AZ11,$AQ11)+$BG11)) | CA11: =IF(ISBLANK($C11),"",IF($BD11<>Constants!$B$6,$BD11,$BH11)) | CB11: =IF(ISBLANK($C11),"",$BE11) | CC11: =IF(ISBLANK($C11),"",$BS11) | CD11: =IF(ISBLANK($C11),"",$BR11) | CE11: =IF(ISBLANK($C11),"",IF($CD11=Constants!$B$9,COUNTA($C$9:$C$508)+2,IF($CD11=Constants!$B$8,COUNTA($C$9:$C$508)+1,IF($CD11=Constants!$B$7,COUNTA($C$9:$C$508),$CD11)))) | CG11: =IF(OR(ISNUMBER($CD11),$CD11=Constants!$B$9,$CD11=Constants!$B$7,$CD11=Constants!$B$8),1,0) -> 0 | CH11: 3 | CI11: =IF(ISBLANK($C11),"",IF(ISNUMBER($CE11),$CE11+ROW($B11)/1000,"")) | CJ11: =IF(ISNUMBER($CI11),RANK($CI11,$CI$9:$CI$508,1),"") | CK11: =IF(ISBLANK($C11),"",$B11) | CL11: =IF(ISBLANK($C11),"",$C11) | CM11: =IF(ISBLANK($C11),"",$D11) | CN11: =$CB11 | CO11: =$CA11 | CP11: =IF(ISBLANK($C11),"",$CD11) | CQ11: =IF($CH11>$CG$8,"",VLOOKUP($CH11,$CJ$9:$CP$508,7,FALSE())) | CR11: =IF($CH11>$CG$8,"",VLOOKUP($CH11,$CJ$9:$CP$508,2,FALSE())) | CS11: =IF($CH11>$CG$8,"",VLOOKUP($CH11,$CJ$9:$CP$508,3,FALSE())) | CT11: =IF($CH11>$CG$8,"",VLOOKUP($CH11,$CJ$9:$CP$508,4,FALSE())) | CU11: =IF($CH11>$CG$8,"",VLOOKUP($CH11,$CJ$9:$CP$508,5,FALSE())) | CV11: =IF($CH11>$CG$8,"",VLOOKUP($CH11,$CJ$9:$CP$508,6,FALSE()))
W12: =IF(ISBLANK($C12),"",IF(E12=Constants!$B$2,TRUE(),IF(E12=Constants!$B$3,FALSE(),TRUE()))) | X12: =IF(ISBLANK($C12),"",IF(F12=Constants!$B$2,TRUE(),IF(F12=Constants!$B$3,FALSE(),TRUE()))) | Y12: =IF(ISBLANK($C12),"",IF(G12=Constants!$B$2,TRUE(),IF(G12=Constants!$B$3,FALSE(),TRUE()))) | Z12: =IF(ISBLANK($C12),"",IF(H12=Constants!$B$2,TRUE(),IF(H12=Constants!$B$3,FALSE(),TRUE()))) | AA12: =IF(ISBLANK($C12),"",IF(I12=Constants!$B$2,TRUE(),IF(I12=Constants!$B$3,FALSE(),TRUE()))) | AB12: =IF(ISBLANK($C12),"",IF(J12=Constants!$B$4,TRUE(),IF(J12=Constants!$B$5,FALSE(),COUNTA(K12:M12)>0))) | AC12: =IF(ISBLANK($C12),"",IF(ISNUMBER(K12),IF(K12>=0,K12,""),"")) | AD12: =IF(ISBLANK($C12),"",IF(ISNUMBER(L12),IF(L12>=0,L12,""),"")) | AE12: =IF(ISBLANK($C12),"",IF(ISNUMBER(M12),IF(M12>=0,MIN(M12,Constants!$B$22),""),"")) | AF12: =IF(ISBLANK($C12),"",IF(N12=Constants!$B$2,TRUE(),IF(N12=Constants!$B$3,FALSE(),TRUE()))) | AG12: =IF(ISBLANK($C12),"",IF(O12=Constants!$B$2,TRUE(),IF(O12=Constants!$B$3,FALSE(),TRUE()))) | AH12: =IF(ISBLANK($C12),"",IF(P12=Constants!$B$4,TRUE(),IF(P12=Constants!$B$5,FALSE(),COUNTA(Q12:S12)>0))) | AI12: =IF(ISBLANK($C12),"",IF(ISNUMBER(Q12),IF(Q12>=0,Q12,""),"")) | AJ12: =IF(ISBLANK($C12),"",IF(ISNUMBER(R12),IF(R12>=0,R12,""),"")) | AK12: =IF(ISBLANK($C12),"",IF(ISNUMBER(S12),IF(S12>=0,MIN(S12,Constants!$B$22),""),"")) | AL12: =IF(ISBLANK($C12),"",IF(T12=Constants!$B$2,TRUE(),IF(T12=Constants!$B$3,FALSE(),FALSE()))) | AM12: =IF(ISBLANK($C12),"",AND($AB12,OR($AC12="",$AD12="",AND(NOT(ISBLANK($M12)),$AE12="")))) | AN12: =IF($BD12<>Constants!$B$6,"",IF($AB12,Constants!$B$17*$AD12,Constants!$B$18)) | AO12: =IF($BD12<>Constants!$B$6,"",Constants!$B$19*IF($AB12,$AC12,0)) | AP12: =IF($BD12<>Constants!$B$6,"",IF(AND($AB12,ISNUMBER($AE12)),Constants!$B$20*(Constants!$B$21-$AE12),0)) | AQ12: =IF($BD12<>Constants!$B$6,"",IF($AA12,0,Constants!$B$12)+IF($Z12,0,Constants!$B$13)+IF($Y12,0,Constants!$B$14)) | AR12: =IF($BD12<>Constants!$B$6,"",Constants!$B$16+SUM($AN12:$AQ12)) | AS12: =IF($BD12<>Constants!$B$6,"",IF($AB12,$AD12,"")) | AT12: =IF($BD12<>Constants!$B$6,"",$AO12) | AU12: =IF($BD12<>Constants!$B$6,"",IF(OR($BA12<$AR12,AND($BA12=$AR12,OR(AND(ISNUMBER($BB12),OR(NOT(ISNUMBER($AS12)),$BB12<$AS12)),AND(OR(AND($BB12="",$AS12=""),AND(ISNUMBER($BB12),ISNUMBER($AS12),$BB12=$AS12)),$BC12<$AT12)))),"->","<-")) | AV12: =IF(ISBLANK($C12),"",AND($AH12,OR($AI12="",$AJ12="",AND(NOT(ISBLANK($S12)),$AK12="")))) | AW12: =IF($BD12<>Constants!$B$6,"",IF($AH12,Constants!$B$17*$AJ12,Constants!$B$18)) | AX12: =IF($BD12<>Constants!$B$6,"",Constants!$B$19*IF($AH12,$AI12,0)) | AY12: =IF($BD12<>Constants!$B$6,"",IF(AND($AH12,ISNUMBER($AK12)),Constants!$B$20*(Constants!$B$21-$AK12),0)) | AZ12: =IF($BD12<>Constants!$B$6,"",IF($AG12,0,Constants!$B$12)+IF($AF12,0,Constants!$B$13)+IF($Y12,0,Constants!$B$14)) | BA12: =IF($BD12<>Constants!$B$6,"",Constants!$B$16+SUM($AW12:$AZ12)) | BB12: =IF($BD12<>Constants!$B$6,"",IF($AH12,$AJ12,"")) | BC12: =IF($BD12<>Constants!$B$6,"",$AX12) | BD12: =IF(ISBLANK($C12),"",IF($AL12,Constants!$B$9,IF(COUNTA($E12:$T12)=0,Constants!$B$8,IF(NOT($X12),Constants!$B$7,IF(OR($AM12,$AV12),Constants!$B$10,Constants!$B$6))))) | BE12: =IF(ISBLANK($C12),"",IF($BD12<>Constants!$B$6,$BD12,Constants!$B$11)) | BF12: =IF($BD12<>Constants!$B$6,"",IF($AU12="->",$BA12,$AR12)) | BG12: =IF($BD12<>Constants!$B$6,"",IF($W12,0,Constants!$B$15)) | BH12: =IF(ISBLANK($C12),"",IF($BD12<>Constants!$B$6,$BD12,SUM($BF12:$BG12))) | BI12: =IF(ISBLANK($C12),"",IF($BD12<>Constants!$B$6,$BD12,RANK($BH12,$BH$9:$BH$508,1))) | BJ12: =IF($BD12<>Constants!$B$6,"",IF($AU12="->",$BB12,$AS12)) | BK12: =IF(ISBLANK($C12),"",IF($BD12<>Constants!$B$6,$BD12,IF(ISNUMBER($BJ12),RANK($BJ12,$BJ$9:$BJ$508,1),COUNT($BJ$9:$BJ$508)+1))) | BL12: =IF($BD12<>Constants!$B$6,"",IF($AU12="->",$BC12,$AT12)) | BM12: =IF(ISBLANK($C12),"",IF($BD12<>Constants!$B$6,$BD12,IF(ISNUMBER($BL12),RANK($BL12,$BL$9:$BL$508,1),COUNT($BL$9:$BL$508)+1))) | BN12: =IF($BD12<>Constants!$B$6,"",IF($AU12="->",$AS12,$BB12)) | BO12: =IF(ISBLANK($C12),"",IF($BD12<>Constants!$B$6,$BD12,IF(ISNUMBER($BN12),RANK($BN12,$BN$9:$BN$508,1),COUNT($BN$9:$BN$508)+1))) | BP12: =IF($BD12<>Constants!$B$6,"",IF($AU12="->",$AT12,$BC12)) | BQ12: =IF(ISBLANK($C12),"",IF($BD12<>Constants!$B$6,$BD12,IF(ISNUMBER($BP12),RANK($BP12,$BP$9:$BP$508,1),COUNT($BP$9:$BP$508)+1))) | BR12: =IF(ISBLANK($C12),"",IF($BD12<>Constants!$B$6,$BD12,COUNTIFS($BI$9:$BI$508,"<"&$BI12)+COUNTIFS($BI$9:$BI$508,$BI12,$BK$9:$BK$508,"<"&$BK12)+COUNTIFS($BI$9:$BI$508,$BI12,$BK$9:$BK$508,$BK12,$BM$9:$BM$508,"<"&$BM12)+COUNTIFS($BI$9:$BI$508,$BI12,$BK$9:$BK$508,$BK12,$BM$9:$BM$508,$BM12,$BO$9:$BO$508,"<"&$BO12)+COUNTIFS($BI$9:$BI$508,$BI12,$BK$9:$BK$508,$BK12,$BM$9:$BM$508,$BM12,$BO$9:$BO$508,$BO12,$BQ$9:$BQ$508,"<"&$BQ12)+1)) | BS12: =IF(ISBLANK($C12),"",IF($BD12<>Constants!$B$6,$BD12,$BI12-$BR12)) | BV12: =IF(ISBLANK($C12),"",IF($BD12<>Constants!$B$6,"",IF($AU12="->",2,1))) | BW12: =IF(ISBLANK($C12),"",IF($BD12<>Constants!$B$6,"",IF($AU12="->",$AW12,$AN12))) | BX12: =IF(ISBLANK($C12),"",IF($BD12<>Constants!$B$6,"",IF($AU12="->",$AX12,$AO12))) | BY12: =IF(ISBLANK($C12),"",IF($BD12<>Constants!$B$6,"",IF($AU12="->",$AY12,$AP12))) | BZ12: =IF(ISBLANK($C12),"",IF($BD12<>Constants!$B$6,"",IF($AU12="->",$AZ12,$AQ12)+$BG12)) | CA12: =IF(ISBLANK($C12),"",IF($BD12<>Constants!$B$6,$BD12,$BH12)) | CB12: =IF(ISBLANK($C12),"",$BE12) | CC12: =IF(ISBLANK($C12),"",$BS12) | CD12: =IF(ISBLANK($C12),"",$BR12) | CE12: =IF(ISBLANK($C12),"",IF($CD12=Constants!$B$9,COUNTA($C$9:$C$508)+2,IF($CD12=Constants!$B$8,COUNTA($C$9:$C$508)+1,IF($CD12=Constants!$B$7,COUNTA($C$9:$C$508),$CD12)))) | CG12: =IF(OR(ISNUMBER($CD12),$CD12=Constants!$B$9,$CD12=Constants!$B$7,$CD12=Constants!$B$8),1,0) -> 0 | CH12: 4 | CI12: =IF(ISBLANK($C12),"",IF(ISNUMBER($CE12),$CE12+ROW($B12)/1000,"")) | CJ12: =IF(ISNUMBER($CI12),RANK($CI12,$CI$9:$CI$508,1),"") | CK12: =IF(ISBLANK($C12),"",$B12) | CL12: =IF(ISBLANK($C12),"",$C12) | CM12: =IF(ISBLANK($C12),"",$D12) | CN12: =$CB12 | CO12: =$CA12 | CP12: =IF(ISBLANK($C12),"",$CD12) | CQ12: =IF($CH12>$CG$8,"",VLOOKUP($CH12,$CJ$9:$CP$508,7,FALSE())) | CR12: =IF($CH12>$CG$8,"",VLOOKUP($CH12,$CJ$9:$CP$508,2,FALSE())) | CS12: =IF($CH12>$CG$8,"",VLOOKUP($CH12,$CJ$9:$CP$508,3,FALSE())) | CT12: =IF($CH12>$CG$8,"",VLOOKUP($CH12,$CJ$9:$CP$508,4,FALSE())) | CU12: =IF($CH12>$CG$8,"",VLOOKUP($CH12,$CJ$9:$CP$508,5,FALSE())) | CV12: =IF($CH12>$CG$8,"",VLOOKUP($CH12,$CJ$9:$CP$508,6,FALSE()))
W13: =IF(ISBLANK($C13),"",IF(E13=Constants!$B$2,TRUE(),IF(E13=Constants!$B$3,FALSE(),TRUE()))) | X13: =IF(ISBLANK($C13),"",IF(F13=Constants!$B$2,TRUE(),IF(F13=Constants!$B$3,FALSE(),TRUE()))) | Y13: =IF(ISBLANK($C13),"",IF(G13=Constants!$B$2,TRUE(),IF(G13=Constants!$B$3,FALSE(),TRUE()))) | Z13: =IF(ISBLANK($C13),"",IF(H13=Constants!$B$2,TRUE(),IF(H13=Constants!$B$3,FALSE(),TRUE()))) | AA13: =IF(ISBLANK($C13),"",IF(I13=Constants!$B$2,TRUE(),IF(I13=Constants!$B$3,FALSE(),TRUE()))) | AB13: =IF(ISBLANK($C13),"",IF(J13=Constants!$B$4,TRUE(),IF(J13=Constants!$B$5,FALSE(),COUNTA(K13:M13)>0))) | AC13: =IF(ISBLANK($C13),"",IF(ISNUMBER(K13),IF(K13>=0,K13,""),"")) | AD13: =IF(ISBLANK($C13),"",IF(ISNUMBER(L13),IF(L13>=0,L13,""),"")) | AE13: =IF(ISBLANK($C13),"",IF(ISNUMBER(M13),IF(M13>=0,MIN(M13,Constants!$B$22),""),"")) | AF13: =IF(ISBLANK($C13),"",IF(N13=Constants!$B$2,TRUE(),IF(N13=Constants!$B$3,FALSE(),TRUE()))) | AG13: =IF(ISBLANK($C13),"",IF(O13=Constants!$B$2,TRUE(),IF(O13=Constants!$B$3,FALSE(),TRUE()))) | AH13: =IF(ISBLANK($C13),"",IF(P13=Constants!$B$4,TRUE(),IF(P13=Constants!$B$5,FALSE(),COUNTA(Q13:S13)>0))) | AI13: =IF(ISBLANK($C13),"",IF(ISNUMBER(Q13),IF(Q13>=0,Q13,""),"")) | AJ13: =IF(ISBLANK($C13),"",IF(ISNUMBER(R13),IF(R13>=0,R13,""),"")) | AK13: =IF(ISBLANK($C13),"",IF(ISNUMBER(S13),IF(S13>=0,MIN(S13,Constants!$B$22),""),"")) | AL13: =IF(ISBLANK($C13),"",IF(T13=Constants!$B$2,TRUE(),IF(T13=Constants!$B$3,FALSE(),FALSE()))) | AM13: =IF(ISBLANK($C13),"",AND($AB13,OR($AC13="",$AD13="",AND(NOT(ISBLANK($M13)),$AE13="")))) | AN13: =IF($BD13<>Constants!$B$6,"",IF($AB13,Constants!$B$17*$AD13,Constants!$B$18)) | AO13: =IF($BD13<>Constants!$B$6,"",Constants!$B$19*IF($AB13,$AC13,0)) | AP13: =IF($BD13<>Constants!$B$6,"",IF(AND($AB13,ISNUMBER($AE13)),Constants!$B$20*(Constants!$B$21-$AE13),0)) | AQ13: =IF($BD13<>Constants!$B$6,"",IF($AA13,0,Constants!$B$12)+IF($Z13,0,Constants!$B$13)+IF($Y13,0,Constants!$B$14)) | AR13: =IF($BD13<>Constants!$B$6,"",Constants!$B$16+SUM($AN13:$AQ13)) | AS13: =IF($BD13<>Constants!$B$6,"",IF($AB13,$AD13,"")) | AT13: =IF($BD13<>Constants!$B$6,"",$AO13) | AU13: =IF($BD13<>Constants!$B$6,"",IF(OR($BA13<$AR13,AND($BA13=$AR13,OR(AND(ISNUMBER($BB13),OR(NOT(ISNUMBER($AS13)),$BB13<$AS13)),AND(OR(AND($BB13="",$AS13=""),AND(ISNUMBER($BB13),ISNUMBER($AS13),$BB13=$AS13)),$BC13<$AT13)))),"->","<-")) | AV13: =IF(ISBLANK($C13),"",AND($AH13,OR($AI13="",$AJ13="",AND(NOT(ISBLANK($S13)),$AK13="")))) | AW13: =IF($BD13<>Constants!$B$6,"",IF($AH13,Constants!$B$17*$AJ13,Constants!$B$18)) | AX13: =IF($BD13<>Constants!$B$6,"",Constants!$B$19*IF($AH13,$AI13,0)) | AY13: =IF($BD13<>Constants!$B$6,"",IF(AND($AH13,ISNUMBER($AK13)),Constants!$B$20*(Constants!$B$21-$AK13),0)) | AZ13: =IF($BD13<>Constants!$B$6,"",IF($AG13,0,Constants!$B$12)+IF($AF13,0,Constants!$B$13)+IF($Y13,0,Constants!$B$14)) | BA13: =IF($BD13<>Constants!$B$6,"",Constants!$B$16+SUM($AW13:$AZ13)) | BB13: =IF($BD13<>Constants!$B$6,"",IF($AH13,$AJ13,"")) | BC13: =IF($BD13<>Constants!$B$6,"",$AX13) | BD13: =IF(ISBLANK($C13),"",IF($AL13,Constants!$B$9,IF(COUNTA($E13:$T13)=0,Constants!$B$8,IF(NOT($X13),Constants!$B$7,IF(OR($AM13,$AV13),Constants!$B$10,Constants!$B$6))))) | BE13: =IF(ISBLANK($C13),"",IF($BD13<>Constants!$B$6,$BD13,Constants!$B$11)) | BF13: =IF($BD13<>Constants!$B$6,"",IF($AU13="->",$BA13,$AR13)) | BG13: =IF($BD13<>Constants!$B$6,"",IF($W13,0,Constants!$B$15)) | BH13: =IF(ISBLANK($C13),"",IF($BD13<>Constants!$B$6,$BD13,SUM($BF13:$BG13))) | BI13: =IF(ISBLANK($C13),"",IF($BD13<>Constants!$B$6,$BD13,RANK($BH13,$BH$9:$BH$508,1))) | BJ13: =IF($BD13<>Constants!$B$6,"",IF($AU13="->",$BB13,$AS13)) | BK13: =IF(ISBLANK($C13),"",IF($BD13<>Constants!$B$6,$BD13,IF(ISNUMBER($BJ13),RANK($BJ13,$BJ$9:$BJ$508,1),COUNT($BJ$9:$BJ$508)+1))) | BL13: =IF($BD13<>Constants!$B$6,"",IF($AU13="->",$BC13,$AT13)) | BM13: =IF(ISBLANK($C13),"",IF($BD13<>Constants!$B$6,$BD13,IF(ISNUMBER($BL13),RANK($BL13,$BL$9:$BL$508,1),COUNT($BL$9:$BL$508)+1))) | BN13: =IF($BD13<>Constants!$B$6,"",IF($AU13="->",$AS13,$BB13)) | BO13: =IF(ISBLANK($C13),"",IF($BD13<>Constants!$B$6,$BD13,IF(ISNUMBER($BN13),RANK($BN13,$BN$9:$BN$508,1),COUNT($BN$9:$BN$508)+1))) | BP13: =IF($BD13<>Constants!$B$6,"",IF($AU13="->",$AT13,$BC13)) | BQ13: =IF(ISBLANK($C13),"",IF($BD13<>Constants!$B$6,$BD13,IF(ISNUMBER($BP13),RANK($BP13,$BP$9:$BP$508,1),COUNT($BP$9:$BP$508)+1))) | BR13: =IF(ISBLANK($C13),"",IF($BD13<>Constants!$B$6,$BD13,COUNTIFS($BI$9:$BI$508,"<"&$BI13)+COUNTIFS($BI$9:$BI$508,$BI13,$BK$9:$BK$508,"<"&$BK13)+COUNTIFS($BI$9:$BI$508,$BI13,$BK$9:$BK$508,$BK13,$BM$9:$BM$508,"<"&$BM13)+COUNTIFS($BI$9:$BI$508,$BI13,$BK$9:$BK$508,$BK13,$BM$9:$BM$508,$BM13,$BO$9:$BO$508,"<"&$BO13)+COUNTIFS($BI$9:$BI$508,$BI13,$BK$9:$BK$508,$BK13,$BM$9:$BM$508,$BM13,$BO$9:$BO$508,$BO13,$BQ$9:$BQ$508,"<"&$BQ13)+1)) | BS13: =IF(ISBLANK($C13),"",IF($BD13<>Constants!$B$6,$BD13,$BI13-$BR13)) | BV13: =IF(ISBLANK($C13),"",IF($BD13<>Constants!$B$6,"",IF($AU13="->",2,1))) | BW13: =IF(ISBLANK($C13),"",IF($BD13<>Constants!$B$6,"",IF($AU13="->",$AW13,$AN13))) | BX13: =IF(ISBLANK($C13),"",IF($BD13<>Constants!$B$6,"",IF($AU13="->",$AX13,$AO13))) | BY13: =IF(ISBLANK($C13),"",IF($BD13<>Constants!$B$6,"",IF($AU13="->",$AY13,$AP13))) | BZ13: =IF(ISBLANK($C13),"",IF($BD13<>Constants!$B$6,"",IF($AU13="->",$AZ13,$AQ13)+$BG13)) | CA13: =IF(ISBLANK($C13),"",IF($BD13<>Constants!$B$6,$BD13,$BH13)) | CB13: =IF(ISBLANK($C13),"",$BE13) | CC13: =IF(ISBLANK($C13),"",$BS13) | CD13: =IF(ISBLANK($C13),"",$BR13) | CE13: =IF(ISBLANK($C13),"",IF($CD13=Constants!$B$9,COUNTA($C$9:$C$508)+2,IF($CD13=Constants!$B$8,COUNTA($C$9:$C$508)+1,IF($CD13=Constants!$B$7,COUNTA($C$9:$C$508),$CD13)))) | CG13: =IF(OR(ISNUMBER($CD13),$CD13=Constants!$B$9,$CD13=Constants!$B$7,$CD13=Constants!$B$8),1,0) -> 0 | CH13: 5 | CI13: =IF(ISBLANK($C13),"",IF(ISNUMBER($CE13),$CE13+ROW($B13)/1000,"")) | CJ13: =IF(ISNUMBER($CI13),RANK($CI13,$CI$9:$CI$508,1),"") | CK13: =IF(ISBLANK($C13),"",$B13) | CL13: =IF(ISBLANK($C13),"",$C13) | CM13: =IF(ISBLANK($C13),"",$D13) | CN13: =$CB13 | CO13: =$CA13 | CP13: =IF(ISBLANK($C13),"",$CD13) | CQ13: =IF($CH13>$CG$8,"",VLOOKUP($CH13,$CJ$9:$CP$508,7,FALSE())) | CR13: =IF($CH13>$CG$8,"",VLOOKUP($CH13,$CJ$9:$CP$508,2,FALSE())) | CS13: =IF($CH13>$CG$8,"",VLOOKUP($CH13,$CJ$9:$CP$508,3,FALSE())) | CT13: =IF($CH13>$CG$8,"",VLOOKUP($CH13,$CJ$9:$CP$508,4,FALSE())) | CU13: =IF($CH13>$CG$8,"",VLOOKUP($CH13,$CJ$9:$CP$508,5,FALSE())) | CV13: =IF($CH13>$CG$8,"",VLOOKUP($CH13,$CJ$9:$CP$508,6,FALSE()))
W14: =IF(ISBLANK($C14),"",IF(E14=Constants!$B$2,TRUE(),IF(E14=Constants!$B$3,FALSE(),TRUE()))) | X14: =IF(ISBLANK($C14),"",IF(F14=Constants!$B$2,TRUE(),IF(F14=Constants!$B$3,FALSE(),TRUE()))) | Y14: =IF(ISBLANK($C14),"",IF(G14=Constants!$B$2,TRUE(),IF(G14=Constants!$B$3,FALSE(),TRUE()))) | Z14: =IF(ISBLANK($C14),"",IF(H14=Constants!$B$2,TRUE(),IF(H14=Constants!$B$3,FALSE(),TRUE()))) | AA14: =IF(ISBLANK($C14),"",IF(I14=Constants!$B$2,TRUE(),IF(I14=Constants!$B$3,FALSE(),TRUE()))) | AB14: =IF(ISBLANK($C14),"",IF(J14=Constants!$B$4,TRUE(),IF(J14=Constants!$B$5,FALSE(),COUNTA(K14:M14)>0))) | AC14: =IF(ISBLANK($C14),"",IF(ISNUMBER(K14),IF(K14>=0,K14,""),"")) | AD14: =IF(ISBLANK($C14),"",IF(ISNUMBER(L14),IF(L14>=0,L14,""),"")) | AE14: =IF(ISBLANK($C14),"",IF(ISNUMBER(M14),IF(M14>=0,MIN(M14,Constants!$B$22),""),"")) | AF14: =IF(ISBLANK($C14),"",IF(N14=Constants!$B$2,TRUE(),IF(N14=Constants!$B$3,FALSE(),TRUE()))) | AG14: =IF(ISBLANK($C14),"",IF(O14=Constants!$B$2,TRUE(),IF(O14=Constants!$B$3,FALSE(),TRUE()))) | AH14: =IF(ISBLANK($C14),"",IF(P14=Constants!$B$4,TRUE(),IF(P14=Constants!$B$5,FALSE(),COUNTA(Q14:S14)>0))) | AI14: =IF(ISBLANK($C14),"",IF(ISNUMBER(Q14),IF(Q14>=0,Q14,""),"")) | AJ14: =IF(ISBLANK($C14),"",IF(ISNUMBER(R14),IF(R14>=0,R14,""),"")) | AK14: =IF(ISBLANK($C14),"",IF(ISNUMBER(S14),IF(S14>=0,MIN(S14,Constants!$B$22),""),"")) | AL14: =IF(ISBLANK($C14),"",IF(T14=Constants!$B$2,TRUE(),IF(T14=Constants!$B$3,FALSE(),FALSE()))) | AM14: =IF(ISBLANK($C14),"",AND($AB14,OR($AC14="",$AD14="",AND(NOT(ISBLANK($M14)),$AE14="")))) | AN14: =IF($BD14<>Constants!$B$6,"",IF($AB14,Constants!$B$17*$AD14,Constants!$B$18)) | AO14: =IF($BD14<>Constants!$B$6,"",Constants!$B$19*IF($AB14,$AC14,0)) | AP14: =IF($BD14<>Constants!$B$6,"",IF(AND($AB14,ISNUMBER($AE14)),Constants!$B$20*(Constants!$B$21-$AE14),0)) | AQ14: =IF($BD14<>Constants!$B$6,"",IF($AA14,0,Constants!$B$12)+IF($Z14,0,Constants!$B$13)+IF($Y14,0,Constants!$B$14)) | AR14: =IF($BD14<>Constants!$B$6,"",Constants!$B$16+SUM($AN14:$AQ14)) | AS14: =IF($BD14<>Constants!$B$6,"",IF($AB14,$AD14,"")) | AT14: =IF($BD14<>Constants!$B$6,"",$AO14) | AU14: =IF($BD14<>Constants!$B$6,"",IF(OR($BA14<$AR14,AND($BA14=$AR14,OR(AND(ISNUMBER($BB14),OR(NOT(ISNUMBER($AS14)),$BB14<$AS14)),AND(OR(AND($BB14="",$AS14=""),AND(ISNUMBER($BB14),ISNUMBER($AS14),$BB14=$AS14)),$BC14<$AT14)))),"->","<-")) | AV14: =IF(ISBLANK($C14),"",AND($AH14,OR($AI14="",$AJ14="",AND(NOT(ISBLANK($S14)),$AK14="")))) | AW14: =IF($BD14<>Constants!$B$6,"",IF($AH14,Constants!$B$17*$AJ14,Constants!$B$18)) | AX14: =IF($BD14<>Constants!$B$6,"",Constants!$B$19*IF($AH14,$AI14,0)) | AY14: =IF($BD14<>Constants!$B$6,"",IF(AND($AH14,ISNUMBER($AK14)),Constants!$B$20*(Constants!$B$21-$AK14),0)) | AZ14: =IF($BD14<>Constants!$B$6,"",IF($AG14,0,Constants!$B$12)+IF($AF14,0,Constants!$B$13)+IF($Y14,0,Constants!$B$14)) | BA14: =IF($BD14<>Constants!$B$6,"",Constants!$B$16+SUM($AW14:$AZ14)) | BB14: =IF($BD14<>Constants!$B$6,"",IF($AH14,$AJ14,"")) | BC14: =IF($BD14<>Constants!$B$6,"",$AX14) | BD14: =IF(ISBLANK($C14),"",IF($AL14,Constants!$B$9,IF(COUNTA($E14:$T14)=0,Constants!$B$8,IF(NOT($X14),Constants!$B$7,IF(OR($AM14,$AV14),Constants!$B$10,Constants!$B$6))))) | BE14: =IF(ISBLANK($C14),"",IF($BD14<>Constants!$B$6,$BD14,Constants!$B$11)) | BF14: =IF($BD14<>Constants!$B$6,"",IF($AU14="->",$BA14,$AR14)) | BG14: =IF($BD14<>Constants!$B$6,"",IF($W14,0,Constants!$B$15)) | BH14: =IF(ISBLANK($C14),"",IF($BD14<>Constants!$B$6,$BD14,SUM($BF14:$BG14))) | BI14: =IF(ISBLANK($C14),"",IF($BD14<>Constants!$B$6,$BD14,RANK($BH14,$BH$9:$BH$508,1))) | BJ14: =IF($BD14<>Constants!$B$6,"",IF($AU14="->",$BB14,$AS14)) | BK14: =IF(ISBLANK($C14),"",IF($BD14<>Constants!$B$6,$BD14,IF(ISNUMBER($BJ14),RANK($BJ14,$BJ$9:$BJ$508,1),COUNT($BJ$9:$BJ$508)+1))) | BL14: =IF($BD14<>Constants!$B$6,"",IF($AU14="->",$BC14,$AT14)) | BM14: =IF(ISBLANK($C14),"",IF($BD14<>Constants!$B$6,$BD14,IF(ISNUMBER($BL14),RANK($BL14,$BL$9:$BL$508,1),COUNT($BL$9:$BL$508)+1))) | BN14: =IF($BD14<>Constants!$B$6,"",IF($AU14="->",$AS14,$BB14)) | BO14: =IF(ISBLANK($C14),"",IF($BD14<>Constants!$B$6,$BD14,IF(ISNUMBER($BN14),RANK($BN14,$BN$9:$BN$508,1),COUNT($BN$9:$BN$508)+1))) | BP14: =IF($BD14<>Constants!$B$6,"",IF($AU14="->",$AT14,$BC14)) | BQ14: =IF(ISBLANK($C14),"",IF($BD14<>Constants!$B$6,$BD14,IF(ISNUMBER($BP14),RANK($BP14,$BP$9:$BP$508,1),COUNT($BP$9:$BP$508)+1))) | BR14: =IF(ISBLANK($C14),"",IF($BD14<>Constants!$B$6,$BD14,COUNTIFS($BI$9:$BI$508,"<"&$BI14)+COUNTIFS($BI$9:$BI$508,$BI14,$BK$9:$BK$508,"<"&$BK14)+COUNTIFS($BI$9:$BI$508,$BI14,$BK$9:$BK$508,$BK14,$BM$9:$BM$508,"<"&$BM14)+COUNTIFS($BI$9:$BI$508,$BI14,$BK$9:$BK$508,$BK14,$BM$9:$BM$508,$BM14,$BO$9:$BO$508,"<"&$BO14)+COUNTIFS($BI$9:$BI$508,$BI14,$BK$9:$BK$508,$BK14,$BM$9:$BM$508,$BM14,$BO$9:$BO$508,$BO14,$BQ$9:$BQ$508,"<"&$BQ14)+1)) | BS14: =IF(ISBLANK($C14),"",IF($BD14<>Constants!$B$6,$BD14,$BI14-$BR14)) | BV14: =IF(ISBLANK($C14),"",IF($BD14<>Constants!$B$6,"",IF($AU14="->",2,1))) | BW14: =IF(ISBLANK($C14),"",IF($BD14<>Constants!$B$6,"",IF($AU14="->",$AW14,$AN14))) | BX14: =IF(ISBLANK($C14),"",IF($BD14<>Constants!$B$6,"",IF($AU14="->",$AX14,$AO14))) | BY14: =IF(ISBLANK($C14),"",IF($BD14<>Constants!$B$6,"",IF($AU14="->",$AY14,$AP14))) | BZ14: =IF(ISBLANK($C14),"",IF($BD14<>Constants!$B$6,"",IF($AU14="->",$AZ14,$AQ14)+$BG14)) | CA14: =IF(ISBLANK($C14),"",IF($BD14<>Constants!$B$6,$BD14,$BH14)) | CB14: =IF(ISBLANK($C14),"",$BE14) | CC14: =IF(ISBLANK($C14),"",$BS14) | CD14: =IF(ISBLANK($C14),"",$BR14) | CE14: =IF(ISBLANK($C14),"",IF($CD14=Constants!$B$9,COUNTA($C$9:$C$508)+2,IF($CD14=Constants!$B$8,COUNTA($C$9:$C$508)+1,IF($CD14=Constants!$B$7,COUNTA($C$9:$C$508),$CD14)))) | CG14: =IF(OR(ISNUMBER($CD14),$CD14=Constants!$B$9,$CD14=Constants!$B$7,$CD14=Constants!$B$8),1,0) -> 0 | CH14: 6 | CI14: =IF(ISBLANK($C14),"",IF(ISNUMBER($CE14),$CE14+ROW($B14)/1000,"")) | CJ14: =IF(ISNUMBER($CI14),RANK($CI14,$CI$9:$CI$508,1),"") | CK14: =IF(ISBLANK($C14),"",$B14) | CL14: =IF(ISBLANK($C14),"",$C14) | CM14: =IF(ISBLANK($C14),"",$D14) | CN14: =$CB14 | CO14: =$CA14 | CP14: =IF(ISBLANK($C14),"",$CD14) | CQ14: =IF($CH14>$CG$8,"",VLOOKUP($CH14,$CJ$9:$CP$508,7,FALSE())) | CR14: =IF($CH14>$CG$8,"",VLOOKUP($CH14,$CJ$9:$CP$508,2,FALSE())) | CS14: =IF($CH14>$CG$8,"",VLOOKUP($CH14,$CJ$9:$CP$508,3,FALSE())) | CT14: =IF($CH14>$CG$8,"",VLOOKUP($CH14,$CJ$9:$CP$508,4,FALSE())) | CU14: =IF($CH14>$CG$8,"",VLOOKUP($CH14,$CJ$9:$CP$508,5,FALSE())) | CV14: =IF($CH14>$CG$8,"",VLOOKUP($CH14,$CJ$9:$CP$508,6,FALSE()))
W15: =IF(ISBLANK($C15),"",IF(E15=Constants!$B$2,TRUE(),IF(E15=Constants!$B$3,FALSE(),TRUE()))) | X15: =IF(ISBLANK($C15),"",IF(F15=Constants!$B$2,TRUE(),IF(F15=Constants!$B$3,FALSE(),TRUE()))) | Y15: =IF(ISBLANK($C15),"",IF(G15=Constants!$B$2,TRUE(),IF(G15=Constants!$B$3,FALSE(),TRUE()))) | Z15: =IF(ISBLANK($C15),"",IF(H15=Constants!$B$2,TRUE(),IF(H15=Constants!$B$3,FALSE(),TRUE()))) | AA15: =IF(ISBLANK($C15),"",IF(I15=Constants!$B$2,TRUE(),IF(I15=Constants!$B$3,FALSE(),TRUE()))) | AB15: =IF(ISBLANK($C15),"",IF(J15=Constants!$B$4,TRUE(),IF(J15=Constants!$B$5,FALSE(),COUNTA(K15:M15)>0))) | AC15: =IF(ISBLANK($C15),"",IF(ISNUMBER(K15),IF(K15>=0,K15,""),"")) | AD15: =IF(ISBLANK($C15),"",IF(ISNUMBER(L15),IF(L15>=0,L15,""),"")) | AE15: =IF(ISBLANK($C15),"",IF(ISNUMBER(M15),IF(M15>=0,MIN(M15,Constants!$B$22),""),"")) | AF15: =IF(ISBLANK($C15),"",IF(N15=Constants!$B$2,TRUE(),IF(N15=Constants!$B$3,FALSE(),TRUE()))) | AG15: =IF(ISBLANK($C15),"",IF(O15=Constants!$B$2,TRUE(),IF(O15=Constants!$B$3,FALSE(),TRUE()))) | AH15: =IF(ISBLANK($C15),"",IF(P15=Constants!$B$4,TRUE(),IF(P15=Constants!$B$5,FALSE(),COUNTA(Q15:S15)>0))) | AI15: =IF(ISBLANK($C15),"",IF(ISNUMBER(Q15),IF(Q15>=0,Q15,""),"")) | AJ15: =IF(ISBLANK($C15),"",IF(ISNUMBER(R15),IF(R15>=0,R15,""),"")) | AK15: =IF(ISBLANK($C15),"",IF(ISNUMBER(S15),IF(S15>=0,MIN(S15,Constants!$B$22),""),"")) | AL15: =IF(ISBLANK($C15),"",IF(T15=Constants!$B$2,TRUE(),IF(T15=Constants!$B$3,FALSE(),FALSE()))) | AM15: =IF(ISBLANK($C15),"",AND($AB15,OR($AC15="",$AD15="",AND(NOT(ISBLANK($M15)),$AE15="")))) | AN15: =IF($BD15<>Constants!$B$6,"",IF($AB15,Constants!$B$17*$AD15,Constants!$B$18)) | AO15: =IF($BD15<>Constants!$B$6,"",Constants!$B$19*IF($AB15,$AC15,0)) | AP15: =IF($BD15<>Constants!$B$6,"",IF(AND($AB15,ISNUMBER($AE15)),Constants!$B$20*(Constants!$B$21-$AE15),0)) | AQ15: =IF($BD15<>Constants!$B$6,"",IF($AA15,0,Constants!$B$12)+IF($Z15,0,Constants!$B$13)+IF($Y15,0,Constants!$B$14)) | AR15: =IF($BD15<>Constants!$B$6,"",Constants!$B$16+SUM($AN15:$AQ15)) | AS15: =IF($BD15<>Constants!$B$6,"",IF($AB15,$AD15,"")) | AT15: =IF($BD15<>Constants!$B$6,"",$AO15) | AU15: =IF($BD15<>Constants!$B$6,"",IF(OR($BA15<$AR15,AND($BA15=$AR15,OR(AND(ISNUMBER($BB15),OR(NOT(ISNUMBER($AS15)),$BB15<$AS15)),AND(OR(AND($BB15="",$AS15=""),AND(ISNUMBER($BB15),ISNUMBER($AS15),$BB15=$AS15)),$BC15<$AT15)))),"->","<-")) | AV15: =IF(ISBLANK($C15),"",AND($AH15,OR($AI15="",$AJ15="",AND(NOT(ISBLANK($S15)),$AK15="")))) | AW15: =IF($BD15<>Constants!$B$6,"",IF($AH15,Constants!$B$17*$AJ15,Constants!$B$18)) | AX15: =IF($BD15<>Constants!$B$6,"",Constants!$B$19*IF($AH15,$AI15,0)) | AY15: =IF($BD15<>Constants!$B$6,"",IF(AND($AH15,ISNUMBER($AK15)),Constants!$B$20*(Constants!$B$21-$AK15),0)) | AZ15: =IF($BD15<>Constants!$B$6,"",IF($AG15,0,Constants!$B$12)+IF($AF15,0,Constants!$B$13)+IF($Y15,0,Constants!$B$14)) | BA15: =IF($BD15<>Constants!$B$6,"",Constants!$B$16+SUM($AW15:$AZ15)) | BB15: =IF($BD15<>Constants!$B$6,"",IF($AH15,$AJ15,"")) | BC15: =IF($BD15<>Constants!$B$6,"",$AX15) | BD15: =IF(ISBLANK($C15),"",IF($AL15,Constants!$B$9,IF(COUNTA($E15:$T15)=0,Constants!$B$8,IF(NOT($X15),Constants!$B$7,IF(OR($AM15,$AV15),Constants!$B$10,Constants!$B$6))))) | BE15: =IF(ISBLANK($C15),"",IF($BD15<>Constants!$B$6,$BD15,Constants!$B$11)) | BF15: =IF($BD15<>Constants!$B$6,"",IF($AU15="->",$BA15,$AR15)) | BG15: =IF($BD15<>Constants!$B$6,"",IF($W15,0,Constants!$B$15)) | BH15: =IF(ISBLANK($C15),"",IF($BD15<>Constants!$B$6,$BD15,SUM($BF15:$BG15))) | BI15: =IF(ISBLANK($C15),"",IF($BD15<>Constants!$B$6,$BD15,RANK($BH15,$BH$9:$BH$508,1))) | BJ15: =IF($BD15<>Constants!$B$6,"",IF($AU15="->",$BB15,$AS15)) | BK15: =IF(ISBLANK($C15),"",IF($BD15<>Constants!$B$6,$BD15,IF(ISNUMBER($BJ15),RANK($BJ15,$BJ$9:$BJ$508,1),COUNT($BJ$9:$BJ$508)+1))) | BL15: =IF($BD15<>Constants!$B$6,"",IF($AU15="->",$BC15,$AT15)) | BM15: =IF(ISBLANK($C15),"",IF($BD15<>Constants!$B$6,$BD15,IF(ISNUMBER($BL15),RANK($BL15,$BL$9:$BL$508,1),COUNT($BL$9:$BL$508)+1))) | BN15: =IF($BD15<>Constants!$B$6,"",IF($AU15="->",$AS15,$BB15)) | BO15: =IF(ISBLANK($C15),"",IF($BD15<>Constants!$B$6,$BD15,IF(ISNUMBER($BN15),RANK($BN15,$BN$9:$BN$508,1),COUNT($BN$9:$BN$508)+1))) | BP15: =IF($BD15<>Constants!$B$6,"",IF($AU15="->",$AT15,$BC15)) | BQ15: =IF(ISBLANK($C15),"",IF($BD15<>Constants!$B$6,$BD15,IF(ISNUMBER($BP15),RANK($BP15,$BP$9:$BP$508,1),COUNT($BP$9:$BP$508)+1))) | BR15: =IF(ISBLANK($C15),"",IF($BD15<>Constants!$B$6,$BD15,COUNTIFS($BI$9:$BI$508,"<"&$BI15)+COUNTIFS($BI$9:$BI$508,$BI15,$BK$9:$BK$508,"<"&$BK15)+COUNTIFS($BI$9:$BI$508,$BI15,$BK$9:$BK$508,$BK15,$BM$9:$BM$508,"<"&$BM15)+COUNTIFS($BI$9:$BI$508,$BI15,$BK$9:$BK$508,$BK15,$BM$9:$BM$508,$BM15,$BO$9:$BO$508,"<"&$BO15)+COUNTIFS($BI$9:$BI$508,$BI15,$BK$9:$BK$508,$BK15,$BM$9:$BM$508,$BM15,$BO$9:$BO$508,$BO15,$BQ$9:$BQ$508,"<"&$BQ15)+1)) | BS15: =IF(ISBLANK($C15),"",IF($BD15<>Constants!$B$6,$BD15,$BI15-$BR15)) | BV15: =IF(ISBLANK($C15),"",IF($BD15<>Constants!$B$6,"",IF($AU15="->",2,1))) | BW15: =IF(ISBLANK($C15),"",IF($BD15<>Constants!$B$6,"",IF($AU15="->",$AW15,$AN15))) | BX15: =IF(ISBLANK($C15),"",IF($BD15<>Constants!$B$6,"",IF($AU15="->",$AX15,$AO15))) | BY15: =IF(ISBLANK($C15),"",IF($BD15<>Constants!$B$6,"",IF($AU15="->",$AY15,$AP15))) | BZ15: =IF(ISBLANK($C15),"",IF($BD15<>Constants!$B$6,"",IF($AU15="->",$AZ15,$AQ15)+$BG15)) | CA15: =IF(ISBLANK($C15),"",IF($BD15<>Constants!$B$6,$BD15,$BH15)) | CB15: =IF(ISBLANK($C15),"",$BE15) | CC15: =IF(ISBLANK($C15),"",$BS15) | CD15: =IF(ISBLANK($C15),"",$BR15) | CE15: =IF(ISBLANK($C15),"",IF($CD15=Constants!$B$9,COUNTA($C$9:$C$508)+2,IF($CD15=Constants!$B$8,COUNTA($C$9:$C$508)+1,IF($CD15=Constants!$B$7,COUNTA($C$9:$C$508),$CD15)))) | CG15: =IF(OR(ISNUMBER($CD15),$CD15=Constants!$B$9,$CD15=Constants!$B$7,$CD15=Constants!$B$8),1,0) -> 0 | CH15: 7 | CI15: =IF(ISBLANK($C15),"",IF(ISNUMBER($CE15),$CE15+ROW($B15)/1000,"")) | CJ15: =IF(ISNUMBER($CI15),RANK($CI15,$CI$9:$CI$508,1),"") | CK15: =IF(ISBLANK($C15),"",$B15) | CL15: =IF(ISBLANK($C15),"",$C15) | CM15: =IF(ISBLANK($C15),"",$D15) | CN15: =$CB15 | CO15: =$CA15 | CP15: =IF(ISBLANK($C15),"",$CD15) | CQ15: =IF($CH15>$CG$8,"",VLOOKUP($CH15,$CJ$9:$CP$508,7,FALSE())) | CR15: =IF($CH15>$CG$8,"",VLOOKUP($CH15,$CJ$9:$CP$508,2,FALSE())) | CS15: =IF($CH15>$CG$8,"",VLOOKUP($CH15,$CJ$9:$CP$508,3,FALSE())) | CT15: =IF($CH15>$CG$8,"",VLOOKUP($CH15,$CJ$9:$CP$508,4,FALSE())) | CU15: =IF($CH15>$CG$8,"",VLOOKUP($CH15,$CJ$9:$CP$508,5,FALSE())) | CV15: =IF($CH15>$CG$8,"",VLOOKUP($CH15,$CJ$9:$CP$508,6,FALSE()))
W16: =IF(ISBLANK($C16),"",IF(E16=Constants!$B$2,TRUE(),IF(E16=Constants!$B$3,FALSE(),TRUE()))) | X16: =IF(ISBLANK($C16),"",IF(F16=Constants!$B$2,TRUE(),IF(F16=Constants!$B$3,FALSE(),TRUE()))) | Y16: =IF(ISBLANK($C16),"",IF(G16=Constants!$B$2,TRUE(),IF(G16=Constants!$B$3,FALSE(),TRUE()))) | Z16: =IF(ISBLANK($C16),"",IF(H16=Constants!$B$2,TRUE(),IF(H16=Constants!$B$3,FALSE(),TRUE()))) | AA16: =IF(ISBLANK($C16),"",IF(I16=Constants!$B$2,TRUE(),IF(I16=Constants!$B$3,FALSE(),TRUE()))) | AB16: =IF(ISBLANK($C16),"",IF(J16=Constants!$B$4,TRUE(),IF(J16=Constants!$B$5,FALSE(),COUNTA(K16:M16)>0))) | AC16: =IF(ISBLANK($C16),"",IF(ISNUMBER(K16),IF(K16>=0,K16,""),"")) | AD16: =IF(ISBLANK($C16),"",IF(ISNUMBER(L16),IF(L16>=0,L16,""),"")) | AE16: =IF(ISBLANK($C16),"",IF(ISNUMBER(M16),IF(M16>=0,MIN(M16,Constants!$B$22),""),"")) | AF16: =IF(ISBLANK($C16),"",IF(N16=Constants!$B$2,TRUE(),IF(N16=Constants!$B$3,FALSE(),TRUE()))) | AG16: =IF(ISBLANK($C16),"",IF(O16=Constants!$B$2,TRUE(),IF(O16=Constants!$B$3,FALSE(),TRUE()))) | AH16: =IF(ISBLANK($C16),"",IF(P16=Constants!$B$4,TRUE(),IF(P16=Constants!$B$5,FALSE(),COUNTA(Q16:S16)>0))) | AI16: =IF(ISBLANK($C16),"",IF(ISNUMBER(Q16),IF(Q16>=0,Q16,""),"")) | AJ16: =IF(ISBLANK($C16),"",IF(ISNUMBER(R16),IF(R16>=0,R16,""),"")) | AK16: =IF(ISBLANK($C16),"",IF(ISNUMBER(S16),IF(S16>=0,MIN(S16,Constants!$B$22),""),"")) | AL16: =IF(ISBLANK($C16),"",IF(T16=Constants!$B$2,TRUE(),IF(T16=Constants!$B$3,FALSE(),FALSE()))) | AM16: =IF(ISBLANK($C16),"",AND($AB16,OR($AC16="",$AD16="",AND(NOT(ISBLANK($M16)),$AE16="")))) | AN16: =IF($BD16<>Constants!$B$6,"",IF($AB16,Constants!$B$17*$AD16,Constants!$B$18)) | AO16: =IF($BD16<>Constants!$B$6,"",Constants!$B$19*IF($AB16,$AC16,0)) | AP16: =IF($BD16<>Constants!$B$6,"",IF(AND($AB16,ISNUMBER($AE16)),Constants!$B$20*(Constants!$B$21-$AE16),0)) | AQ16: =IF($BD16<>Constants!$B$6,"",IF($AA16,0,Constants!$B$12)+IF($Z16,0,Constants!$B$13)+IF($Y16,0,Constants!$B$14)) | AR16: =IF($BD16<>Constants!$B$6,"",Constants!$B$16+SUM($AN16:$AQ16)) | AS16: =IF($BD16<>Constants!$B$6,"",IF($AB16,$AD16,"")) | AT16: =IF($BD16<>Constants!$B$6,"",$AO16) | AU16: =IF($BD16<>Constants!$B$6,"",IF(OR($BA16<$AR16,AND($BA16=$AR16,OR(AND(ISNUMBER($BB16),OR(NOT(ISNUMBER($AS16)),$BB16<$AS16)),AND(OR(AND($BB16="",$AS16=""),AND(ISNUMBER($BB16),ISNUMBER($AS16),$BB16=$AS16)),$BC16<$AT16)))),"->","<-")) | AV16: =IF(ISBLANK($C16),"",AND($AH16,OR($AI16="",$AJ16="",AND(NOT(ISBLANK($S16)),$AK16="")))) | AW16: =IF($BD16<>Constants!$B$6,"",IF($AH16,Constants!$B$17*$AJ16,Constants!$B$18)) | AX16: =IF($BD16<>Constants!$B$6,"",Constants!$B$19*IF($AH16,$AI16,0)) | AY16: =IF($BD16<>Constants!$B$6,"",IF(AND($AH16,ISNUMBER($AK16)),Constants!$B$20*(Constants!$B$21-$AK16),0)) | AZ16: =IF($BD16<>Constants!$B$6,"",IF($AG16,0,Constants!$B$12)+IF($AF16,0,Constants!$B$13)+IF($Y16,0,Constants!$B$14)) | BA16: =IF($BD16<>Constants!$B$6,"",Constants!$B$16+SUM($AW16:$AZ16)) | BB16: =IF($BD16<>Constants!$B$6,"",IF($AH16,$AJ16,"")) | BC16: =IF($BD16<>Constants!$B$6,"",$AX16) | BD16: =IF(ISBLANK($C16),"",IF($AL16,Constants!$B$9,IF(COUNTA($E16:$T16)=0,Constants!$B$8,IF(NOT($X16),Constants!$B$7,IF(OR($AM16,$AV16),Constants!$B$10,Constants!$B$6))))) | BE16: =IF(ISBLANK($C16),"",IF($BD16<>Constants!$B$6,$BD16,Constants!$B$11)) | BF16: =IF($BD16<>Constants!$B$6,"",IF($AU16="->",$BA16,$AR16)) | BG16: =IF($BD16<>Constants!$B$6,"",IF($W16,0,Constants!$B$15)) | BH16: =IF(ISBLANK($C16),"",IF($BD16<>Constants!$B$6,$BD16,SUM($BF16:$BG16))) | BI16: =IF(ISBLANK($C16),"",IF($BD16<>Constants!$B$6,$BD16,RANK($BH16,$BH$9:$BH$508,1))) | BJ16: =IF($BD16<>Constants!$B$6,"",IF($AU16="->",$BB16,$AS16)) | BK16: =IF(ISBLANK($C16),"",IF($BD16<>Constants!$B$6,$BD16,IF(ISNUMBER($BJ16),RANK($BJ16,$BJ$9:$BJ$508,1),COUNT($BJ$9:$BJ$508)+1))) | BL16: =IF($BD16<>Constants!$B$6,"",IF($AU16="->",$BC16,$AT16)) | BM16: =IF(ISBLANK($C16),"",IF($BD16<>Constants!$B$6,$BD16,IF(ISNUMBER($BL16),RANK($BL16,$BL$9:$BL$508,1),COUNT($BL$9:$BL$508)+1))) | BN16: =IF($BD16<>Constants!$B$6,"",IF($AU16="->",$AS16,$BB16)) | BO16: =IF(ISBLANK($C16),"",IF($BD16<>Constants!$B$6,$BD16,IF(ISNUMBER($BN16),RANK($BN16,$BN$9:$BN$508,1),COUNT($BN$9:$BN$508)+1))) | BP16: =IF($BD16<>Constants!$B$6,"",IF($AU16="->",$AT16,$BC16)) | BQ16: =IF(ISBLANK($C16),"",IF($BD16<>Constants!$B$6,$BD16,IF(ISNUMBER($BP16),RANK($BP16,$BP$9:$BP$508,1),COUNT($BP$9:$BP$508)+1))) | BR16: =IF(ISBLANK($C16),"",IF($BD16<>Constants!$B$6,$BD16,COUNTIFS($BI$9:$BI$508,"<"&$BI16)+COUNTIFS($BI$9:$BI$508,$BI16,$BK$9:$BK$508,"<"&$BK16)+COUNTIFS($BI$9:$BI$508,$BI16,$BK$9:$BK$508,$BK16,$BM$9:$BM$508,"<"&$BM16)+COUNTIFS($BI$9:$BI$508,$BI16,$BK$9:$BK$508,$BK16,$BM$9:$BM$508,$BM16,$BO$9:$BO$508,"<"&$BO16)+COUNTIFS($BI$9:$BI$508,$BI16,$BK$9:$BK$508,$BK16,$BM$9:$BM$508,$BM16,$BO$9:$BO$508,$BO16,$BQ$9:$BQ$508,"<"&$BQ16)+1)) | BS16: =IF(ISBLANK($C16),"",IF($BD16<>Constants!$B$6,$BD16,$BI16-$BR16)) | BV16: =IF(ISBLANK($C16),"",IF($BD16<>Constants!$B$6,"",IF($AU16="->",2,1))) | BW16: =IF(ISBLANK($C16),"",IF($BD16<>Constants!$B$6,"",IF($AU16="->",$AW16,$AN16))) | BX16: =IF(ISBLANK($C16),"",IF($BD16<>Constants!$B$6,"",IF($AU16="->",$AX16,$AO16))) | BY16: =IF(ISBLANK($C16),"",IF($BD16<>Constants!$B$6,"",IF($AU16="->",$AY16,$AP16))) | BZ16: =IF(ISBLANK($C16),"",IF($BD16<>Constants!$B$6,"",IF($AU16="->",$AZ16,$AQ16)+$BG16)) | CA16: =IF(ISBLANK($C16),"",IF($BD16<>Constants!$B$6,$BD16,$BH16)) | CB16: =IF(ISBLANK($C16),"",$BE16) | CC16: =IF(ISBLANK($C16),"",$BS16) | CD16: =IF(ISBLANK($C16),"",$BR16) | CE16: =IF(ISBLANK($C16),"",IF($CD16=Constants!$B$9,COUNTA($C$9:$C$508)+2,IF($CD16=Constants!$B$8,COUNTA($C$9:$C$508)+1,IF($CD16=Constants!$B$7,COUNTA($C$9:$C$508),$CD16)))) | CG16: =IF(OR(ISNUMBER($CD16),$CD16=Constants!$B$9,$CD16=Constants!$B$7,$CD16=Constants!$B$8),1,0) -> 0 | CH16: 8 | CI16: =IF(ISBLANK($C16),"",IF(ISNUMBER($CE16),$CE16+ROW($B16)/1000,"")) | CJ16: =IF(ISNUMBER($CI16),RANK($CI16,$CI$9:$CI$508,1),"") | CK16: =IF(ISBLANK($C16),"",$B16) | CL16: =IF(ISBLANK($C16),"",$C16) | CM16: =IF(ISBLANK($C16),"",$D16) | CN16: =$CB16 | CO16: =$CA16 | CP16: =IF(ISBLANK($C16),"",$CD16) | CQ16: =IF($CH16>$CG$8,"",VLOOKUP($CH16,$CJ$9:$CP$508,7,FALSE())) | CR16: =IF($CH16>$CG$8,"",VLOOKUP($CH16,$CJ$9:$CP$508,2,FALSE())) | CS16: =IF($CH16>$CG$8,"",VLOOKUP($CH16,$CJ$9:$CP$508,3,FALSE())) | CT16: =IF($CH16>$CG$8,"",VLOOKUP($CH16,$CJ$9:$CP$508,4,FALSE())) | CU16: =IF($CH16>$CG$8,"",VLOOKUP($CH16,$CJ$9:$CP$508,5,FALSE())) | CV16: =IF($CH16>$CG$8,"",VLOOKUP($CH16,$CJ$9:$CP$508,6,FALSE()))
W17: =IF(ISBLANK($C17),"",IF(E17=Constants!$B$2,TRUE(),IF(E17=Constants!$B$3,FALSE(),TRUE()))) | X17: =IF(ISBLANK($C17),"",IF(F17=Constants!$B$2,TRUE(),IF(F17=Constants!$B$3,FALSE(),TRUE()))) | Y17: =IF(ISBLANK($C17),"",IF(G17=Constants!$B$2,TRUE(),IF(G17=Constants!$B$3,FALSE(),TRUE()))) | Z17: =IF(ISBLANK($C17),"",IF(H17=Constants!$B$2,TRUE(),IF(H17=Constants!$B$3,FALSE(),TRUE()))) | AA17: =IF(ISBLANK($C17),"",IF(I17=Constants!$B$2,TRUE(),IF(I17=Constants!$B$3,FALSE(),TRUE()))) | AB17: =IF(ISBLANK($C17),"",IF(J17=Constants!$B$4,TRUE(),IF(J17=Constants!$B$5,FALSE(),COUNTA(K17:M17)>0))) | AC17: =IF(ISBLANK($C17),"",IF(ISNUMBER(K17),IF(K17>=0,K17,""),"")) | AD17: =IF(ISBLANK($C17),"",IF(ISNUMBER(L17),IF(L17>=0,L17,""),"")) | AE17: =IF(ISBLANK($C17),"",IF(ISNUMBER(M17),IF(M17>=0,MIN(M17,Constants!$B$22),""),"")) | AF17: =IF(ISBLANK($C17),"",IF(N17=Constants!$B$2,TRUE(),IF(N17=Constants!$B$3,FALSE(),TRUE()))) | AG17: =IF(ISBLANK($C17),"",IF(O17=Constants!$B$2,TRUE(),IF(O17=Constants!$B$3,FALSE(),TRUE()))) | AH17: =IF(ISBLANK($C17),"",IF(P17=Constants!$B$4,TRUE(),IF(P17=Constants!$B$5,FALSE(),COUNTA(Q17:S17)>0))) | AI17: =IF(ISBLANK($C17),"",IF(ISNUMBER(Q17),IF(Q17>=0,Q17,""),"")) | AJ17: =IF(ISBLANK($C17),"",IF(ISNUMBER(R17),IF(R17>=0,R17,""),"")) | AK17: =IF(ISBLANK($C17),"",IF(ISNUMBER(S17),IF(S17>=0,MIN(S17,Constants!$B$22),""),"")) | AL17: =IF(ISBLANK($C17),"",IF(T17=Constants!$B$2,TRUE(),IF(T17=Constants!$B$3,FALSE(),FALSE()))) | AM17: =IF(ISBLANK($C17),"",AND($AB17,OR($AC17="",$AD17="",AND(NOT(ISBLANK($M17)),$AE17="")))) | AN17: =IF($BD17<>Constants!$B$6,"",IF($AB17,Constants!$B$17*$AD17,Constants!$B$18)) | AO17: =IF($BD17<>Constants!$B$6,"",Constants!$B$19*IF($AB17,$AC17,0)) | AP17: =IF($BD17<>Constants!$B$6,"",IF(AND($AB17,ISNUMBER($AE17)),Constants!$B$20*(Constants!$B$21-$AE17),0)) | AQ17: =IF($BD17<>Constants!$B$6,"",IF($AA17,0,Constants!$B$12)+IF($Z17,0,Constants!$B$13)+IF($Y17,0,Constants!$B$14)) | AR17: =IF($BD17<>Constants!$B$6,"",Constants!$B$16+SUM($AN17:$AQ17)) | AS17: =IF($BD17<>Constants!$B$6,"",IF($AB17,$AD17,"")) | AT17: =IF($BD17<>Constants!$B$6,"",$AO17) | AU17: =IF($BD17<>Constants!$B$6,"",IF(OR($BA17<$AR17,AND($BA17=$AR17,OR(AND(ISNUMBER($BB17),OR(NOT(ISNUMBER($AS17)),$BB17<$AS17)),AND(OR(AND($BB17="",$AS17=""),AND(ISNUMBER($BB17),ISNUMBER($AS17),$BB17=$AS17)),$BC17<$AT17)))),"->","<-")) | AV17: =IF(ISBLANK($C17),"",AND($AH17,OR($AI17="",$AJ17="",AND(NOT(ISBLANK($S17)),$AK17="")))) | AW17: =IF($BD17<>Constants!$B$6,"",IF($AH17,Constants!$B$17*$AJ17,Constants!$B$18)) | AX17: =IF($BD17<>Constants!$B$6,"",Constants!$B$19*IF($AH17,$AI17,0)) | AY17: =IF($BD17<>Constants!$B$6,"",IF(AND($AH17,ISNUMBER($AK17)),Constants!$B$20*(Constants!$B$21-$AK17),0)) | AZ17: =IF($BD17<>Constants!$B$6,"",IF($AG17,0,Constants!$B$12)+IF($AF17,0,Constants!$B$13)+IF($Y17,0,Constants!$B$14)) | BA17: =IF($BD17<>Constants!$B$6,"",Constants!$B$16+SUM($AW17:$AZ17)) | BB17: =IF($BD17<>Constants!$B$6,"",IF($AH17,$AJ17,"")) | BC17: =IF($BD17<>Constants!$B$6,"",$AX17) | BD17: =IF(ISBLANK($C17),"",IF($AL17,Constants!$B$9,IF(COUNTA($E17:$T17)=0,Constants!$B$8,IF(NOT($X17),Constants!$B$7,IF(OR($AM17,$AV17),Constants!$B$10,Constants!$B$6))))) | BE17: =IF(ISBLANK($C17),"",IF($BD17<>Constants!$B$6,$BD17,Constants!$B$11)) | BF17: =IF($BD17<>Constants!$B$6,"",IF($AU17="->",$BA17,$AR17)) | BG17: =IF($BD17<>Constants!$B$6,"",IF($W17,0,Constants!$B$15)) | BH17: =IF(ISBLANK($C17),"",IF($BD17<>Constants!$B$6,$BD17,SUM($BF17:$BG17))) | BI17: =IF(ISBLANK($C17),"",IF($BD17<>Constants!$B$6,$BD17,RANK($BH17,$BH$9:$BH$508,1))) | BJ17: =IF($BD17<>Constants!$B$6,"",IF($AU17="->",$BB17,$AS17)) | BK17: =IF(ISBLANK($C17),"",IF($BD17<>Constants!$B$6,$BD17,IF(ISNUMBER($BJ17),RANK($BJ17,$BJ$9:$BJ$508,1),COUNT($BJ$9:$BJ$508)+1))) | BL17: =IF($BD17<>Constants!$B$6,"",IF($AU17="->",$BC17,$AT17)) | BM17: =IF(ISBLANK($C17),"",IF($BD17<>Constants!$B$6,$BD17,IF(ISNUMBER($BL17),RANK($BL17,$BL$9:$BL$508,1),COUNT($BL$9:$BL$508)+1))) | BN17: =IF($BD17<>Constants!$B$6,"",IF($AU17="->",$AS17,$BB17)) | BO17: =IF(ISBLANK($C17),"",IF($BD17<>Constants!$B$6,$BD17,IF(ISNUMBER($BN17),RANK($BN17,$BN$9:$BN$508,1),COUNT($BN$9:$BN$508)+1))) | BP17: =IF($BD17<>Constants!$B$6,"",IF($AU17="->",$AT17,$BC17)) | BQ17: =IF(ISBLANK($C17),"",IF($BD17<>Constants!$B$6,$BD17,IF(ISNUMBER($BP17),RANK($BP17,$BP$9:$BP$508,1),COUNT($BP$9:$BP$508)+1))) | BR17: =IF(ISBLANK($C17),"",IF($BD17<>Constants!$B$6,$BD17,COUNTIFS($BI$9:$BI$508,"<"&$BI17)+COUNTIFS($BI$9:$BI$508,$BI17,$BK$9:$BK$508,"<"&$BK17)+COUNTIFS($BI$9:$BI$508,$BI17,$BK$9:$BK$508,$BK17,$BM$9:$BM$508,"<"&$BM17)+COUNTIFS($BI$9:$BI$508,$BI17,$BK$9:$BK$508,$BK17,$BM$9:$BM$508,$BM17,$BO$9:$BO$508,"<"&$BO17)+COUNTIFS($BI$9:$BI$508,$BI17,$BK$9:$BK$508,$BK17,$BM$9:$BM$508,$BM17,$BO$9:$BO$508,$BO17,$BQ$9:$BQ$508,"<"&$BQ17)+1)) | BS17: =IF(ISBLANK($C17),"",IF($BD17<>Constants!$B$6,$BD17,$BI17-$BR17)) | BV17: =IF(ISBLANK($C17),"",IF($BD17<>Constants!$B$6,"",IF($AU17="->",2,1))) | BW17: =IF(ISBLANK($C17),"",IF($BD17<>Constants!$B$6,"",IF($AU17="->",$AW17,$AN17))) | BX17: =IF(ISBLANK($C17),"",IF($BD17<>Constants!$B$6,"",IF($AU17="->",$AX17,$AO17))) | BY17: =IF(ISBLANK($C17),"",IF($BD17<>Constants!$B$6,"",IF($AU17="->",$AY17,$AP17))) | BZ17: =IF(ISBLANK($C17),"",IF($BD17<>Constants!$B$6,"",IF($AU17="->",$AZ17,$AQ17)+$BG17)) | CA17: =IF(ISBLANK($C17),"",IF($BD17<>Constants!$B$6,$BD17,$BH17)) | CB17: =IF(ISBLANK($C17),"",$BE17) | CC17: =IF(ISBLANK($C17),"",$BS17) | CD17: =IF(ISBLANK($C17),"",$BR17) | CE17: =IF(ISBLANK($C17),"",IF($CD17=Constants!$B$9,COUNTA($C$9:$C$508)+2,IF($CD17=Constants!$B$8,COUNTA($C$9:$C$508)+1,IF($CD17=Constants!$B$7,COUNTA($C$9:$C$508),$CD17)))) | CG17: =IF(OR(ISNUMBER($CD17),$CD17=Constants!$B$9,$CD17=Constants!$B$7,$CD17=Constants!$B$8),1,0) -> 0 | CH17: 9 | CI17: =IF(ISBLANK($C17),"",IF(ISNUMBER($CE17),$CE17+ROW($B17)/1000,"")) | CJ17: =IF(ISNUMBER($CI17),RANK($CI17,$CI$9:$CI$508,1),"") | CK17: =IF(ISBLANK($C17),"",$B17) | CL17: =IF(ISBLANK($C17),"",$C17) | CM17: =IF(ISBLANK($C17),"",$D17) | CN17: =$CB17 | CO17: =$CA17 | CP17: =IF(ISBLANK($C17),"",$CD17) | CQ17: =IF($CH17>$CG$8,"",VLOOKUP($CH17,$CJ$9:$CP$508,7,FALSE())) | CR17: =IF($CH17>$CG$8,"",VLOOKUP($CH17,$CJ$9:$CP$508,2,FALSE())) | CS17: =IF($CH17>$CG$8,"",VLOOKUP($CH17,$CJ$9:$CP$508,3,FALSE())) | CT17: =IF($CH17>$CG$8,"",VLOOKUP($CH17,$CJ$9:$CP$508,4,FALSE())) | CU17: =IF($CH17>$CG$8,"",VLOOKUP($CH17,$CJ$9:$CP$508,5,FALSE())) | CV17: =IF($CH17>$CG$8,"",VLOOKUP($CH17,$CJ$9:$CP$508,6,FALSE()))
W18: =IF(ISBLANK($C18),"",IF(E18=Constants!$B$2,TRUE(),IF(E18=Constants!$B$3,FALSE(),TRUE()))) | X18: =IF(ISBLANK($C18),"",IF(F18=Constants!$B$2,TRUE(),IF(F18=Constants!$B$3,FALSE(),TRUE()))) | Y18: =IF(ISBLANK($C18),"",IF(G18=Constants!$B$2,TRUE(),IF(G18=Constants!$B$3,FALSE(),TRUE()))) | Z18: =IF(ISBLANK($C18),"",IF(H18=Constants!$B$2,TRUE(),IF(H18=Constants!$B$3,FALSE(),TRUE()))) | AA18: =IF(ISBLANK($C18),"",IF(I18=Constants!$B$2,TRUE(),IF(I18=Constants!$B$3,FALSE(),TRUE()))) | AB18: =IF(ISBLANK($C18),"",IF(J18=Constants!$B$4,TRUE(),IF(J18=Constants!$B$5,FALSE(),COUNTA(K18:M18)>0))) | AC18: =IF(ISBLANK($C18),"",IF(ISNUMBER(K18),IF(K18>=0,K18,""),"")) | AD18: =IF(ISBLANK($C18),"",IF(ISNUMBER(L18),IF(L18>=0,L18,""),"")) | AE18: =IF(ISBLANK($C18),"",IF(ISNUMBER(M18),IF(M18>=0,MIN(M18,Constants!$B$22),""),"")) | AF18: =IF(ISBLANK($C18),"",IF(N18=Constants!$B$2,TRUE(),IF(N18=Constants!$B$3,FALSE(),TRUE()))) | AG18: =IF(ISBLANK($C18),"",IF(O18=Constants!$B$2,TRUE(),IF(O18=Constants!$B$3,FALSE(),TRUE()))) | AH18: =IF(ISBLANK($C18),"",IF(P18=Constants!$B$4,TRUE(),IF(P18=Constants!$B$5,FALSE(),COUNTA(Q18:S18)>0))) | AI18: =IF(ISBLANK($C18),"",IF(ISNUMBER(Q18),IF(Q18>=0,Q18,""),"")) | AJ18: =IF(ISBLANK($C18),"",IF(ISNUMBER(R18),IF(R18>=0,R18,""),"")) | AK18: =IF(ISBLANK($C18),"",IF(ISNUMBER(S18),IF(S18>=0,MIN(S18,Constants!$B$22),""),"")) | AL18: =IF(ISBLANK($C18),"",IF(T18=Constants!$B$2,TRUE(),IF(T18=Constants!$B$3,FALSE(),FALSE()))) | AM18: =IF(ISBLANK($C18),"",AND($AB18,OR($AC18="",$AD18="",AND(NOT(ISBLANK($M18)),$AE18="")))) | AN18: =IF($BD18<>Constants!$B$6,"",IF($AB18,Constants!$B$17*$AD18,Constants!$B$18)) | AO18: =IF($BD18<>Constants!$B$6,"",Constants!$B$19*IF($AB18,$AC18,0)) | AP18: =IF($BD18<>Constants!$B$6,"",IF(AND($AB18,ISNUMBER($AE18)),Constants!$B$20*(Constants!$B$21-$AE18),0)) | AQ18: =IF($BD18<>Constants!$B$6,"",IF($AA18,0,Constants!$B$12)+IF($Z18,0,Constants!$B$13)+IF($Y18,0,Constants!$B$14)) | AR18: =IF($BD18<>Constants!$B$6,"",Constants!$B$16+SUM($AN18:$AQ18)) | AS18: =IF($BD18<>Constants!$B$6,"",IF($AB18,$AD18,"")) | AT18: =IF($BD18<>Constants!$B$6,"",$AO18) | AU18: =IF($BD18<>Constants!$B$6,"",IF(OR($BA18<$AR18,AND($BA18=$AR18,OR(AND(ISNUMBER($BB18),OR(NOT(ISNUMBER($AS18)),$BB18<$AS18)),AND(OR(AND($BB18="",$AS18=""),AND(ISNUMBER($BB18),ISNUMBER($AS18),$BB18=$AS18)),$BC18<$AT18)))),"->","<-")) | AV18: =IF(ISBLANK($C18),"",AND($AH18,OR($AI18="",$AJ18="",AND(NOT(ISBLANK($S18)),$AK18="")))) | AW18: =IF($BD18<>Constants!$B$6,"",IF($AH18,Constants!$B$17*$AJ18,Constants!$B$18)) | AX18: =IF($BD18<>Constants!$B$6,"",Constants!$B$19*IF($AH18,$AI18,0)) | AY18: =IF($BD18<>Constants!$B$6,"",IF(AND($AH18,ISNUMBER($AK18)),Constants!$B$20*(Constants!$B$21-$AK18),0)) | AZ18: =IF($BD18<>Constants!$B$6,"",IF($AG18,0,Constants!$B$12)+IF($AF18,0,Constants!$B$13)+IF($Y18,0,Constants!$B$14)) | BA18: =IF($BD18<>Constants!$B$6,"",Constants!$B$16+SUM($AW18:$AZ18)) | BB18: =IF($BD18<>Constants!$B$6,"",IF($AH18,$AJ18,"")) | BC18: =IF($BD18<>Constants!$B$6,"",$AX18) | BD18: =IF(ISBLANK($C18),"",IF($AL18,Constants!$B$9,IF(COUNTA($E18:$T18)=0,Constants!$B$8,IF(NOT($X18),Constants!$B$7,IF(OR($AM18,$AV18),Constants!$B$10,Constants!$B$6))))) | BE18: =IF(ISBLANK($C18),"",IF($BD18<>Constants!$B$6,$BD18,Constants!$B$11)) | BF18: =IF($BD18<>Constants!$B$6,"",IF($AU18="->",$BA18,$AR18)) | BG18: =IF($BD18<>Constants!$B$6,"",IF($W18,0,Constants!$B$15)) | BH18: =IF(ISBLANK($C18),"",IF($BD18<>Constants!$B$6,$BD18,SUM($BF18:$BG18))) | BI18: =IF(ISBLANK($C18),"",IF($BD18<>Constants!$B$6,$BD18,RANK($BH18,$BH$9:$BH$508,1))) | BJ18: =IF($BD18<>Constants!$B$6,"",IF($AU18="->",$BB18,$AS18)) | BK18: =IF(ISBLANK($C18),"",IF($BD18<>Constants!$B$6,$BD18,IF(ISNUMBER($BJ18),RANK($BJ18,$BJ$9:$BJ$508,1),COUNT($BJ$9:$BJ$508)+1))) | BL18: =IF($BD18<>Constants!$B$6,"",IF($AU18="->",$BC18,$AT18)) | BM18: =IF(ISBLANK($C18),"",IF($BD18<>Constants!$B$6,$BD18,IF(ISNUMBER($BL18),RANK($BL18,$BL$9:$BL$508,1),COUNT($BL$9:$BL$508)+1))) | BN18: =IF($BD18<>Constants!$B$6,"",IF($AU18="->",$AS18,$BB18)) | BO18: =IF(ISBLANK($C18),"",IF($BD18<>Constants!$B$6,$BD18,IF(ISNUMBER($BN18),RANK($BN18,$BN$9:$BN$508,1),COUNT($BN$9:$BN$508)+1))) | BP18: =IF($BD18<>Constants!$B$6,"",IF($AU18="->",$AT18,$BC18)) | BQ18: =IF(ISBLANK($C18),"",IF($BD18<>Constants!$B$6,$BD18,IF(ISNUMBER($BP18),RANK($BP18,$BP$9:$BP$508,1),COUNT($BP$9:$BP$508)+1))) | BR18: =IF(ISBLANK($C18),"",IF($BD18<>Constants!$B$6,$BD18,COUNTIFS($BI$9:$BI$508,"<"&$BI18)+COUNTIFS($BI$9:$BI$508,$BI18,$BK$9:$BK$508,"<"&$BK18)+COUNTIFS($BI$9:$BI$508,$BI18,$BK$9:$BK$508,$BK18,$BM$9:$BM$508,"<"&$BM18)+COUNTIFS($BI$9:$BI$508,$BI18,$BK$9:$BK$508,$BK18,$BM$9:$BM$508,$BM18,$BO$9:$BO$508,"<"&$BO18)+COUNTIFS($BI$9:$BI$508,$BI18,$BK$9:$BK$508,$BK18,$BM$9:$BM$508,$BM18,$BO$9:$BO$508,$BO18,$BQ$9:$BQ$508,"<"&$BQ18)+1)) | BS18: =IF(ISBLANK($C18),"",IF($BD18<>Constants!$B$6,$BD18,$BI18-$BR18)) | BV18: =IF(ISBLANK($C18),"",IF($BD18<>Constants!$B$6,"",IF($AU18="->",2,1))) | BW18: =IF(ISBLANK($C18),"",IF($BD18<>Constants!$B$6,"",IF($AU18="->",$AW18,$AN18))) | BX18: =IF(ISBLANK($C18),"",IF($BD18<>Constants!$B$6,"",IF($AU18="->",$AX18,$AO18))) | BY18: =IF(ISBLANK($C18),"",IF($BD18<>Constants!$B$6,"",IF($AU18="->",$AY18,$AP18))) | BZ18: =IF(ISBLANK($C18),"",IF($BD18<>Constants!$B$6,"",IF($AU18="->",$AZ18,$AQ18)+$BG18)) | CA18: =IF(ISBLANK($C18),"",IF($BD18<>Constants!$B$6,$BD18,$BH18)) | CB18: =IF(ISBLANK($C18),"",$BE18) | CC18: =IF(ISBLANK($C18),"",$BS18) | CD18: =IF(ISBLANK($C18),"",$BR18) | CE18: =IF(ISBLANK($C18),"",IF($CD18=Constants!$B$9,COUNTA($C$9:$C$508)+2,IF($CD18=Constants!$B$8,COUNTA($C$9:$C$508)+1,IF($CD18=Constants!$B$7,COUNTA($C$9:$C$508),$CD18)))) | CG18: =IF(OR(ISNUMBER($CD18),$CD18=Constants!$B$9,$CD18=Constants!$B$7,$CD18=Constants!$B$8),1,0) -> 0 | CH18: 10 | CI18: =IF(ISBLANK($C18),"",IF(ISNUMBER($CE18),$CE18+ROW($B18)/1000,"")) | CJ18: =IF(ISNUMBER($CI18),RANK($CI18,$CI$9:$CI$508,1),"") | CK18: =IF(ISBLANK($C18),"",$B18) | CL18: =IF(ISBLANK($C18),"",$C18) | CM18: =IF(ISBLANK($C18),"",$D18) | CN18: =$CB18 | CO18: =$CA18 | CP18: =IF(ISBLANK($C18),"",$CD18) | CQ18: =IF($CH18>$CG$8,"",VLOOKUP($CH18,$CJ$9:$CP$508,7,FALSE())) | CR18: =IF($CH18>$CG$8,"",VLOOKUP($CH18,$CJ$9:$CP$508,2,FALSE())) | CS18: =IF($CH18>$CG$8,"",VLOOKUP($CH18,$CJ$9:$CP$508,3,FALSE())) | CT18: =IF($CH18>$CG$8,"",VLOOKUP($CH18,$CJ$9:$CP$508,4,FALSE())) | CU18: =IF($CH18>$CG$8,"",VLOOKUP($CH18,$CJ$9:$CP$508,5,FALSE())) | CV18: =IF($CH18>$CG$8,"",VLOOKUP($CH18,$CJ$9:$CP$508,6,FALSE()))
W19: =IF(ISBLANK($C19),"",IF(E19=Constants!$B$2,TRUE(),IF(E19=Constants!$B$3,FALSE(),TRUE()))) | X19: =IF(ISBLANK($C19),"",IF(F19=Constants!$B$2,TRUE(),IF(F19=Constants!$B$3,FALSE(),TRUE()))) | Y19: =IF(ISBLANK($C19),"",IF(G19=Constants!$B$2,TRUE(),IF(G19=Constants!$B$3,FALSE(),TRUE()))) | Z19: =IF(ISBLANK($C19),"",IF(H19=Constants!$B$2,TRUE(),IF(H19=Constants!$B$3,FALSE(),TRUE()))) | AA19: =IF(ISBLANK($C19),"",IF(I19=Constants!$B$2,TRUE(),IF(I19=Constants!$B$3,FALSE(),TRUE()))) | AB19: =IF(ISBLANK($C19),"",IF(J19=Constants!$B$4,TRUE(),IF(J19=Constants!$B$5,FALSE(),COUNTA(K19:M19)>0))) | AC19: =IF(ISBLANK($C19),"",IF(ISNUMBER(K19),IF(K19>=0,K19,""),"")) | AD19: =IF(ISBLANK($C19),"",IF(ISNUMBER(L19),IF(L19>=0,L19,""),"")) | AE19: =IF(ISBLANK($C19),"",IF(ISNUMBER(M19),IF(M19>=0,MIN(M19,Constants!$B$22),""),"")) | AF19: =IF(ISBLANK($C19),"",IF(N19=Constants!$B$2,TRUE(),IF(N19=Constants!$B$3,FALSE(),TRUE()))) | AG19: =IF(ISBLANK($C19),"",IF(O19=Constants!$B$2,TRUE(),IF(O19=Constants!$B$3,FALSE(),TRUE()))) | AH19: =IF(ISBLANK($C19),"",IF(P19=Constants!$B$4,TRUE(),IF(P19=Constants!$B$5,FALSE(),COUNTA(Q19:S19)>0))) | AI19: =IF(ISBLANK($C19),"",IF(ISNUMBER(Q19),IF(Q19>=0,Q19,""),"")) | AJ19: =IF(ISBLANK($C19),"",IF(ISNUMBER(R19),IF(R19>=0,R19,""),"")) | AK19: =IF(ISBLANK($C19),"",IF(ISNUMBER(S19),IF(S19>=0,MIN(S19,Constants!$B$22),""),"")) | AL19: =IF(ISBLANK($C19),"",IF(T19=Constants!$B$2,TRUE(),IF(T19=Constants!$B$3,FALSE(),FALSE()))) | AM19: =IF(ISBLANK($C19),"",AND($AB19,OR($AC19="",$AD19="",AND(NOT(ISBLANK($M19)),$AE19="")))) | AN19: =IF($BD19<>Constants!$B$6,"",IF($AB19,Constants!$B$17*$AD19,Constants!$B$18)) | AO19: =IF($BD19<>Constants!$B$6,"",Constants!$B$19*IF($AB19,$AC19,0)) | AP19: =IF($BD19<>Constants!$B$6,"",IF(AND($AB19,ISNUMBER($AE19)),Constants!$B$20*(Constants!$B$21-$AE19),0)) | AQ19: =IF($BD19<>Constants!$B$6,"",IF($AA19,0,Constants!$B$12)+IF($Z19,0,Constants!$B$13)+IF($Y19,0,Constants!$B$14)) | AR19: =IF($BD19<>Constants!$B$6,"",Constants!$B$16+SUM($AN19:$AQ19)) | AS19: =IF($BD19<>Constants!$B$6,"",IF($AB19,$AD19,"")) | AT19: =IF($BD19<>Constants!$B$6,"",$AO19) | AU19: =IF($BD19<>Constants!$B$6,"",IF(OR($BA19<$AR19,AND($BA19=$AR19,OR(AND(ISNUMBER($BB19),OR(NOT(ISNUMBER($AS19)),$BB19<$AS19)),AND(OR(AND($BB19="",$AS19=""),AND(ISNUMBER($BB19),ISNUMBER($AS19),$BB19=$AS19)),$BC19<$AT19)))),"->","<-")) | AV19: =IF(ISBLANK($C19),"",AND($AH19,OR($AI19="",$AJ19="",AND(NOT(ISBLANK($S19)),$AK19="")))) | AW19: =IF($BD19<>Constants!$B$6,"",IF($AH19,Constants!$B$17*$AJ19,Constants!$B$18)) | AX19: =IF($BD19<>Constants!$B$6,"",Constants!$B$19*IF($AH19,$AI19,0)) | AY19: =IF($BD19<>Constants!$B$6,"",IF(AND($AH19,ISNUMBER($AK19)),Constants!$B$20*(Constants!$B$21-$AK19),0)) | AZ19: =IF($BD19<>Constants!$B$6,"",IF($AG19,0,Constants!$B$12)+IF($AF19,0,Constants!$B$13)+IF($Y19,0,Constants!$B$14)) | BA19: =IF($BD19<>Constants!$B$6,"",Constants!$B$16+SUM($AW19:$AZ19)) | BB19: =IF($BD19<>Constants!$B$6,"",IF($AH19,$AJ19,"")) | BC19: =IF($BD19<>Constants!$B$6,"",$AX19) | BD19: =IF(ISBLANK($C19),"",IF($AL19,Constants!$B$9,IF(COUNTA($E19:$T19)=0,Constants!$B$8,IF(NOT($X19),Constants!$B$7,IF(OR($AM19,$AV19),Constants!$B$10,Constants!$B$6))))) | BE19: =IF(ISBLANK($C19),"",IF($BD19<>Constants!$B$6,$BD19,Constants!$B$11)) | BF19: =IF($BD19<>Constants!$B$6,"",IF($AU19="->",$BA19,$AR19)) | BG19: =IF($BD19<>Constants!$B$6,"",IF($W19,0,Constants!$B$15)) | BH19: =IF(ISBLANK($C19),"",IF($BD19<>Constants!$B$6,$BD19,SUM($BF19:$BG19))) | BI19: =IF(ISBLANK($C19),"",IF($BD19<>Constants!$B$6,$BD19,RANK($BH19,$BH$9:$BH$508,1))) | BJ19: =IF($BD19<>Constants!$B$6,"",IF($AU19="->",$BB19,$AS19)) | BK19: =IF(ISBLANK($C19),"",IF($BD19<>Constants!$B$6,$BD19,IF(ISNUMBER($BJ19),RANK($BJ19,$BJ$9:$BJ$508,1),COUNT($BJ$9:$BJ$508)+1))) | BL19: =IF($BD19<>Constants!$B$6,"",IF($AU19="->",$BC19,$AT19)) | BM19: =IF(ISBLANK($C19),"",IF($BD19<>Constants!$B$6,$BD19,IF(ISNUMBER($BL19),RANK($BL19,$BL$9:$BL$508,1),COUNT($BL$9:$BL$508)+1))) | BN19: =IF($BD19<>Constants!$B$6,"",IF($AU19="->",$AS19,$BB19)) | BO19: =IF(ISBLANK($C19),"",IF($BD19<>Constants!$B$6,$BD19,IF(ISNUMBER($BN19),RANK($BN19,$BN$9:$BN$508,1),COUNT($BN$9:$BN$508)+1))) | BP19: =IF($BD19<>Constants!$B$6,"",IF($AU19="->",$AT19,$BC19)) | BQ19: =IF(ISBLANK($C19),"",IF($BD19<>Constants!$B$6,$BD19,IF(ISNUMBER($BP19),RANK($BP19,$BP$9:$BP$508,1),COUNT($BP$9:$BP$508)+1))) | BR19: =IF(ISBLANK($C19),"",IF($BD19<>Constants!$B$6,$BD19,COUNTIFS($BI$9:$BI$508,"<"&$BI19)+COUNTIFS($BI$9:$BI$508,$BI19,$BK$9:$BK$508,"<"&$BK19)+COUNTIFS($BI$9:$BI$508,$BI19,$BK$9:$BK$508,$BK19,$BM$9:$BM$508,"<"&$BM19)+COUNTIFS($BI$9:$BI$508,$BI19,$BK$9:$BK$508,$BK19,$BM$9:$BM$508,$BM19,$BO$9:$BO$508,"<"&$BO19)+COUNTIFS($BI$9:$BI$508,$BI19,$BK$9:$BK$508,$BK19,$BM$9:$BM$508,$BM19,$BO$9:$BO$508,$BO19,$BQ$9:$BQ$508,"<"&$BQ19)+1)) | BS19: =IF(ISBLANK($C19),"",IF($BD19<>Constants!$B$6,$BD19,$BI19-$BR19)) | BV19: =IF(ISBLANK($C19),"",IF($BD19<>Constants!$B$6,"",IF($AU19="->",2,1))) | BW19: =IF(ISBLANK($C19),"",IF($BD19<>Constants!$B$6,"",IF($AU19="->",$AW19,$AN19))) | BX19: =IF(ISBLANK($C19),"",IF($BD19<>Constants!$B$6,"",IF($AU19="->",$AX19,$AO19))) | BY19: =IF(ISBLANK($C19),"",IF($BD19<>Constants!$B$6,"",IF($AU19="->",$AY19,$AP19))) | BZ19: =IF(ISBLANK($C19),"",IF($BD19<>Constants!$B$6,"",IF($AU19="->",$AZ19,$AQ19)+$BG19)) | CA19: =IF(ISBLANK($C19),"",IF($BD19<>Constants!$B$6,$BD19,$BH19)) | CB19: =IF(ISBLANK($C19),"",$BE19) | CC19: =IF(ISBLANK($C19),"",$BS19) | CD19: =IF(ISBLANK($C19),"",$BR19) | CE19: =IF(ISBLANK($C19),"",IF($CD19=Constants!$B$9,COUNTA($C$9:$C$508)+2,IF($CD19=Constants!$B$8,COUNTA($C$9:$C$508)+1,IF($CD19=Constants!$B$7,COUNTA($C$9:$C$508),$CD19)))) | CG19: =IF(OR(ISNUMBER($CD19),$CD19=Constants!$B$9,$CD19=Constants!$B$7,$CD19=Constants!$B$8),1,0) -> 0 | CH19: 11 | CI19: =IF(ISBLANK($C19),"",IF(ISNUMBER($CE19),$CE19+ROW($B19)/1000,"")) | CJ19: =IF(ISNUMBER($CI19),RANK($CI19,$CI$9:$CI$508,1),"") | CK19: =IF(ISBLANK($C19),"",$B19) | CL19: =IF(ISBLANK($C19),"",$C19) | CM19: =IF(ISBLANK($C19),"",$D19) | CN19: =$CB19 | CO19: =$CA19 | CP19: =IF(ISBLANK($C19),"",$CD19) | CQ19: =IF($CH19>$CG$8,"",VLOOKUP($CH19,$CJ$9:$CP$508,7,FALSE())) | CR19: =IF($CH19>$CG$8,"",VLOOKUP($CH19,$CJ$9:$CP$508,2,FALSE())) | CS19: =IF($CH19>$CG$8,"",VLOOKUP($CH19,$CJ$9:$CP$508,3,FALSE())) | CT19: =IF($CH19>$CG$8,"",VLOOKUP($CH19,$CJ$9:$CP$508,4,FALSE())) | CU19: =IF($CH19>$CG$8,"",VLOOKUP($CH19,$CJ$9:$CP$508,5,FALSE())) | CV19: =IF($CH19>$CG$8,"",VLOOKUP($CH19,$CJ$9:$CP$508,6,FALSE()))
W20: =IF(ISBLANK($C20),"",IF(E20=Constants!$B$2,TRUE(),IF(E20=Constants!$B$3,FALSE(),TRUE()))) | X20: =IF(ISBLANK($C20),"",IF(F20=Constants!$B$2,TRUE(),IF(F20=Constants!$B$3,FALSE(),TRUE()))) | Y20: =IF(ISBLANK($C20),"",IF(G20=Constants!$B$2,TRUE(),IF(G20=Constants!$B$3,FALSE(),TRUE()))) | Z20: =IF(ISBLANK($C20),"",IF(H20=Constants!$B$2,TRUE(),IF(H20=Constants!$B$3,FALSE(),TRUE()))) | AA20: =IF(ISBLANK($C20),"",IF(I20=Constants!$B$2,TRUE(),IF(I20=Constants!$B$3,FALSE(),TRUE()))) | AB20: =IF(ISBLANK($C20),"",IF(J20=Constants!$B$4,TRUE(),IF(J20=Constants!$B$5,FALSE(),COUNTA(K20:M20)>0))) | AC20: =IF(ISBLANK($C20),"",IF(ISNUMBER(K20),IF(K20>=0,K20,""),"")) | AD20: =IF(ISBLANK($C20),"",IF(ISNUMBER(L20),IF(L20>=0,L20,""),"")) | AE20: =IF(ISBLANK($C20),"",IF(ISNUMBER(M20),IF(M20>=0,MIN(M20,Constants!$B$22),""),"")) | AF20: =IF(ISBLANK($C20),"",IF(N20=Constants!$B$2,TRUE(),IF(N20=Constants!$B$3,FALSE(),TRUE()))) | AG20: =IF(ISBLANK($C20),"",IF(O20=Constants!$B$2,TRUE(),IF(O20=Constants!$B$3,FALSE(),TRUE()))) | AH20: =IF(ISBLANK($C20),"",IF(P20=Constants!$B$4,TRUE(),IF(P20=Constants!$B$5,FALSE(),COUNTA(Q20:S20)>0))) | AI20: =IF(ISBLANK($C20),"",IF(ISNUMBER(Q20),IF(Q20>=0,Q20,""),"")) | AJ20: =IF(ISBLANK($C20),"",IF(ISNUMBER(R20),IF(R20>=0,R20,""),"")) | AK20: =IF(ISBLANK($C20),"",IF(ISNUMBER(S20),IF(S20>=0,MIN(S20,Constants!$B$22),""),"")) | AL20: =IF(ISBLANK($C20),"",IF(T20=Constants!$B$2,TRUE(),IF(T20=Constants!$B$3,FALSE(),FALSE()))) | AM20: =IF(ISBLANK($C20),"",AND($AB20,OR($AC20="",$AD20="",AND(NOT(ISBLANK($M20)),$AE20="")))) | AN20: =IF($BD20<>Constants!$B$6,"",IF($AB20,Constants!$B$17*$AD20,Constants!$B$18)) | AO20: =IF($BD20<>Constants!$B$6,"",Constants!$B$19*IF($AB20,$AC20,0)) | AP20: =IF($BD20<>Constants!$B$6,"",IF(AND($AB20,ISNUMBER($AE20)),Constants!$B$20*(Constants!$B$21-$AE20),0)) | AQ20: =IF($BD20<>Constants!$B$6,"",IF($AA20,0,Constants!$B$12)+IF($Z20,0,Constants!$B$13)+IF($Y20,0,Constants!$B$14)) | AR20: =IF($BD20<>Constants!$B$6,"",Constants!$B$16+SUM($AN20:$AQ20)) | AS20: =IF($BD20<>Constants!$B$6,"",IF($AB20,$AD20,"")) | AT20: =IF($BD20<>Constants!$B$6,"",$AO20) | AU20: =IF($BD20<>Constants!$B$6,"",IF(OR($BA20<$AR20,AND($BA20=$AR20,OR(AND(ISNUMBER($BB20),OR(NOT(ISNUMBER($AS20)),$BB20<$AS20)),AND(OR(AND($BB20="",$AS20=""),AND(ISNUMBER($BB20),ISNUMBER($AS20),$BB20=$AS20)),$BC20<$AT20)))),"->","<-")) | AV20: =IF(ISBLANK($C20),"",AND($AH20,OR($AI20="",$AJ20="",AND(NOT(ISBLANK($S20)),$AK20="")))) | AW20: =IF($BD20<>Constants!$B$6,"",IF($AH20,Constants!$B$17*$AJ20,Constants!$B$18)) | AX20: =IF($BD20<>Constants!$B$6,"",Constants!$B$19*IF($AH20,$AI20,0)) | AY20: =IF($BD20<>Constants!$B$6,"",IF(AND($AH20,ISNUMBER($AK20)),Constants!$B$20*(Constants!$B$21-$AK20),0)) | AZ20: =IF($BD20<>Constants!$B$6,"",IF($AG20,0,Constants!$B$12)+IF($AF20,0,Constants!$B$13)+IF($Y20,0,Constants!$B$14)) | BA20: =IF($BD20<>Constants!$B$6,"",Constants!$B$16+SUM($AW20:$AZ20)) | BB20: =IF($BD20<>Constants!$B$6,"",IF($AH20,$AJ20,"")) | BC20: =IF($BD20<>Constants!$B$6,"",$AX20) | BD20: =IF(ISBLANK($C20),"",IF($AL20,Constants!$B$9,IF(COUNTA($E20:$T20)=0,Constants!$B$8,IF(NOT($X20),Constants!$B$7,IF(OR($AM20,$AV20),Constants!$B$10,Constants!$B$6))))) | BE20: =IF(ISBLANK($C20),"",IF($BD20<>Constants!$B$6,$BD20,Constants!$B$11)) | BF20: =IF($BD20<>Constants!$B$6,"",IF($AU20="->",$BA20,$AR20)) | BG20: =IF($BD20<>Constants!$B$6,"",IF($W20,0,Constants!$B$15)) | BH20: =IF(ISBLANK($C20),"",IF($BD20<>Constants!$B$6,$BD20,SUM($BF20:$BG20))) | BI20: =IF(ISBLANK($C20),"",IF($BD20<>Constants!$B$6,$BD20,RANK($BH20,$BH$9:$BH$508,1))) | BJ20: =IF($BD20<>Constants!$B$6,"",IF($AU20="->",$BB20,$AS20)) | BK20: =IF(ISBLANK($C20),"",IF($BD20<>Constants!$B$6,$BD20,IF(ISNUMBER($BJ20),RANK($BJ20,$BJ$9:$BJ$508,1),COUNT($BJ$9:$BJ$508)+1))) | BL20: =IF($BD20<>Constants!$B$6,"",IF($AU20="->",$BC20,$AT20)) | BM20: =IF(ISBLANK($C20),"",IF($BD20<>Constants!$B$6,$BD20,IF(ISNUMBER($BL20),RANK($BL20,$BL$9:$BL$508,1),COUNT($BL$9:$BL$508)+1))) | BN20: =IF($BD20<>Constants!$B$6,"",IF($AU20="->",$AS20,$BB20)) | BO20: =IF(ISBLANK($C20),"",IF($BD20<>Constants!$B$6,$BD20,IF(ISNUMBER($BN20),RANK($BN20,$BN$9:$BN$508,1),COUNT($BN$9:$BN$508)+1))) | BP20: =IF($BD20<>Constants!$B$6,"",IF($AU20="->",$AT20,$BC20)) | BQ20: =IF(ISBLANK($C20),"",IF($BD20<>Constants!$B$6,$BD20,IF(ISNUMBER($BP20),RANK($BP20,$BP$9:$BP$508,1),COUNT($BP$9:$BP$508)+1))) | BR20: =IF(ISBLANK($C20),"",IF($BD20<>Constants!$B$6,$BD20,COUNTIFS($BI$9:$BI$508,"<"&$BI20)+COUNTIFS($BI$9:$BI$508,$BI20,$BK$9:$BK$508,"<"&$BK20)+COUNTIFS($BI$9:$BI$508,$BI20,$BK$9:$BK$508,$BK20,$BM$9:$BM$508,"<"&$BM20)+COUNTIFS($BI$9:$BI$508,$BI20,$BK$9:$BK$508,$BK20,$BM$9:$BM$508,$BM20,$BO$9:$BO$508,"<"&$BO20)+COUNTIFS($BI$9:$BI$508,$BI20,$BK$9:$BK$508,$BK20,$BM$9:$BM$508,$BM20,$BO$9:$BO$508,$BO20,$BQ$9:$BQ$508,"<"&$BQ20)+1)) | BS20: =IF(ISBLANK($C20),"",IF($BD20<>Constants!$B$6,$BD20,$BI20-$BR20)) | BV20: =IF(ISBLANK($C20),"",IF($BD20<>Constants!$B$6,"",IF($AU20="->",2,1))) | BW20: =IF(ISBLANK($C20),"",IF($BD20<>Constants!$B$6,"",IF($AU20="->",$AW20,$AN20))) | BX20: =IF(ISBLANK($C20),"",IF($BD20<>Constants!$B$6,"",IF($AU20="->",$AX20,$AO20))) | BY20: =IF(ISBLANK($C20),"",IF($BD20<>Constants!$B$6,"",IF($AU20="->",$AY20,$AP20))) | BZ20: =IF(ISBLANK($C20),"",IF($BD20<>Constants!$B$6,"",IF($AU20="->",$AZ20,$AQ20)+$BG20)) | CA20: =IF(ISBLANK($C20),"",IF($BD20<>Constants!$B$6,$BD20,$BH20)) | CB20: =IF(ISBLANK($C20),"",$BE20) | CC20: =IF(ISBLANK($C20),"",$BS20) | CD20: =IF(ISBLANK($C20),"",$BR20) | CE20: =IF(ISBLANK($C20),"",IF($CD20=Constants!$B$9,COUNTA($C$9:$C$508)+2,IF($CD20=Constants!$B$8,COUNTA($C$9:$C$508)+1,IF($CD20=Constants!$B$7,COUNTA($C$9:$C$508),$CD20)))) | CG20: =IF(OR(ISNUMBER($CD20),$CD20=Constants!$B$9,$CD20=Constants!$B$7,$CD20=Constants!$B$8),1,0) -> 0 | CH20: 12 | CI20: =IF(ISBLANK($C20),"",IF(ISNUMBER($CE20),$CE20+ROW($B20)/1000,"")) | CJ20: =IF(ISNUMBER($CI20),RANK($CI20,$CI$9:$CI$508,1),"") | CK20: =IF(ISBLANK($C20),"",$B20) | CL20: =IF(ISBLANK($C20),"",$C20) | CM20: =IF(ISBLANK($C20),"",$D20) | CN20: =$CB20 | CO20: =$CA20 | CP20: =IF(ISBLANK($C20),"",$CD20) | CQ20: =IF($CH20>$CG$8,"",VLOOKUP($CH20,$CJ$9:$CP$508,7,FALSE())) | CR20: =IF($CH20>$CG$8,"",VLOOKUP($CH20,$CJ$9:$CP$508,2,FALSE())) | CS20: =IF($CH20>$CG$8,"",VLOOKUP($CH20,$CJ$9:$CP$508,3,FALSE())) | CT20: =IF($CH20>$CG$8,"",VLOOKUP($CH20,$CJ$9:$CP$508,4,FALSE())) | CU20: =IF($CH20>$CG$8,"",VLOOKUP($CH20,$CJ$9:$CP$508,5,FALSE())) | CV20: =IF($CH20>$CG$8,"",VLOOKUP($CH20,$CJ$9:$CP$508,6,FALSE()))
... W508: =IF(ISBLANK($C508),"",IF(E508=Constants!$B$2,TRUE(),IF(E508=Constants!$B$3,FALSE(),TRUE()))) | X508: =IF(ISBLANK($C508),"",IF(F508=Constants!$B$2,TRUE(),IF(F508=Constants!$B$3,FALSE(),TRUE()))) | Y508: =IF(ISBLANK($C508),"",IF(G508=Constants!$B$2,TRUE(),IF(G508=Constants!$B$3,FALSE(),TRUE()))) | Z508: =IF(ISBLANK($C508),"",IF(H508=Constants!$B$2,TRUE(),IF(H508=Constants!$B$3,FALSE(),TRUE()))) | AA508: =IF(ISBLANK($C508),"",IF(I508=Constants!$B$2,TRUE(),IF(I508=Constants!$B$3,FALSE(),TRUE()))) | AB508: =IF(ISBLANK($C508),"",IF(J508=Constants!$B$4,TRUE(),IF(J508=Constants!$B$5,FALSE(),COUNTA(K508:M508)>0))) | AC508: =IF(ISBLANK($C508),"",IF(ISNUMBER(K508),IF(K508>=0,K508,""),"")) | AD508: =IF(ISBLANK($C508),"",IF(ISNUMBER(L508),IF(L508>=0,L508,""),"")) | AE508: =IF(ISBLANK($C508),"",IF(ISNUMBER(M508),IF(M508>=0,MIN(M508,Constants!$B$22),""),"")) | AF508: =IF(ISBLANK($C508),"",IF(N508=Constants!$B$2,TRUE(),IF(N508=Constants!$B$3,FALSE(),TRUE()))) | AG508: =IF(ISBLANK($C508),"",IF(O508=Constants!$B$2,TRUE(),IF(O508=Constants!$B$3,FALSE(),TRUE()))) | AH508: =IF(ISBLANK($C508),"",IF(P508=Constants!$B$4,TRUE(),IF(P508=Constants!$B$5,FALSE(),COUNTA(Q508:S508)>0))) | AI508: =IF(ISBLANK($C508),"",IF(ISNUMBER(Q508),IF(Q508>=0,Q508,""),"")) | AJ508: =IF(ISBLANK($C508),"",IF(ISNUMBER(R508),IF(R508>=0,R508,""),"")) | AK508: =IF(ISBLANK($C508),"",IF(ISNUMBER(S508),IF(S508>=0,MIN(S508,Constants!$B$22),""),"")) | AL508: =IF(ISBLANK($C508),"",IF(T508=Constants!$B$2,TRUE(),IF(T508=Constants!$B$3,FALSE(),FALSE()))) | AM508: =IF(ISBLANK($C508),"",AND($AB508,OR($AC508="",$AD508="",AND(NOT(ISBLANK($M508)),$AE508="")))) | AN508: =IF($BD508<>Constants!$B$6,"",IF($AB508,Constants!$B$17*$AD508,Constants!$B$18)) | AO508: =IF($BD508<>Constants!$B$6,"",Constants!$B$19*IF($AB508,$AC508,0)) | AP508: =IF($BD508<>Constants!$B$6,"",IF(AND($AB508,ISNUMBER($AE508)),Constants!$B$20*(Constants!$B$21-$AE508),0)) | AQ508: =IF($BD508<>Constants!$B$6,"",IF($AA508,0,Constants!$B$12)+IF($Z508,0,Constants!$B$13)+IF($Y508,0,Constants!$B$14)) | AR508: =IF($BD508<>Constants!$B$6,"",Constants!$B$16+SUM($AN508:$AQ508)) | AS508: =IF($BD508<>Constants!$B$6,"",IF($AB508,$AD508,"")) | AT508: =IF($BD508<>Constants!$B$6,"",$AO508) | AU508: =IF($BD508<>Constants!$B$6,"",IF(OR($BA508<$AR508,AND($BA508=$AR508,OR(AND(ISNUMBER($BB508),OR(NOT(ISNUMBER($AS508)),$BB508<$AS508)),AND(OR(AND($BB508="",$AS508=""),AND(ISNUMBER($BB508),ISNUMBER($AS508),$BB508=$AS508)),$BC508<$AT508)))),"->","<-")) | AV508: =IF(ISBLANK($C508),"",AND($AH508,OR($AI508="",$AJ508="",AND(NOT(ISBLANK($S508)),$AK508="")))) | AW508: =IF($BD508<>Constants!$B$6,"",IF($AH508,Constants!$B$17*$AJ508,Constants!$B$18)) | AX508: =IF($BD508<>Constants!$B$6,"",Constants!$B$19*IF($AH508,$AI508,0)) | AY508: =IF($BD508<>Constants!$B$6,"",IF(AND($AH508,ISNUMBER($AK508)),Constants!$B$20*(Constants!$B$21-$AK508),0)) | AZ508: =IF($BD508<>Constants!$B$6,"",IF($AG508,0,Constants!$B$12)+IF($AF508,0,Constants!$B$13)+IF($Y508,0,Constants!$B$14)) | BA508: =IF($BD508<>Constants!$B$6,"",Constants!$B$16+SUM($AW508:$AZ508)) | BB508: =IF($BD508<>Constants!$B$6,"",IF($AH508,$AJ508,"")) | BC508: =IF($BD508<>Constants!$B$6,"",$AX508) | BD508: =IF(ISBLANK($C508),"",IF($AL508,Constants!$B$9,IF(COUNTA($E508:$T508)=0,Constants!$B$8,IF(NOT($X508),Constants!$B$7,IF(OR($AM508,$AV508),Constants!$B$10,Constants!$B$6))))) | BE508: =IF(ISBLANK($C508),"",IF($BD508<>Constants!$B$6,$BD508,Constants!$B$11)) | BF508: =IF($BD508<>Constants!$B$6,"",IF($AU508="->",$BA508,$AR508)) | BG508: =IF($BD508<>Constants!$B$6,"",IF($W508,0,Constants!$B$15)) | BH508: =IF(ISBLANK($C508),"",IF($BD508<>Constants!$B$6,$BD508,SUM($BF508:$BG508))) | BI508: =IF(ISBLANK($C508),"",IF($BD508<>Constants!$B$6,$BD508,RANK($BH508,$BH$9:$BH$508,1))) | BJ508: =IF($BD508<>Constants!$B$6,"",IF($AU508="->",$BB508,$AS508)) | BK508: =IF(ISBLANK($C508),"",IF($BD508<>Constants!$B$6,$BD508,IF(ISNUMBER($BJ508),RANK($BJ508,$BJ$9:$BJ$508,1),COUNT($BJ$9:$BJ$508)+1))) | BL508: =IF($BD508<>Constants!$B$6,"",IF($AU508="->",$BC508,$AT508)) | BM508: =IF(ISBLANK($C508),"",IF($BD508<>Constants!$B$6,$BD508,IF(ISNUMBER($BL508),RANK($BL508,$BL$9:$BL$508,1),COUNT($BL$9:$BL$508)+1))) | BN508: =IF($BD508<>Constants!$B$6,"",IF($AU508="->",$AS508,$BB508)) | BO508: =IF(ISBLANK($C508),"",IF($BD508<>Constants!$B$6,$BD508,IF(ISNUMBER($BN508),RANK($BN508,$BN$9:$BN$508,1),COUNT($BN$9:$BN$508)+1))) | BP508: =IF($BD508<>Constants!$B$6,"",IF($AU508="->",$AT508,$BC508)) | BQ508: =IF(ISBLANK($C508),"",IF($BD508<>Constants!$B$6,$BD508,IF(ISNUMBER($BP508),RANK($BP508,$BP$9:$BP$508,1),COUNT($BP$9:$BP$508)+1))) | BR508: =IF(ISBLANK($C508),"",IF($BD508<>Constants!$B$6,$BD508,COUNTIFS($BI$9:$BI$508,"<"&$BI508)+COUNTIFS($BI$9:$BI$508,$BI508,$BK$9:$BK$508,"<"&$BK508)+COUNTIFS($BI$9:$BI$508,$BI508,$BK$9:$BK$508,$BK508,$BM$9:$BM$508,"<"&$BM508)+COUNTIFS($BI$9:$BI$508,$BI508,$BK$9:$BK$508,$BK508,$BM$9:$BM$508,$BM508,$BO$9:$BO$508,"<"&$BO508)+COUNTIFS($BI$9:$BI$508,$BI508,$BK$9:$BK$508,$BK508,$BM$9:$BM$508,$BM508,$BO$9:$BO$508,$BO508,$BQ$9:$BQ$508,"<"&$BQ508)+1)) | BS508: =IF(ISBLANK($C508),"",IF($BD508<>Constants!$B$6,$BD508,$BI508-$BR508)) | BV508: =IF(ISBLANK($C508),"",IF($BD508<>Constants!$B$6,"",IF($AU508="->",2,1))) | BW508: =IF(ISBLANK($C508),"",IF($BD508<>Constants!$B$6,"",IF($AU508="->",$AW508,$AN508))) | BX508: =IF(ISBLANK($C508),"",IF($BD508<>Constants!$B$6,"",IF($AU508="->",$AX508,$AO508))) | BY508: =IF(ISBLANK($C508),"",IF($BD508<>Constants!$B$6,"",IF($AU508="->",$AY508,$AP508))) | BZ508: =IF(ISBLANK($C508),"",IF($BD508<>Constants!$B$6,"",IF($AU508="->",$AZ508,$AQ508)+$BG508)) | CA508: =IF(ISBLANK($C508),"",IF($BD508<>Constants!$B$6,$BD508,$BH508)) | CB508: =IF(ISBLANK($C508),"",$BE508) | CC508: =IF(ISBLANK($C508),"",$BS508) | CD508: =IF(ISBLANK($C508),"",$BR508) | CE508: =IF(ISBLANK($C508),"",IF($CD508=Constants!$B$9,COUNTA($C$9:$C$508)+2,IF($CD508=Constants!$B$8,COUNTA($C$9:$C$508)+1,IF($CD508=Constants!$B$7,COUNTA($C$9:$C$508),$CD508)))) | CG508: =IF(OR(ISNUMBER($CD508),$CD508=Constants!$B$9,$CD508=Constants!$B$7,$CD508=Constants!$B$8),1,0) -> 0 | CH508: 500 | CI508: =IF(ISBLANK($C508),"",IF(ISNUMBER($CE508),$CE508+ROW($B508)/1000,"")) | CJ508: =IF(ISNUMBER($CI508),RANK($CI508,$CI$9:$CI$508,1),"") | CK508: =IF(ISBLANK($C508),"",$B508) | CL508: =IF(ISBLANK($C508),"",$C508) | CM508: =IF(ISBLANK($C508),"",$D508) | CN508: =$CB508 | CO508: =$CA508 | CP508: =IF(ISBLANK($C508),"",$CD508) | CQ508: =IF($CH508>$CG$8,"",VLOOKUP($CH508,$CJ$9:$CP$508,7,FALSE())) | CR508: =IF($CH508>$CG$8,"",VLOOKUP($CH508,$CJ$9:$CP$508,2,FALSE())) | CS508: =IF($CH508>$CG$8,"",VLOOKUP($CH508,$CJ$9:$CP$508,3,FALSE())) | CT508: =IF($CH508>$CG$8,"",VLOOKUP($CH508,$CJ$9:$CP$508,4,FALSE())) | CU508: =IF($CH508>$CG$8,"",VLOOKUP($CH508,$CJ$9:$CP$508,5,FALSE())) | CV508: =IF($CH508>$CG$8,"",VLOOKUP($CH508,$CJ$9:$CP$508,6,FALSE()))

Sheet Constants
A1: Name Desc | B1: Value
A2: =TRUE() -> TRUE | B2: T
A3: =FALSE() -> FALSE | B3: F
A4: Successful Run | B4: Successful
A5: Failed Run | B5: Failed
A6: Competed | B6: C
A7: Participated | B7: P
A8: No-Show | B8: NS
A9: Disqualified | B9: DQ
A10: Error | B10: ERR
A11: Tier 1 | B11: 1
A12: Competition Violation Penalty (run) | B12: 150
A13: Construction Violation Penalty (run) | B13: 300
A14: Non-modification Penalty (run) | B14: 50
A15: Impound Penalty (final) | B15: 5000
A16: Base Run Score | B16: 100
A17: Vehicle Distance Score (pt/cm) | B17: 2
A18: Failed Run Distance Score | B18: 2500
A19: Time Score (pt/s) | B19: 1
A20: Can Bonus Multiplier (pt/cm) | B20: -0.5
A21: Can Bonus Baseline (cm) | B21: 110
A22: Inside Can Distance Max (cm) | B22: 100

Sheet Export
A1: Team # | B1: School Name | C1: Team Name | D1: Status | E1: Score | F1: Tiebreaker | G1: Tier | H1: Points | I1: Rank
A2: =ExportRaw!$F2 -> 0 | B2: =ExportRaw!$C2 -> 0 | C2: =ExportRaw!$G2 -> 0 | D2: =ExportRaw!$E2 | E2: =ExportRaw!$D2 | F2: =ExportRaw!$H2 | G2: =ExportRaw!$I2 | H2: =ExportRaw!$A2 | I2: =ExportRaw!$B2
A3: =ExportRaw!$F3 -> 0 | B3: =ExportRaw!$C3 -> 0 | C3: =ExportRaw!$G3 -> 0 | D3: =ExportRaw!$E3 | E3: =ExportRaw!$D3 | F3: =ExportRaw!$H3 | G3: =ExportRaw!$I3 | H3: =ExportRaw!$A3 | I3: =ExportRaw!$B3
A4: =ExportRaw!$F4 -> 0 | B4: =ExportRaw!$C4 -> 0 | C4: =ExportRaw!$G4 -> 0 | D4: =ExportRaw!$E4 | E4: =ExportRaw!$D4 | F4: =ExportRaw!$H4 | G4: =ExportRaw!$I4 | H4: =ExportRaw!$A4 | I4: =ExportRaw!$B4
A5: =ExportRaw!$F5 -> 0 | B5: =ExportRaw!$C5 -> 0 | C5: =ExportRaw!$G5 -> 0 | D5: =ExportRaw!$E5 | E5: =ExportRaw!$D5 | F5: =ExportRaw!$H5 | G5: =ExportRaw!$I5 | H5: =ExportRaw!$A5 | I5: =ExportRaw!$B5
A6: =ExportRaw!$F6 -> 0 | B6: =ExportRaw!$C6 -> 0 | C6: =ExportRaw!$G6 -> 0 | D6: =ExportRaw!$E6 | E6: =ExportRaw!$D6 | F6: =ExportRaw!$H6 | G6: =ExportRaw!$I6 | H6: =ExportRaw!$A6 | I6: =ExportRaw!$B6
A7: =ExportRaw!$F7 -> 0 | B7: =ExportRaw!$C7 -> 0 | C7: =ExportRaw!$G7 -> 0 | D7: =ExportRaw!$E7 | E7: =ExportRaw!$D7 | F7: =ExportRaw!$H7 | G7: =ExportRaw!$I7 | H7: =ExportRaw!$A7 | I7: =ExportRaw!$B7
A8: =ExportRaw!$F8 -> 0 | B8: =ExportRaw!$C8 -> 0 | C8: =ExportRaw!$G8 -> 0 | D8: =ExportRaw!$E8 | E8: =ExportRaw!$D8 | F8: =ExportRaw!$H8 | G8: =ExportRaw!$I8 | H8: =ExportRaw!$A8 | I8: =ExportRaw!$B8
A9: =ExportRaw!$F9 -> 0 | B9: =ExportRaw!$C9 -> 0 | C9: =ExportRaw!$G9 -> 0 | D9: =ExportRaw!$E9 | E9: =ExportRaw!$D9 | F9: =ExportRaw!$H9 | G9: =ExportRaw!$I9 | H9: =ExportRaw!$A9 | I9: =ExportRaw!$B9
A10: =ExportRaw!$F10 -> 0 | B10: =ExportRaw!$C10 -> 0 | C10: =ExportRaw!$G10 -> 0 | D10: =ExportRaw!$E10 | E10: =ExportRaw!$D10 | F10: =ExportRaw!$H10 | G10: =ExportRaw!$I10 | H10: =ExportRaw!$A10 | I10: =ExportRaw!$B10
A11: =ExportRaw!$F11 -> 0 | B11: =ExportRaw!$C11 -> 0 | C11: =ExportRaw!$G11 -> 0 | D11: =ExportRaw!$E11 | E11: =ExportRaw!$D11 | F11: =ExportRaw!$H11 | G11: =ExportRaw!$I11 | H11: =ExportRaw!$A11 | I11: =ExportRaw!$B11
A12: =ExportRaw!$F12 -> 0 | B12: =ExportRaw!$C12 -> 0 | C12: =ExportRaw!$G12 -> 0 | D12: =ExportRaw!$E12 | E12: =ExportRaw!$D12 | F12: =ExportRaw!$H12 | G12: =ExportRaw!$I12 | H12: =ExportRaw!$A12 | I12: =ExportRaw!$B12
A13: =ExportRaw!$F13 -> 0 | B13: =ExportRaw!$C13 -> 0 | C13: =ExportRaw!$G13 -> 0 | D13: =ExportRaw!$E13 | E13: =ExportRaw!$D13 | F13: =ExportRaw!$H13 | G13: =ExportRaw!$I13 | H13: =ExportRaw!$A13 | I13: =ExportRaw!$B13
... A501: =ExportRaw!$F501 -> 0 | B501: =ExportRaw!$C501 -> 0 | C501: =ExportRaw!$G501 -> 0 | D501: =ExportRaw!$E501 | E501: =ExportRaw!$D501 | F501: =ExportRaw!$H501 | G501: =ExportRaw!$I501 | H501: =ExportRaw!$A501 | I501: =ExportRaw!$B501

Sheet Changelog
A1: Date | B1: Version # | C1: Change
A2: 46291 | B2: 0.1.0 | C2: First draft of 2027 scoresheet completed

Sheet Vers
A1: =IFERROR(__xludf.dummyfunction("importrange(""https://docs.google.com/spreadsheets/d/1YGauecgVr6IitrGDDrOCoTXY8ruNxlmFhmS5Oas2JUg/edit?gid=0#gid=0"",""Sheet1!A1:G18"")"),"Helicopter|B/C") -> Helicopter|B/C | B1: =IFERROR(__xludf.dummyfunction("""COMPUTED_VALUE"""),"Helicopter") -> Helicopter | C1: =IFERROR(__xludf.dummyfunction("""COMPUTED_VALUE"""),"B/C") -> B/C | D1: =IFERROR(__xludf.dummyfunction("""COMPUTED_VALUE"""),"0.6.1") -> 0.6.1 | E1: =IFERROR(__xludf.dummyfunction("""COMPUTED_VALUE"""),46077) -> 46077 | G1: =IFERROR(__xludf.dummyfunction("""COMPUTED_VALUE"""),"Ready") -> Ready
A2: =IFERROR(__xludf.dummyfunction("""COMPUTED_VALUE"""),"Mission Possible|B") -> Mission Possible|B | B2: =IFERROR(__xludf.dummyfunction("""COMPUTED_VALUE"""),"Mission Possible") -> Mission Possible | C2: =IFERROR(__xludf.dummyfunction("""COMPUTED_VALUE"""),"B") -> B | D2: =IFERROR(__xludf.dummyfunction("""COMPUTED_VALUE"""),"0.5.1") -> 0.5.1 | E2: =IFERROR(__xludf.dummyfunction("""COMPUTED_VALUE"""),46077) -> 46077 | G2: =IFERROR(__xludf.dummyfunction("""COMPUTED_VALUE"""),"Ready") -> Ready
A3: =IFERROR(__xludf.dummyfunction("""COMPUTED_VALUE"""),"Scrambler|B") -> Scrambler|B | B3: =IFERROR(__xludf.dummyfunction("""COMPUTED_VALUE"""),"Scrambler") -> Scrambler | C3: =IFERROR(__xludf.dummyfunction("""COMPUTED_VALUE"""),"B") -> B | D3: =IFERROR(__xludf.dummyfunction("""COMPUTED_VALUE"""),"0.4.1") -> 0.4.1 | E3: =IFERROR(__xludf.dummyfunction("""COMPUTED_VALUE"""),46077) -> 46077 | G3: =IFERROR(__xludf.dummyfunction("""COMPUTED_VALUE"""),"Ready") -> Ready
A4: =IFERROR(__xludf.dummyfunction("""COMPUTED_VALUE"""),"Bungee Drop|C") -> Bungee Drop|C | B4: =IFERROR(__xludf.dummyfunction("""COMPUTED_VALUE"""),"Bungee Drop") -> Bungee Drop | C4: =IFERROR(__xludf.dummyfunction("""COMPUTED_VALUE"""),"C") -> C | D4: =IFERROR(__xludf.dummyfunction("""COMPUTED_VALUE"""),"0.4.3") -> 0.4.3 | E4: =IFERROR(__xludf.dummyfunction("""COMPUTED_VALUE"""),46077) -> 46077 | G4: =IFERROR(__xludf.dummyfunction("""COMPUTED_VALUE"""),"Ready") -> Ready
A5: =IFERROR(__xludf.dummyfunction("""COMPUTED_VALUE"""),"Electric Vehicle|C") -> Electric Vehicle|C | B5: =IFERROR(__xludf.dummyfunction("""COMPUTED_VALUE"""),"Electric Vehicle") -> Electric Vehicle | C5: =IFERROR(__xludf.dummyfunction("""COMPUTED_VALUE"""),"C") -> C | D5: =IFERROR(__xludf.dummyfunction("""COMPUTED_VALUE"""),"0.8.0") -> 0.8.0 | E5: =IFERROR(__xludf.dummyfunction("""COMPUTED_VALUE"""),46047) -> 46047 | G5: =IFERROR(__xludf.dummyfunction("""COMPUTED_VALUE"""),"Ready") -> Ready
A6: =IFERROR(__xludf.dummyfunction("""COMPUTED_VALUE"""),"Robot Tour|C") -> Robot Tour|C | B6: =IFERROR(__xludf.dummyfunction("""COMPUTED_VALUE"""),"Robot Tour") -> Robot Tour | C6: =IFERROR(__xludf.dummyfunction("""COMPUTED_VALUE"""),"C") -> C | D6: =IFERROR(__xludf.dummyfunction("""COMPUTED_VALUE"""),"0.6.0") -> 0.6.0 | E6: =IFERROR(__xludf.dummyfunction("""COMPUTED_VALUE"""),46077) -> 46077 | G6: =IFERROR(__xludf.dummyfunction("""COMPUTED_VALUE"""),"Ready") -> Ready
A7: =IFERROR(__xludf.dummyfunction("""COMPUTED_VALUE"""),"Hovercraft|B/C") -> Hovercraft|B/C | B7: =IFERROR(__xludf.dummyfunction("""COMPUTED_VALUE"""),"Hovercraft") -> Hovercraft | C7: =IFERROR(__xludf.dummyfunction("""COMPUTED_VALUE"""),"B/C") -> B/C | D7: =IFERROR(__xludf.dummyfunction("""COMPUTED_VALUE"""),"0.5.3") -> 0.5.3 | E7: =IFERROR(__xludf.dummyfunction("""COMPUTED_VALUE"""),46055) -> 46055 | G7: =IFERROR(__xludf.dummyfunction("""COMPUTED_VALUE"""),"Ready") -> Ready
A8: =IFERROR(__xludf.dummyfunction("""COMPUTED_VALUE"""),"Boomilever|B/C") -> Boomilever|B/C | B8: =IFERROR(__xludf.dummyfunction("""COMPUTED_VALUE"""),"Boomilever") -> Boomilever | C8: =IFERROR(__xludf.dummyfunction("""COMPUTED_VALUE"""),"B/C") -> B/C | D8: =IFERROR(__xludf.dummyfunction("""COMPUTED_VALUE"""),"0.3.0") -> 0.3.0 | E8: =IFERROR(__xludf.dummyfunction("""COMPUTED_VALUE"""),46077) -> 46077 | G8: =IFERROR(__xludf.dummyfunction("""COMPUTED_VALUE"""),"Ready") -> Ready
A9: =IFERROR(__xludf.dummyfunction("""COMPUTED_VALUE"""),"Machines|B/C") -> Machines|B/C | B9: =IFERROR(__xludf.dummyfunction("""COMPUTED_VALUE"""),"Machines") -> Machines | C9: =IFERROR(__xludf.dummyfunction("""COMPUTED_VALUE"""),"B/C") -> B/C | D9: =IFERROR(__xludf.dummyfunction("""COMPUTED_VALUE"""),"0.4.0") -> 0.4.0 | E9: =IFERROR(__xludf.dummyfunction("""COMPUTED_VALUE"""),45996) -> 45996 | G9: =IFERROR(__xludf.dummyfunction("""COMPUTED_VALUE"""),"Ready") -> Ready
A10: =IFERROR(__xludf.dummyfunction("""COMPUTED_VALUE"""),"Engineering CAD|C") -> Engineering CAD|C | B10: =IFERROR(__xludf.dummyfunction("""COMPUTED_VALUE"""),"Engineering CAD") -> Engineering CAD | C10: =IFERROR(__xludf.dummyfunction("""COMPUTED_VALUE"""),"C") -> C | D10: =IFERROR(__xludf.dummyfunction("""COMPUTED_VALUE"""),"1.0.0") -> 1.0.0 | E10: =IFERROR(__xludf.dummyfunction("""COMPUTED_VALUE"""),46095) -> 46095 | G10: =IFERROR(__xludf.dummyfunction("""COMPUTED_VALUE"""),"Ready") -> Ready
A21: =IF(ISBLANK(B21),"",B21&"|"&C21)
A22: =IF(ISBLANK(B22),"",B22&"|"&C22)
A23: =IF(ISBLANK(B23),"",B23&"|"&C23)
A24: =IF(ISBLANK(B24),"",B24&"|"&C24)
A25: =IF(ISBLANK(B25),"",B25&"|"&C25)
A26: =IF(ISBLANK(B26),"",B26&"|"&C26)
A27: =IF(ISBLANK(B27),"",B27&"|"&C27)
A28: =IF(ISBLANK(B28),"",B28&"|"&C28)
A29: =IF(ISBLANK(B29),"",B29&"|"&C29)
A30: =IF(ISBLANK(B30),"",B30&"|"&C30)
A31: =IF(ISBLANK(B31),"",B31&"|"&C31)
A32: =IF(ISBLANK(B32),"",B32&"|"&C32)
... A1000: =IF(ISBLANK(B1000),"",B1000&"|"&C1000)

Sheet Info.
A1: Event | B1: Scrambler
A2: Last Updated | B2: 46296 | D2: Idx of first . | E2: Idx of second . | F2: Major Version | G2: Minor Version | H2: Minor Patch
A3: Version | B3: 0.1.0 | D3: =FIND(".",B3) -> 2 | E3: =FIND(".",B3,D3+1) -> 4 | F3: =LEFT(B3,D3-1) -> 0 | G3: =MID(B3,D3+1,E3-D3-1) -> 1 | H3: =RIGHT(B3,LEN(B3)-E3) -> 0
A4: Division | B4: B
A5: Year | B5: 2027
A6: VLook | B6: =B1&"|"&B4 -> Scrambler|B
A7: Latest Version | B7: 0.1.0 | D7: =FIND(".",B7) -> 2 | E7: =FIND(".",B7,D7+1) -> 4 | F7: =LEFT(B7,D7-1) -> 0 | G7: =MID(B7,D7+1,E7-D7-1) -> 1 | H7: =RIGHT(B7,LEN(B7)-E7) -> 0
A8: Outdated? | B8: =IF(CONCATENATE(F7,".",G7)=CONCATENATE(F3,".",G3),"F","T") -> F

Sheet Dropdowns
A1: Compliant | B1: Complete | C1: Points
A2: Incomplete | B2: Incomplete | C2: Rank
A3: Non-Compliant | B3: No Log | C3: School Name
A4: No Log | C4: Score
C5: Status
C6: Team #
C7: Team Name
C8: Tiebreaker
C9: Tier

Sheet ExportRaw
A1: Points | B1: Rank | C1: School Name | D1: Score | E1: Status | F1: Team # | G1: Team Name | H1: Tiebreaker | I1: Tier
A2: =Scoring!CE9 | B2: =Scoring!CD9 | C2: =Scoring!C9 -> 0 | D2: =Scoring!CA9 | E2: =Scoring!BD9 | F2: =Scoring!B9 -> 0 | G2: =Scoring!D9 -> 0 | H2: =Scoring!CC9 | I2: =Scoring!CB9
A3: =Scoring!CE10 | B3: =Scoring!CD10 | C3: =Scoring!C10 -> 0 | D3: =Scoring!CA10 | E3: =Scoring!BD10 | F3: =Scoring!B10 -> 0 | G3: =Scoring!D10 -> 0 | H3: =Scoring!CC10 | I3: =Scoring!CB10
A4: =Scoring!CE11 | B4: =Scoring!CD11 | C4: =Scoring!C11 -> 0 | D4: =Scoring!CA11 | E4: =Scoring!BD11 | F4: =Scoring!B11 -> 0 | G4: =Scoring!D11 -> 0 | H4: =Scoring!CC11 | I4: =Scoring!CB11
A5: =Scoring!CE12 | B5: =Scoring!CD12 | C5: =Scoring!C12 -> 0 | D5: =Scoring!CA12 | E5: =Scoring!BD12 | F5: =Scoring!B12 -> 0 | G5: =Scoring!D12 -> 0 | H5: =Scoring!CC12 | I5: =Scoring!CB12
A6: =Scoring!CE13 | B6: =Scoring!CD13 | C6: =Scoring!C13 -> 0 | D6: =Scoring!CA13 | E6: =Scoring!BD13 | F6: =Scoring!B13 -> 0 | G6: =Scoring!D13 -> 0 | H6: =Scoring!CC13 | I6: =Scoring!CB13
A7: =Scoring!CE14 | B7: =Scoring!CD14 | C7: =Scoring!C14 -> 0 | D7: =Scoring!CA14 | E7: =Scoring!BD14 | F7: =Scoring!B14 -> 0 | G7: =Scoring!D14 -> 0 | H7: =Scoring!CC14 | I7: =Scoring!CB14
A8: =Scoring!CE15 | B8: =Scoring!CD15 | C8: =Scoring!C15 -> 0 | D8: =Scoring!CA15 | E8: =Scoring!BD15 | F8: =Scoring!B15 -> 0 | G8: =Scoring!D15 -> 0 | H8: =Scoring!CC15 | I8: =Scoring!CB15
A9: =Scoring!CE16 | B9: =Scoring!CD16 | C9: =Scoring!C16 -> 0 | D9: =Scoring!CA16 | E9: =Scoring!BD16 | F9: =Scoring!B16 -> 0 | G9: =Scoring!D16 -> 0 | H9: =Scoring!CC16 | I9: =Scoring!CB16
A10: =Scoring!CE17 | B10: =Scoring!CD17 | C10: =Scoring!C17 -> 0 | D10: =Scoring!CA17 | E10: =Scoring!BD17 | F10: =Scoring!B17 -> 0 | G10: =Scoring!D17 -> 0 | H10: =Scoring!CC17 | I10: =Scoring!CB17
A11: =Scoring!CE18 | B11: =Scoring!CD18 | C11: =Scoring!C18 -> 0 | D11: =Scoring!CA18 | E11: =Scoring!BD18 | F11: =Scoring!B18 -> 0 | G11: =Scoring!D18 -> 0 | H11: =Scoring!CC18 | I11: =Scoring!CB18
A12: =Scoring!CE19 | B12: =Scoring!CD19 | C12: =Scoring!C19 -> 0 | D12: =Scoring!CA19 | E12: =Scoring!BD19 | F12: =Scoring!B19 -> 0 | G12: =Scoring!D19 -> 0 | H12: =Scoring!CC19 | I12: =Scoring!CB19
A13: =Scoring!CE20 | B13: =Scoring!CD20 | C13: =Scoring!C20 -> 0 | D13: =Scoring!CA20 | E13: =Scoring!BD20 | F13: =Scoring!B20 -> 0 | G13: =Scoring!D20 -> 0 | H13: =Scoring!CC20 | I13: =Scoring!CB20
... A501: =Scoring!CE508 | B501: =Scoring!CD508 | C501: =Scoring!C508 -> 0 | D501: =Scoring!CA508 | E501: =Scoring!BD508 | F501: =Scoring!B508 -> 0 | G501: =Scoring!D508 -> 0 | H501: =Scoring!CC508 | I501: =Scoring!CB508
