Workbook

Sheet Scoring
B2: ='Info.'!B1&" "&'Info.'!B4 -> Thermodynamics B/C | G2: Im | H2: Check-in | I2: Device Testing | Y2: Req* | AA2: Req* | AE2: *Required only if device is allowed to run | BJ2: Rank for this team with row() bump | BK2: Rank for this team with same ranks split | BL2: Team Number of this team | BM2: Name of this schoo | BN2: Name of this team | BO2: Tier for this Team | BP2: Score for this team | BQ2: Actual Rank for this team | BR2: Final Rankings
E3: Actual Ratio 1 | F3: Actual Ratio 2 | G3: 1. Device Impounded (T/F) | H3: 2. Device does not contain hazardous materials (T/F) | I3: 3. Met all const para (T/F) | J3: 4. Team does not touch their setup during the Heating Time (T/F) | K3: 5. Met all comp para (T/F) | L3: 6. Starting Water Temp | M3: 7. Predicted Final Temp | N3: 8. Actual Final Temp | O3: 9. Part I Raw Score | P3: 10. Tiebreak 3 Ranking (If blank, assumes rank 1) | Q3: 11. Disqualify (T/F) | T3: =G3 -> 1. Device Impounded (T/F) | U3: =H3 -> 2. Device does not contain hazardous materials (T/F) | V3: =I3 -> 3. Met all const para (T/F) | W3: =J3 -> 4. Team does not touch their setup during the Heating Time (T/F) | X3: =K3 -> 5. Met all comp para (T/F) | Y3: =L3 -> 6. Starting Water Temp | Z3: =M3 -> 7. Predicted Final Temp | AA3: =N3 -> 8. Actual Final Temp | ... AD3: =Q3 -> 11. Disqualify (T/F) | BA3: Errors | BB3: Score | BC3: Tier | BD3: Tiebreaker | BE3: Rank | BF3: Points | BR3: Rank | BS3: Team # | BT3: School Name | BU3: Team Name | BV3: Tier | BW3: Score
B4: ="Event Scoresheet - "&'Info.'!B5&IF('Info.'!B8="T"," The scoresheet has been updated; please download version v"&'Info.'!B7&" from soinc.org/scoresheets.","") -> Event Scoresheet - 2026 | AH4: Highest TG | AL4: Highest PE | AP4: Part I Highest Raw Score
B6: ="Last Updated: "&TEXT('Info.'!B2, "mm/dd/yyyy")&" (v"&'Info.'!B3&") Direct all questions to scoresheets@soinc.org." -> Last Updated: 09/10/2025 (v0.1.0) Direct all questions to scoresheets@soinc.org. | AH6: =MAX(AH8:AH507) -> 0 | AI6: Box 6 or Box 8 is missing. | AL6: =MAX(AL8:AL507) -> 0 | AM6: Box 8 cannot be 0. | AP6: =MAX(AB8:AB507) -> 0
B7: Team # | C7: School Name | D7: Team Name | AE7: Status | AF7: Tier | AG7: TS/PS Multiplier | AH7: TG | AI7: TG Error Check | AJ7: Raw TS | AK7: TS | AL7: PE | AM7: PE Error Check | AN7: Raw PS | AO7: PS | AP7: ES | AQ7: Score | AR7: Rank | AS7: TB1 (Best TS) | AT7: TB1 Rank | AU7: TB2 (Best ES) | AV7: TB2 Rank | AW7: TB3 Rank | AX7: Rank w/ TB | AY7: Rank Diff | BA7: =IF(COUNTIF($BA$8:$BA$507,"?*")=0,"No input errors",COUNTIF($BA$8:$BA$507,"?*")&" row(s) need attention") -> No input errors | BH7: =SUM(BH8:BH507) -> 0
T8: =IF(ISBLANK($C8),"",IF(G8=Constants!$B$2, TRUE(), IF(G8=Constants!$B$3, FALSE(), TRUE()))) | U8: =IF(ISBLANK($C8),"",IF(H8=Constants!$B$2, TRUE(), IF(H8=Constants!$B$3, FALSE(), TRUE()))) | V8: =IF(ISBLANK($C8),"",IF(I8=Constants!$B$2, TRUE(), IF(I8=Constants!$B$3, FALSE(), TRUE()))) | W8: =IF(ISBLANK($C8),"",IF(J8=Constants!$B$2, TRUE(), IF(J8=Constants!$B$3, FALSE(), TRUE()))) | X8: =IF(ISBLANK($C8),"",IF(K8=Constants!$B$2, TRUE(), IF(K8=Constants!$B$3, FALSE(), TRUE()))) | Y8: =IF(ISBLANK($C8),"",IF(ISNUMBER(L8), L8, "")) | Z8: =IF(ISBLANK($C8),"",IF(ISNUMBER(M8), M8, "")) | AA8: =IF(ISBLANK($C8),"",IF(ISNUMBER(N8), N8, "")) | AB8: =IF(ISBLANK($C8),"",IF(ISNUMBER(O8), O8, "")) | AC8: =IF(ISBLANK($C8),"",IF(ISNUMBER(P8), P8, Constants!$B$13)) | AD8: =IF(ISBLANK($C8),"",IF(Q8=Constants!$B$2, TRUE(), IF(Q8=Constants!$B$3, FALSE(), FALSE()))) | AE8: =IF(ISBLANK(C8), "", IF(AD8, Constants!$B$4,IF(COUNTA(G8:O8)=0, Constants!$B$5, Constants!$B$7))) | AF8: =IF(ISBLANK($C8), "",IF($AE8=Constants!$B$7,1,$AE8)) | AG8: =IF($AE8=Constants!$B$7,IF(V8, 1, Constants!$B$11) * IF(X8, 1, Constants!$B$12),"") | AH8: =IF(AND($AE8=Constants!$B$7, T8, U8) ,MAX(0, $AA8-$Y8),"") | AI8: =IF(ISERROR(AH8),$AI$6,"") | AJ8: =IF($AE8=Constants!$B$7,IF(AND(T8,U8,W8),IF($AH$6=0,Constants!$B$9,Constants!$B$9*AH8/$AH$6), 0),"") | AK8: =IF(AJ8<>"", AJ8*AG8,"") | AL8: =IF(AND($AE8=Constants!$B$7, T8, U8) ,IF($Z8="", "", MAX(0,1-ABS($AA8-$Z8)/$AA8)),"") | AM8: =IF(AND(NOT(ISERROR(AH8)),ISERROR(AL8)),$AM$6,"") | AN8: =IF($AE8=Constants!$B$7 ,IF(AND(T8,U8,W8,ISNUMBER(Z8)),IF($AL$6=0,Constants!$B$10,Constants!$B$10*AL8/$AL$6), 0),"") | AO8: =IF(AN8<>"", AN8*AG8,"") | AP8: =IF($AE8=Constants!$B$7,IF($AP$6=0,Constants!$B$8,Constants!$B$8*AB8/$AP$6),"") | AQ8: =IF($AE8<>Constants!$B$7,$AE8,AK8+AO8+AP8) | AR8: =IF(ISBLANK($C8),"",IF($AE8=Constants!$B$7,RANK(AQ8,$AQ$8:$AQ$507),$AE8)) | AS8: =IF(ISBLANK($C8), "",AK8) | AT8: =IF(ISBLANK($C8),"",IF($AE8=Constants!$B$7,RANK(AS8,AS$8:AS$507),$AE8)) | AU8: =IF(ISBLANK($C8), "",AP8) | AV8: =IF(ISBLANK($C8),"",IF($AE8=Constants!$B$7,RANK(AU8,AU$8:AU$507),$AE8)) | AW8: =IF(ISBLANK($C8), "",AC8) | AX8: =IF(ISBLANK($C8),"", IF($AE8=Constants!$B$7, COUNTIFS($AR$8:$AR$507,"<"&$AR8) + COUNTIFS($AR$8:$AR$507,$AR8,$AT$8:$AT$507,"<"&$AT8) + COUNTIFS($AR$8:$AR$507,$AR8,$AT$8:$AT$507,$AT8,$AV$8:$AV$507,"<"&$AV8) + COUNTIFS($AR$8:$AR$507,$AR8,$AT$8:$AT$507,$AT8,$AV$8:$AV$507,$AV8,$AW$8:$AW$507,"<"&$AW8) + 1, $AE8)) | AY8: =IF(ISBLANK(C8),"",IF($AE8=Constants!$B$7, AR8-AX8,$AE8)) | BA8: =IF(ISBLANK($C8),"",TRIM(AI8&" "&AM8)) | BB8: =IF(ISBLANK($C8),"",IF($AE8<>Constants!$B$7, $AE8 ,AQ8)) | BC8: =IF(ISBLANK($C8),"",IF($AE8<>Constants!$B$7, $AE8 ,AF8)) | BD8: =IF(ISBLANK(C8),"",AY8) | BE8: =IF(ISBLANK(C8),"",AX8) | BF8: =IF(ISBLANK(C8),"",IFERROR(_xlfn.SWITCH(BE8, Constants!$B$4, COUNTA($C$8:$C507)+2, Constants!$B$5, COUNTA($C$8:$C507)+1, Constants!$B$6, COUNTA($C$8:$C507)),BE8)) | BH8: =IF(OR(ISNUMBER(BE8),BE8="DQ",BE8="P",BE8="NS"), 1, 0 ) -> 0 | BI8: 1 | BJ8: =IF(ISBLANK($C8), "", BF8+ROW($B8)/1000 ) | BK8: =IF(ISNUMBER(BJ8), RANK(BJ8,BJ$8:BJ$507,1), "") | BL8: =IF(ISBLANK($C8), "", $B8 ) | BM8: =IF(ISBLANK($C8), "", $C8 ) | BN8: =IF(ISBLANK($C8), "", $D8 ) | BO8: =BC8 | BP8: =BB8 | BQ8: =IF(ISBLANK($C8), "", BE8 ) | BR8: =IF(BI8>BH$7, "", VLOOKUP(BI8,BK$8:BQ507,7,FALSE()) ) | BS8: =IF(BI8>BH$7, "", VLOOKUP(BI8,BK$8:BQ507,2,FALSE()) ) | BT8: =IF(BI8>BH$7, "", VLOOKUP(BI8,BK$8:BQ507,3,FALSE()) ) | BU8: =IF(BI8>BH$7, "", VLOOKUP(BI8,BK$8:BQ507,4,FALSE()) ) | BV8: =IF(BI8>BH$7, "", VLOOKUP(BI8,BK$8:BQ507,5,FALSE()) ) | BW8: =IF(BI8>BH$7, "", VLOOKUP(BI8,BK$8:BQ507,6,FALSE()) )
T9: =IF(ISBLANK($C9),"",IF(G9=Constants!$B$2, TRUE(), IF(G9=Constants!$B$3, FALSE(), TRUE()))) | U9: =IF(ISBLANK($C9),"",IF(H9=Constants!$B$2, TRUE(), IF(H9=Constants!$B$3, FALSE(), TRUE()))) | V9: =IF(ISBLANK($C9),"",IF(I9=Constants!$B$2, TRUE(), IF(I9=Constants!$B$3, FALSE(), TRUE()))) | W9: =IF(ISBLANK($C9),"",IF(J9=Constants!$B$2, TRUE(), IF(J9=Constants!$B$3, FALSE(), TRUE()))) | X9: =IF(ISBLANK($C9),"",IF(K9=Constants!$B$2, TRUE(), IF(K9=Constants!$B$3, FALSE(), TRUE()))) | Y9: =IF(ISBLANK($C9),"",IF(ISNUMBER(L9), L9, "")) | Z9: =IF(ISBLANK($C9),"",IF(ISNUMBER(M9), M9, "")) | AA9: =IF(ISBLANK($C9),"",IF(ISNUMBER(N9), N9, "")) | AB9: =IF(ISBLANK($C9),"",IF(ISNUMBER(O9), O9, "")) | AC9: =IF(ISBLANK($C9),"",IF(ISNUMBER(P9), P9, Constants!$B$13)) | AD9: =IF(ISBLANK($C9),"",IF(Q9=Constants!$B$2, TRUE(), IF(Q9=Constants!$B$3, FALSE(), FALSE()))) | AE9: =IF(ISBLANK(C9), "", IF(AD9, Constants!$B$4,IF(COUNTA(G9:O9)=0, Constants!$B$5, Constants!$B$7))) | AF9: =IF(ISBLANK($C9), "",IF($AE9=Constants!$B$7,1,$AE9)) | AG9: =IF($AE9=Constants!$B$7,IF(V9, 1, Constants!$B$11) * IF(X9, 1, Constants!$B$12),"") | AH9: =IF(AND($AE9=Constants!$B$7, T9, U9) ,MAX(0, $AA9-$Y9),"") | AI9: =IF(ISERROR(AH9),$AI$6,"") | AJ9: =IF($AE9=Constants!$B$7,IF(AND(T9,U9,W9),IF($AH$6=0,Constants!$B$9,Constants!$B$9*AH9/$AH$6), 0),"") | AK9: =IF(AJ9<>"", AJ9*AG9,"") | AL9: =IF(AND($AE9=Constants!$B$7, T9, U9) ,IF($Z9="", "", MAX(0,1-ABS($AA9-$Z9)/$AA9)),"") | AM9: =IF(AND(NOT(ISERROR(AH9)),ISERROR(AL9)),$AM$6,"") | AN9: =IF($AE9=Constants!$B$7 ,IF(AND(T9,U9,W9,ISNUMBER(Z9)),IF($AL$6=0,Constants!$B$10,Constants!$B$10*AL9/$AL$6), 0),"") | AO9: =IF(AN9<>"", AN9*AG9,"") | AP9: =IF($AE9=Constants!$B$7,IF($AP$6=0,Constants!$B$8,Constants!$B$8*AB9/$AP$6),"") | AQ9: =IF($AE9<>Constants!$B$7,$AE9,AK9+AO9+AP9) | AR9: =IF(ISBLANK($C9),"",IF($AE9=Constants!$B$7,RANK(AQ9,$AQ$8:$AQ$507),$AE9)) | AS9: =IF(ISBLANK($C9), "",AK9) | AT9: =IF(ISBLANK($C9),"",IF($AE9=Constants!$B$7,RANK(AS9,AS$8:AS$507),$AE9)) | AU9: =IF(ISBLANK($C9), "",AP9) | AV9: =IF(ISBLANK($C9),"",IF($AE9=Constants!$B$7,RANK(AU9,AU$8:AU$507),$AE9)) | AW9: =IF(ISBLANK($C9), "",AC9) | AX9: =IF(ISBLANK($C9),"", IF($AE9=Constants!$B$7, COUNTIFS($AR$8:$AR$507,"<"&$AR9) + COUNTIFS($AR$8:$AR$507,$AR9,$AT$8:$AT$507,"<"&$AT9) + COUNTIFS($AR$8:$AR$507,$AR9,$AT$8:$AT$507,$AT9,$AV$8:$AV$507,"<"&$AV9) + COUNTIFS($AR$8:$AR$507,$AR9,$AT$8:$AT$507,$AT9,$AV$8:$AV$507,$AV9,$AW$8:$AW$507,"<"&$AW9) + 1, $AE9)) | AY9: =IF(ISBLANK(C9),"",IF($AE9=Constants!$B$7, AR9-AX9,$AE9)) | BA9: =IF(ISBLANK($C9),"",TRIM(AI9&" "&AM9)) | BB9: =IF(ISBLANK($C9),"",IF($AE9<>Constants!$B$7, $AE9 ,AQ9)) | BC9: =IF(ISBLANK($C9),"",IF($AE9<>Constants!$B$7, $AE9 ,AF9)) | BD9: =IF(ISBLANK(C9),"",AY9) | BE9: =IF(ISBLANK(C9),"",AX9) | BF9: =IF(ISBLANK(C9),"",IFERROR(_xlfn.SWITCH(BE9, Constants!$B$4, COUNTA($C$8:$C508)+2, Constants!$B$5, COUNTA($C$8:$C508)+1, Constants!$B$6, COUNTA($C$8:$C508)),BE9)) | BH9: =IF(OR(ISNUMBER(BE9),BE9="DQ",BE9="P",BE9="NS"), 1, 0 ) -> 0 | BI9: 2 | BJ9: =IF(ISBLANK($C9), "", BF9+ROW($B9)/1000 ) | BK9: =IF(ISNUMBER(BJ9), RANK(BJ9,BJ$8:BJ$507,1), "") | BL9: =IF(ISBLANK($C9), "", $B9 ) | BM9: =IF(ISBLANK($C9), "", $C9 ) | BN9: =IF(ISBLANK($C9), "", $D9 ) | BO9: =BC9 | BP9: =BB9 | BQ9: =IF(ISBLANK($C9), "", BE9 ) | BR9: =IF(BI9>BH$7, "", VLOOKUP(BI9,BK$8:BQ508,7,FALSE()) ) | BS9: =IF(BI9>BH$7, "", VLOOKUP(BI9,BK$8:BQ508,2,FALSE()) ) | BT9: =IF(BI9>BH$7, "", VLOOKUP(BI9,BK$8:BQ508,3,FALSE()) ) | BU9: =IF(BI9>BH$7, "", VLOOKUP(BI9,BK$8:BQ508,4,FALSE()) ) | BV9: =IF(BI9>BH$7, "", VLOOKUP(BI9,BK$8:BQ508,5,FALSE()) ) | BW9: =IF(BI9>BH$7, "", VLOOKUP(BI9,BK$8:BQ508,6,FALSE()) )
T10: =IF(ISBLANK($C10),"",IF(G10=Constants!$B$2, TRUE(), IF(G10=Constants!$B$3, FALSE(), TRUE()))) | U10: =IF(ISBLANK($C10),"",IF(H10=Constants!$B$2, TRUE(), IF(H10=Constants!$B$3, FALSE(), TRUE()))) | V10: =IF(ISBLANK($C10),"",IF(I10=Constants!$B$2, TRUE(), IF(I10=Constants!$B$3, FALSE(), TRUE()))) | W10: =IF(ISBLANK($C10),"",IF(J10=Constants!$B$2, TRUE(), IF(J10=Constants!$B$3, FALSE(), TRUE()))) | X10: =IF(ISBLANK($C10),"",IF(K10=Constants!$B$2, TRUE(), IF(K10=Constants!$B$3, FALSE(), TRUE()))) | Y10: =IF(ISBLANK($C10),"",IF(ISNUMBER(L10), L10, "")) | Z10: =IF(ISBLANK($C10),"",IF(ISNUMBER(M10), M10, "")) | AA10: =IF(ISBLANK($C10),"",IF(ISNUMBER(N10), N10, "")) | AB10: =IF(ISBLANK($C10),"",IF(ISNUMBER(O10), O10, "")) | AC10: =IF(ISBLANK($C10),"",IF(ISNUMBER(P10), P10, Constants!$B$13)) | AD10: =IF(ISBLANK($C10),"",IF(Q10=Constants!$B$2, TRUE(), IF(Q10=Constants!$B$3, FALSE(), FALSE()))) | AE10: =IF(ISBLANK(C10), "", IF(AD10, Constants!$B$4,IF(COUNTA(G10:O10)=0, Constants!$B$5, Constants!$B$7))) | AF10: =IF(ISBLANK($C10), "",IF($AE10=Constants!$B$7,1,$AE10)) | AG10: =IF($AE10=Constants!$B$7,IF(V10, 1, Constants!$B$11) * IF(X10, 1, Constants!$B$12),"") | AH10: =IF(AND($AE10=Constants!$B$7, T10, U10) ,MAX(0, $AA10-$Y10),"") | AI10: =IF(ISERROR(AH10),$AI$6,"") | AJ10: =IF($AE10=Constants!$B$7,IF(AND(T10,U10,W10),IF($AH$6=0,Constants!$B$9,Constants!$B$9*AH10/$AH$6), 0),"") | AK10: =IF(AJ10<>"", AJ10*AG10,"") | AL10: =IF(AND($AE10=Constants!$B$7, T10, U10) ,IF($Z10="", "", MAX(0,1-ABS($AA10-$Z10)/$AA10)),"") | AM10: =IF(AND(NOT(ISERROR(AH10)),ISERROR(AL10)),$AM$6,"") | AN10: =IF($AE10=Constants!$B$7 ,IF(AND(T10,U10,W10,ISNUMBER(Z10)),IF($AL$6=0,Constants!$B$10,Constants!$B$10*AL10/$AL$6), 0),"") | AO10: =IF(AN10<>"", AN10*AG10,"") | AP10: =IF($AE10=Constants!$B$7,IF($AP$6=0,Constants!$B$8,Constants!$B$8*AB10/$AP$6),"") | AQ10: =IF($AE10<>Constants!$B$7,$AE10,AK10+AO10+AP10) | AR10: =IF(ISBLANK($C10),"",IF($AE10=Constants!$B$7,RANK(AQ10,$AQ$8:$AQ$507),$AE10)) | AS10: =IF(ISBLANK($C10), "",AK10) | AT10: =IF(ISBLANK($C10),"",IF($AE10=Constants!$B$7,RANK(AS10,AS$8:AS$507),$AE10)) | AU10: =IF(ISBLANK($C10), "",AP10) | AV10: =IF(ISBLANK($C10),"",IF($AE10=Constants!$B$7,RANK(AU10,AU$8:AU$507),$AE10)) | AW10: =IF(ISBLANK($C10), "",AC10) | AX10: =IF(ISBLANK($C10),"", IF($AE10=Constants!$B$7, COUNTIFS($AR$8:$AR$507,"<"&$AR10) + COUNTIFS($AR$8:$AR$507,$AR10,$AT$8:$AT$507,"<"&$AT10) + COUNTIFS($AR$8:$AR$507,$AR10,$AT$8:$AT$507,$AT10,$AV$8:$AV$507,"<"&$AV10) + COUNTIFS($AR$8:$AR$507,$AR10,$AT$8:$AT$507,$AT10,$AV$8:$AV$507,$AV10,$AW$8:$AW$507,"<"&$AW10) + 1, $AE10)) | AY10: =IF(ISBLANK(C10),"",IF($AE10=Constants!$B$7, AR10-AX10,$AE10)) | BA10: =IF(ISBLANK($C10),"",TRIM(AI10&" "&AM10)) | BB10: =IF(ISBLANK($C10),"",IF($AE10<>Constants!$B$7, $AE10 ,AQ10)) | BC10: =IF(ISBLANK($C10),"",IF($AE10<>Constants!$B$7, $AE10 ,AF10)) | BD10: =IF(ISBLANK(C10),"",AY10) | BE10: =IF(ISBLANK(C10),"",AX10) | BF10: =IF(ISBLANK(C10),"",IFERROR(_xlfn.SWITCH(BE10, Constants!$B$4, COUNTA($C$8:$C509)+2, Constants!$B$5, COUNTA($C$8:$C509)+1, Constants!$B$6, COUNTA($C$8:$C509)),BE10)) | BH10: =IF(OR(ISNUMBER(BE10),BE10="DQ",BE10="P",BE10="NS"), 1, 0 ) -> 0 | BI10: 3 | BJ10: =IF(ISBLANK($C10), "", BF10+ROW($B10)/1000 ) | BK10: =IF(ISNUMBER(BJ10), RANK(BJ10,BJ$8:BJ$507,1), "") | BL10: =IF(ISBLANK($C10), "", $B10 ) | BM10: =IF(ISBLANK($C10), "", $C10 ) | BN10: =IF(ISBLANK($C10), "", $D10 ) | BO10: =BC10 | BP10: =BB10 | BQ10: =IF(ISBLANK($C10), "", BE10 ) | BR10: =IF(BI10>BH$7, "", VLOOKUP(BI10,BK$8:BQ509,7,FALSE()) ) | BS10: =IF(BI10>BH$7, "", VLOOKUP(BI10,BK$8:BQ509,2,FALSE()) ) | BT10: =IF(BI10>BH$7, "", VLOOKUP(BI10,BK$8:BQ509,3,FALSE()) ) | BU10: =IF(BI10>BH$7, "", VLOOKUP(BI10,BK$8:BQ509,4,FALSE()) ) | BV10: =IF(BI10>BH$7, "", VLOOKUP(BI10,BK$8:BQ509,5,FALSE()) ) | BW10: =IF(BI10>BH$7, "", VLOOKUP(BI10,BK$8:BQ509,6,FALSE()) )
T11: =IF(ISBLANK($C11),"",IF(G11=Constants!$B$2, TRUE(), IF(G11=Constants!$B$3, FALSE(), TRUE()))) | U11: =IF(ISBLANK($C11),"",IF(H11=Constants!$B$2, TRUE(), IF(H11=Constants!$B$3, FALSE(), TRUE()))) | V11: =IF(ISBLANK($C11),"",IF(I11=Constants!$B$2, TRUE(), IF(I11=Constants!$B$3, FALSE(), TRUE()))) | W11: =IF(ISBLANK($C11),"",IF(J11=Constants!$B$2, TRUE(), IF(J11=Constants!$B$3, FALSE(), TRUE()))) | X11: =IF(ISBLANK($C11),"",IF(K11=Constants!$B$2, TRUE(), IF(K11=Constants!$B$3, FALSE(), TRUE()))) | Y11: =IF(ISBLANK($C11),"",IF(ISNUMBER(L11), L11, "")) | Z11: =IF(ISBLANK($C11),"",IF(ISNUMBER(M11), M11, "")) | AA11: =IF(ISBLANK($C11),"",IF(ISNUMBER(N11), N11, "")) | AB11: =IF(ISBLANK($C11),"",IF(ISNUMBER(O11), O11, "")) | AC11: =IF(ISBLANK($C11),"",IF(ISNUMBER(P11), P11, Constants!$B$13)) | AD11: =IF(ISBLANK($C11),"",IF(Q11=Constants!$B$2, TRUE(), IF(Q11=Constants!$B$3, FALSE(), FALSE()))) | AE11: =IF(ISBLANK(C11), "", IF(AD11, Constants!$B$4,IF(COUNTA(G11:O11)=0, Constants!$B$5, Constants!$B$7))) | AF11: =IF(ISBLANK($C11), "",IF($AE11=Constants!$B$7,1,$AE11)) | AG11: =IF($AE11=Constants!$B$7,IF(V11, 1, Constants!$B$11) * IF(X11, 1, Constants!$B$12),"") | AH11: =IF(AND($AE11=Constants!$B$7, T11, U11) ,MAX(0, $AA11-$Y11),"") | AI11: =IF(ISERROR(AH11),$AI$6,"") | AJ11: =IF($AE11=Constants!$B$7,IF(AND(T11,U11,W11),IF($AH$6=0,Constants!$B$9,Constants!$B$9*AH11/$AH$6), 0),"") | AK11: =IF(AJ11<>"", AJ11*AG11,"") | AL11: =IF(AND($AE11=Constants!$B$7, T11, U11) ,IF($Z11="", "", MAX(0,1-ABS($AA11-$Z11)/$AA11)),"") | AM11: =IF(AND(NOT(ISERROR(AH11)),ISERROR(AL11)),$AM$6,"") | AN11: =IF($AE11=Constants!$B$7 ,IF(AND(T11,U11,W11,ISNUMBER(Z11)),IF($AL$6=0,Constants!$B$10,Constants!$B$10*AL11/$AL$6), 0),"") | AO11: =IF(AN11<>"", AN11*AG11,"") | AP11: =IF($AE11=Constants!$B$7,IF($AP$6=0,Constants!$B$8,Constants!$B$8*AB11/$AP$6),"") | AQ11: =IF($AE11<>Constants!$B$7,$AE11,AK11+AO11+AP11) | AR11: =IF(ISBLANK($C11),"",IF($AE11=Constants!$B$7,RANK(AQ11,$AQ$8:$AQ$507),$AE11)) | AS11: =IF(ISBLANK($C11), "",AK11) | AT11: =IF(ISBLANK($C11),"",IF($AE11=Constants!$B$7,RANK(AS11,AS$8:AS$507),$AE11)) | AU11: =IF(ISBLANK($C11), "",AP11) | AV11: =IF(ISBLANK($C11),"",IF($AE11=Constants!$B$7,RANK(AU11,AU$8:AU$507),$AE11)) | AW11: =IF(ISBLANK($C11), "",AC11) | AX11: =IF(ISBLANK($C11),"", IF($AE11=Constants!$B$7, COUNTIFS($AR$8:$AR$507,"<"&$AR11) + COUNTIFS($AR$8:$AR$507,$AR11,$AT$8:$AT$507,"<"&$AT11) + COUNTIFS($AR$8:$AR$507,$AR11,$AT$8:$AT$507,$AT11,$AV$8:$AV$507,"<"&$AV11) + COUNTIFS($AR$8:$AR$507,$AR11,$AT$8:$AT$507,$AT11,$AV$8:$AV$507,$AV11,$AW$8:$AW$507,"<"&$AW11) + 1, $AE11)) | AY11: =IF(ISBLANK(C11),"",IF($AE11=Constants!$B$7, AR11-AX11,$AE11)) | BA11: =IF(ISBLANK($C11),"",TRIM(AI11&" "&AM11)) | BB11: =IF(ISBLANK($C11),"",IF($AE11<>Constants!$B$7, $AE11 ,AQ11)) | BC11: =IF(ISBLANK($C11),"",IF($AE11<>Constants!$B$7, $AE11 ,AF11)) | BD11: =IF(ISBLANK(C11),"",AY11) | BE11: =IF(ISBLANK(C11),"",AX11) | BF11: =IF(ISBLANK(C11),"",IFERROR(_xlfn.SWITCH(BE11, Constants!$B$4, COUNTA($C$8:$C510)+2, Constants!$B$5, COUNTA($C$8:$C510)+1, Constants!$B$6, COUNTA($C$8:$C510)),BE11)) | BH11: =IF(OR(ISNUMBER(BE11),BE11="DQ",BE11="P",BE11="NS"), 1, 0 ) -> 0 | BI11: 4 | BJ11: =IF(ISBLANK($C11), "", BF11+ROW($B11)/1000 ) | BK11: =IF(ISNUMBER(BJ11), RANK(BJ11,BJ$8:BJ$507,1), "") | BL11: =IF(ISBLANK($C11), "", $B11 ) | BM11: =IF(ISBLANK($C11), "", $C11 ) | BN11: =IF(ISBLANK($C11), "", $D11 ) | BO11: =BC11 | BP11: =BB11 | BQ11: =IF(ISBLANK($C11), "", BE11 ) | BR11: =IF(BI11>BH$7, "", VLOOKUP(BI11,BK$8:BQ510,7,FALSE()) ) | BS11: =IF(BI11>BH$7, "", VLOOKUP(BI11,BK$8:BQ510,2,FALSE()) ) | BT11: =IF(BI11>BH$7, "", VLOOKUP(BI11,BK$8:BQ510,3,FALSE()) ) | BU11: =IF(BI11>BH$7, "", VLOOKUP(BI11,BK$8:BQ510,4,FALSE()) ) | BV11: =IF(BI11>BH$7, "", VLOOKUP(BI11,BK$8:BQ510,5,FALSE()) ) | BW11: =IF(BI11>BH$7, "", VLOOKUP(BI11,BK$8:BQ510,6,FALSE()) )
T12: =IF(ISBLANK($C12),"",IF(G12=Constants!$B$2, TRUE(), IF(G12=Constants!$B$3, FALSE(), TRUE()))) | U12: =IF(ISBLANK($C12),"",IF(H12=Constants!$B$2, TRUE(), IF(H12=Constants!$B$3, FALSE(), TRUE()))) | V12: =IF(ISBLANK($C12),"",IF(I12=Constants!$B$2, TRUE(), IF(I12=Constants!$B$3, FALSE(), TRUE()))) | W12: =IF(ISBLANK($C12),"",IF(J12=Constants!$B$2, TRUE(), IF(J12=Constants!$B$3, FALSE(), TRUE()))) | X12: =IF(ISBLANK($C12),"",IF(K12=Constants!$B$2, TRUE(), IF(K12=Constants!$B$3, FALSE(), TRUE()))) | Y12: =IF(ISBLANK($C12),"",IF(ISNUMBER(L12), L12, "")) | Z12: =IF(ISBLANK($C12),"",IF(ISNUMBER(M12), M12, "")) | AA12: =IF(ISBLANK($C12),"",IF(ISNUMBER(N12), N12, "")) | AB12: =IF(ISBLANK($C12),"",IF(ISNUMBER(O12), O12, "")) | AC12: =IF(ISBLANK($C12),"",IF(ISNUMBER(P12), P12, Constants!$B$13)) | AD12: =IF(ISBLANK($C12),"",IF(Q12=Constants!$B$2, TRUE(), IF(Q12=Constants!$B$3, FALSE(), FALSE()))) | AE12: =IF(ISBLANK(C12), "", IF(AD12, Constants!$B$4,IF(COUNTA(G12:O12)=0, Constants!$B$5, Constants!$B$7))) | AF12: =IF(ISBLANK($C12), "",IF($AE12=Constants!$B$7,1,$AE12)) | AG12: =IF($AE12=Constants!$B$7,IF(V12, 1, Constants!$B$11) * IF(X12, 1, Constants!$B$12),"") | AH12: =IF(AND($AE12=Constants!$B$7, T12, U12) ,MAX(0, $AA12-$Y12),"") | AI12: =IF(ISERROR(AH12),$AI$6,"") | AJ12: =IF($AE12=Constants!$B$7,IF(AND(T12,U12,W12),IF($AH$6=0,Constants!$B$9,Constants!$B$9*AH12/$AH$6), 0),"") | AK12: =IF(AJ12<>"", AJ12*AG12,"") | AL12: =IF(AND($AE12=Constants!$B$7, T12, U12) ,IF($Z12="", "", MAX(0,1-ABS($AA12-$Z12)/$AA12)),"") | AM12: =IF(AND(NOT(ISERROR(AH12)),ISERROR(AL12)),$AM$6,"") | AN12: =IF($AE12=Constants!$B$7 ,IF(AND(T12,U12,W12,ISNUMBER(Z12)),IF($AL$6=0,Constants!$B$10,Constants!$B$10*AL12/$AL$6), 0),"") | AO12: =IF(AN12<>"", AN12*AG12,"") | AP12: =IF($AE12=Constants!$B$7,IF($AP$6=0,Constants!$B$8,Constants!$B$8*AB12/$AP$6),"") | AQ12: =IF($AE12<>Constants!$B$7,$AE12,AK12+AO12+AP12) | AR12: =IF(ISBLANK($C12),"",IF($AE12=Constants!$B$7,RANK(AQ12,$AQ$8:$AQ$507),$AE12)) | AS12: =IF(ISBLANK($C12), "",AK12) | AT12: =IF(ISBLANK($C12),"",IF($AE12=Constants!$B$7,RANK(AS12,AS$8:AS$507),$AE12)) | AU12: =IF(ISBLANK($C12), "",AP12) | AV12: =IF(ISBLANK($C12),"",IF($AE12=Constants!$B$7,RANK(AU12,AU$8:AU$507),$AE12)) | AW12: =IF(ISBLANK($C12), "",AC12) | AX12: =IF(ISBLANK($C12),"", IF($AE12=Constants!$B$7, COUNTIFS($AR$8:$AR$507,"<"&$AR12) + COUNTIFS($AR$8:$AR$507,$AR12,$AT$8:$AT$507,"<"&$AT12) + COUNTIFS($AR$8:$AR$507,$AR12,$AT$8:$AT$507,$AT12,$AV$8:$AV$507,"<"&$AV12) + COUNTIFS($AR$8:$AR$507,$AR12,$AT$8:$AT$507,$AT12,$AV$8:$AV$507,$AV12,$AW$8:$AW$507,"<"&$AW12) + 1, $AE12)) | AY12: =IF(ISBLANK(C12),"",IF($AE12=Constants!$B$7, AR12-AX12,$AE12)) | BA12: =IF(ISBLANK($C12),"",TRIM(AI12&" "&AM12)) | BB12: =IF(ISBLANK($C12),"",IF($AE12<>Constants!$B$7, $AE12 ,AQ12)) | BC12: =IF(ISBLANK($C12),"",IF($AE12<>Constants!$B$7, $AE12 ,AF12)) | BD12: =IF(ISBLANK(C12),"",AY12) | BE12: =IF(ISBLANK(C12),"",AX12) | BF12: =IF(ISBLANK(C12),"",IFERROR(_xlfn.SWITCH(BE12, Constants!$B$4, COUNTA($C$8:$C511)+2, Constants!$B$5, COUNTA($C$8:$C511)+1, Constants!$B$6, COUNTA($C$8:$C511)),BE12)) | BH12: =IF(OR(ISNUMBER(BE12),BE12="DQ",BE12="P",BE12="NS"), 1, 0 ) -> 0 | BI12: 5 | BJ12: =IF(ISBLANK($C12), "", BF12+ROW($B12)/1000 ) | BK12: =IF(ISNUMBER(BJ12), RANK(BJ12,BJ$8:BJ$507,1), "") | BL12: =IF(ISBLANK($C12), "", $B12 ) | BM12: =IF(ISBLANK($C12), "", $C12 ) | BN12: =IF(ISBLANK($C12), "", $D12 ) | BO12: =BC12 | BP12: =BB12 | BQ12: =IF(ISBLANK($C12), "", BE12 ) | BR12: =IF(BI12>BH$7, "", VLOOKUP(BI12,BK$8:BQ511,7,FALSE()) ) | BS12: =IF(BI12>BH$7, "", VLOOKUP(BI12,BK$8:BQ511,2,FALSE()) ) | BT12: =IF(BI12>BH$7, "", VLOOKUP(BI12,BK$8:BQ511,3,FALSE()) ) | BU12: =IF(BI12>BH$7, "", VLOOKUP(BI12,BK$8:BQ511,4,FALSE()) ) | BV12: =IF(BI12>BH$7, "", VLOOKUP(BI12,BK$8:BQ511,5,FALSE()) ) | BW12: =IF(BI12>BH$7, "", VLOOKUP(BI12,BK$8:BQ511,6,FALSE()) )
T13: =IF(ISBLANK($C13),"",IF(G13=Constants!$B$2, TRUE(), IF(G13=Constants!$B$3, FALSE(), TRUE()))) | U13: =IF(ISBLANK($C13),"",IF(H13=Constants!$B$2, TRUE(), IF(H13=Constants!$B$3, FALSE(), TRUE()))) | V13: =IF(ISBLANK($C13),"",IF(I13=Constants!$B$2, TRUE(), IF(I13=Constants!$B$3, FALSE(), TRUE()))) | W13: =IF(ISBLANK($C13),"",IF(J13=Constants!$B$2, TRUE(), IF(J13=Constants!$B$3, FALSE(), TRUE()))) | X13: =IF(ISBLANK($C13),"",IF(K13=Constants!$B$2, TRUE(), IF(K13=Constants!$B$3, FALSE(), TRUE()))) | Y13: =IF(ISBLANK($C13),"",IF(ISNUMBER(L13), L13, "")) | Z13: =IF(ISBLANK($C13),"",IF(ISNUMBER(M13), M13, "")) | AA13: =IF(ISBLANK($C13),"",IF(ISNUMBER(N13), N13, "")) | AB13: =IF(ISBLANK($C13),"",IF(ISNUMBER(O13), O13, "")) | AC13: =IF(ISBLANK($C13),"",IF(ISNUMBER(P13), P13, Constants!$B$13)) | AD13: =IF(ISBLANK($C13),"",IF(Q13=Constants!$B$2, TRUE(), IF(Q13=Constants!$B$3, FALSE(), FALSE()))) | AE13: =IF(ISBLANK(C13), "", IF(AD13, Constants!$B$4,IF(COUNTA(G13:O13)=0, Constants!$B$5, Constants!$B$7))) | AF13: =IF(ISBLANK($C13), "",IF($AE13=Constants!$B$7,1,$AE13)) | AG13: =IF($AE13=Constants!$B$7,IF(V13, 1, Constants!$B$11) * IF(X13, 1, Constants!$B$12),"") | AH13: =IF(AND($AE13=Constants!$B$7, T13, U13) ,MAX(0, $AA13-$Y13),"") | AI13: =IF(ISERROR(AH13),$AI$6,"") | AJ13: =IF($AE13=Constants!$B$7,IF(AND(T13,U13,W13),IF($AH$6=0,Constants!$B$9,Constants!$B$9*AH13/$AH$6), 0),"") | AK13: =IF(AJ13<>"", AJ13*AG13,"") | AL13: =IF(AND($AE13=Constants!$B$7, T13, U13) ,IF($Z13="", "", MAX(0,1-ABS($AA13-$Z13)/$AA13)),"") | AM13: =IF(AND(NOT(ISERROR(AH13)),ISERROR(AL13)),$AM$6,"") | AN13: =IF($AE13=Constants!$B$7 ,IF(AND(T13,U13,W13,ISNUMBER(Z13)),IF($AL$6=0,Constants!$B$10,Constants!$B$10*AL13/$AL$6), 0),"") | AO13: =IF(AN13<>"", AN13*AG13,"") | AP13: =IF($AE13=Constants!$B$7,IF($AP$6=0,Constants!$B$8,Constants!$B$8*AB13/$AP$6),"") | AQ13: =IF($AE13<>Constants!$B$7,$AE13,AK13+AO13+AP13) | AR13: =IF(ISBLANK($C13),"",IF($AE13=Constants!$B$7,RANK(AQ13,$AQ$8:$AQ$507),$AE13)) | AS13: =IF(ISBLANK($C13), "",AK13) | AT13: =IF(ISBLANK($C13),"",IF($AE13=Constants!$B$7,RANK(AS13,AS$8:AS$507),$AE13)) | AU13: =IF(ISBLANK($C13), "",AP13) | AV13: =IF(ISBLANK($C13),"",IF($AE13=Constants!$B$7,RANK(AU13,AU$8:AU$507),$AE13)) | AW13: =IF(ISBLANK($C13), "",AC13) | AX13: =IF(ISBLANK($C13),"", IF($AE13=Constants!$B$7, COUNTIFS($AR$8:$AR$507,"<"&$AR13) + COUNTIFS($AR$8:$AR$507,$AR13,$AT$8:$AT$507,"<"&$AT13) + COUNTIFS($AR$8:$AR$507,$AR13,$AT$8:$AT$507,$AT13,$AV$8:$AV$507,"<"&$AV13) + COUNTIFS($AR$8:$AR$507,$AR13,$AT$8:$AT$507,$AT13,$AV$8:$AV$507,$AV13,$AW$8:$AW$507,"<"&$AW13) + 1, $AE13)) | AY13: =IF(ISBLANK(C13),"",IF($AE13=Constants!$B$7, AR13-AX13,$AE13)) | BA13: =IF(ISBLANK($C13),"",TRIM(AI13&" "&AM13)) | BB13: =IF(ISBLANK($C13),"",IF($AE13<>Constants!$B$7, $AE13 ,AQ13)) | BC13: =IF(ISBLANK($C13),"",IF($AE13<>Constants!$B$7, $AE13 ,AF13)) | BD13: =IF(ISBLANK(C13),"",AY13) | BE13: =IF(ISBLANK(C13),"",AX13) | BF13: =IF(ISBLANK(C13),"",IFERROR(_xlfn.SWITCH(BE13, Constants!$B$4, COUNTA($C$8:$C512)+2, Constants!$B$5, COUNTA($C$8:$C512)+1, Constants!$B$6, COUNTA($C$8:$C512)),BE13)) | BH13: =IF(OR(ISNUMBER(BE13),BE13="DQ",BE13="P",BE13="NS"), 1, 0 ) -> 0 | BI13: 6 | BJ13: =IF(ISBLANK($C13), "", BF13+ROW($B13)/1000 ) | BK13: =IF(ISNUMBER(BJ13), RANK(BJ13,BJ$8:BJ$507,1), "") | BL13: =IF(ISBLANK($C13), "", $B13 ) | BM13: =IF(ISBLANK($C13), "", $C13 ) | BN13: =IF(ISBLANK($C13), "", $D13 ) | BO13: =BC13 | BP13: =BB13 | BQ13: =IF(ISBLANK($C13), "", BE13 ) | BR13: =IF(BI13>BH$7, "", VLOOKUP(BI13,BK$8:BQ512,7,FALSE()) ) | BS13: =IF(BI13>BH$7, "", VLOOKUP(BI13,BK$8:BQ512,2,FALSE()) ) | BT13: =IF(BI13>BH$7, "", VLOOKUP(BI13,BK$8:BQ512,3,FALSE()) ) | BU13: =IF(BI13>BH$7, "", VLOOKUP(BI13,BK$8:BQ512,4,FALSE()) ) | BV13: =IF(BI13>BH$7, "", VLOOKUP(BI13,BK$8:BQ512,5,FALSE()) ) | BW13: =IF(BI13>BH$7, "", VLOOKUP(BI13,BK$8:BQ512,6,FALSE()) )
T14: =IF(ISBLANK($C14),"",IF(G14=Constants!$B$2, TRUE(), IF(G14=Constants!$B$3, FALSE(), TRUE()))) | U14: =IF(ISBLANK($C14),"",IF(H14=Constants!$B$2, TRUE(), IF(H14=Constants!$B$3, FALSE(), TRUE()))) | V14: =IF(ISBLANK($C14),"",IF(I14=Constants!$B$2, TRUE(), IF(I14=Constants!$B$3, FALSE(), TRUE()))) | W14: =IF(ISBLANK($C14),"",IF(J14=Constants!$B$2, TRUE(), IF(J14=Constants!$B$3, FALSE(), TRUE()))) | X14: =IF(ISBLANK($C14),"",IF(K14=Constants!$B$2, TRUE(), IF(K14=Constants!$B$3, FALSE(), TRUE()))) | Y14: =IF(ISBLANK($C14),"",IF(ISNUMBER(L14), L14, "")) | Z14: =IF(ISBLANK($C14),"",IF(ISNUMBER(M14), M14, "")) | AA14: =IF(ISBLANK($C14),"",IF(ISNUMBER(N14), N14, "")) | AB14: =IF(ISBLANK($C14),"",IF(ISNUMBER(O14), O14, "")) | AC14: =IF(ISBLANK($C14),"",IF(ISNUMBER(P14), P14, Constants!$B$13)) | AD14: =IF(ISBLANK($C14),"",IF(Q14=Constants!$B$2, TRUE(), IF(Q14=Constants!$B$3, FALSE(), FALSE()))) | AE14: =IF(ISBLANK(C14), "", IF(AD14, Constants!$B$4,IF(COUNTA(G14:O14)=0, Constants!$B$5, Constants!$B$7))) | AF14: =IF(ISBLANK($C14), "",IF($AE14=Constants!$B$7,1,$AE14)) | AG14: =IF($AE14=Constants!$B$7,IF(V14, 1, Constants!$B$11) * IF(X14, 1, Constants!$B$12),"") | AH14: =IF(AND($AE14=Constants!$B$7, T14, U14) ,MAX(0, $AA14-$Y14),"") | AI14: =IF(ISERROR(AH14),$AI$6,"") | AJ14: =IF($AE14=Constants!$B$7,IF(AND(T14,U14,W14),IF($AH$6=0,Constants!$B$9,Constants!$B$9*AH14/$AH$6), 0),"") | AK14: =IF(AJ14<>"", AJ14*AG14,"") | AL14: =IF(AND($AE14=Constants!$B$7, T14, U14) ,IF($Z14="", "", MAX(0,1-ABS($AA14-$Z14)/$AA14)),"") | AM14: =IF(AND(NOT(ISERROR(AH14)),ISERROR(AL14)),$AM$6,"") | AN14: =IF($AE14=Constants!$B$7 ,IF(AND(T14,U14,W14,ISNUMBER(Z14)),IF($AL$6=0,Constants!$B$10,Constants!$B$10*AL14/$AL$6), 0),"") | AO14: =IF(AN14<>"", AN14*AG14,"") | AP14: =IF($AE14=Constants!$B$7,IF($AP$6=0,Constants!$B$8,Constants!$B$8*AB14/$AP$6),"") | AQ14: =IF($AE14<>Constants!$B$7,$AE14,AK14+AO14+AP14) | AR14: =IF(ISBLANK($C14),"",IF($AE14=Constants!$B$7,RANK(AQ14,$AQ$8:$AQ$507),$AE14)) | AS14: =IF(ISBLANK($C14), "",AK14) | AT14: =IF(ISBLANK($C14),"",IF($AE14=Constants!$B$7,RANK(AS14,AS$8:AS$507),$AE14)) | AU14: =IF(ISBLANK($C14), "",AP14) | AV14: =IF(ISBLANK($C14),"",IF($AE14=Constants!$B$7,RANK(AU14,AU$8:AU$507),$AE14)) | AW14: =IF(ISBLANK($C14), "",AC14) | AX14: =IF(ISBLANK($C14),"", IF($AE14=Constants!$B$7, COUNTIFS($AR$8:$AR$507,"<"&$AR14) + COUNTIFS($AR$8:$AR$507,$AR14,$AT$8:$AT$507,"<"&$AT14) + COUNTIFS($AR$8:$AR$507,$AR14,$AT$8:$AT$507,$AT14,$AV$8:$AV$507,"<"&$AV14) + COUNTIFS($AR$8:$AR$507,$AR14,$AT$8:$AT$507,$AT14,$AV$8:$AV$507,$AV14,$AW$8:$AW$507,"<"&$AW14) + 1, $AE14)) | AY14: =IF(ISBLANK(C14),"",IF($AE14=Constants!$B$7, AR14-AX14,$AE14)) | BA14: =IF(ISBLANK($C14),"",TRIM(AI14&" "&AM14)) | BB14: =IF(ISBLANK($C14),"",IF($AE14<>Constants!$B$7, $AE14 ,AQ14)) | BC14: =IF(ISBLANK($C14),"",IF($AE14<>Constants!$B$7, $AE14 ,AF14)) | BD14: =IF(ISBLANK(C14),"",AY14) | BE14: =IF(ISBLANK(C14),"",AX14) | BF14: =IF(ISBLANK(C14),"",IFERROR(_xlfn.SWITCH(BE14, Constants!$B$4, COUNTA($C$8:$C513)+2, Constants!$B$5, COUNTA($C$8:$C513)+1, Constants!$B$6, COUNTA($C$8:$C513)),BE14)) | BH14: =IF(OR(ISNUMBER(BE14),BE14="DQ",BE14="P",BE14="NS"), 1, 0 ) -> 0 | BI14: 7 | BJ14: =IF(ISBLANK($C14), "", BF14+ROW($B14)/1000 ) | BK14: =IF(ISNUMBER(BJ14), RANK(BJ14,BJ$8:BJ$507,1), "") | BL14: =IF(ISBLANK($C14), "", $B14 ) | BM14: =IF(ISBLANK($C14), "", $C14 ) | BN14: =IF(ISBLANK($C14), "", $D14 ) | BO14: =BC14 | BP14: =BB14 | BQ14: =IF(ISBLANK($C14), "", BE14 ) | BR14: =IF(BI14>BH$7, "", VLOOKUP(BI14,BK$8:BQ513,7,FALSE()) ) | BS14: =IF(BI14>BH$7, "", VLOOKUP(BI14,BK$8:BQ513,2,FALSE()) ) | BT14: =IF(BI14>BH$7, "", VLOOKUP(BI14,BK$8:BQ513,3,FALSE()) ) | BU14: =IF(BI14>BH$7, "", VLOOKUP(BI14,BK$8:BQ513,4,FALSE()) ) | BV14: =IF(BI14>BH$7, "", VLOOKUP(BI14,BK$8:BQ513,5,FALSE()) ) | BW14: =IF(BI14>BH$7, "", VLOOKUP(BI14,BK$8:BQ513,6,FALSE()) )
T15: =IF(ISBLANK($C15),"",IF(G15=Constants!$B$2, TRUE(), IF(G15=Constants!$B$3, FALSE(), TRUE()))) | U15: =IF(ISBLANK($C15),"",IF(H15=Constants!$B$2, TRUE(), IF(H15=Constants!$B$3, FALSE(), TRUE()))) | V15: =IF(ISBLANK($C15),"",IF(I15=Constants!$B$2, TRUE(), IF(I15=Constants!$B$3, FALSE(), TRUE()))) | W15: =IF(ISBLANK($C15),"",IF(J15=Constants!$B$2, TRUE(), IF(J15=Constants!$B$3, FALSE(), TRUE()))) | X15: =IF(ISBLANK($C15),"",IF(K15=Constants!$B$2, TRUE(), IF(K15=Constants!$B$3, FALSE(), TRUE()))) | Y15: =IF(ISBLANK($C15),"",IF(ISNUMBER(L15), L15, "")) | Z15: =IF(ISBLANK($C15),"",IF(ISNUMBER(M15), M15, "")) | AA15: =IF(ISBLANK($C15),"",IF(ISNUMBER(N15), N15, "")) | AB15: =IF(ISBLANK($C15),"",IF(ISNUMBER(O15), O15, "")) | AC15: =IF(ISBLANK($C15),"",IF(ISNUMBER(P15), P15, Constants!$B$13)) | AD15: =IF(ISBLANK($C15),"",IF(Q15=Constants!$B$2, TRUE(), IF(Q15=Constants!$B$3, FALSE(), FALSE()))) | AE15: =IF(ISBLANK(C15), "", IF(AD15, Constants!$B$4,IF(COUNTA(G15:O15)=0, Constants!$B$5, Constants!$B$7))) | AF15: =IF(ISBLANK($C15), "",IF($AE15=Constants!$B$7,1,$AE15)) | AG15: =IF($AE15=Constants!$B$7,IF(V15, 1, Constants!$B$11) * IF(X15, 1, Constants!$B$12),"") | AH15: =IF(AND($AE15=Constants!$B$7, T15, U15) ,MAX(0, $AA15-$Y15),"") | AI15: =IF(ISERROR(AH15),$AI$6,"") | AJ15: =IF($AE15=Constants!$B$7,IF(AND(T15,U15,W15),IF($AH$6=0,Constants!$B$9,Constants!$B$9*AH15/$AH$6), 0),"") | AK15: =IF(AJ15<>"", AJ15*AG15,"") | AL15: =IF(AND($AE15=Constants!$B$7, T15, U15) ,IF($Z15="", "", MAX(0,1-ABS($AA15-$Z15)/$AA15)),"") | AM15: =IF(AND(NOT(ISERROR(AH15)),ISERROR(AL15)),$AM$6,"") | AN15: =IF($AE15=Constants!$B$7 ,IF(AND(T15,U15,W15,ISNUMBER(Z15)),IF($AL$6=0,Constants!$B$10,Constants!$B$10*AL15/$AL$6), 0),"") | AO15: =IF(AN15<>"", AN15*AG15,"") | AP15: =IF($AE15=Constants!$B$7,IF($AP$6=0,Constants!$B$8,Constants!$B$8*AB15/$AP$6),"") | AQ15: =IF($AE15<>Constants!$B$7,$AE15,AK15+AO15+AP15) | AR15: =IF(ISBLANK($C15),"",IF($AE15=Constants!$B$7,RANK(AQ15,$AQ$8:$AQ$507),$AE15)) | AS15: =IF(ISBLANK($C15), "",AK15) | AT15: =IF(ISBLANK($C15),"",IF($AE15=Constants!$B$7,RANK(AS15,AS$8:AS$507),$AE15)) | AU15: =IF(ISBLANK($C15), "",AP15) | AV15: =IF(ISBLANK($C15),"",IF($AE15=Constants!$B$7,RANK(AU15,AU$8:AU$507),$AE15)) | AW15: =IF(ISBLANK($C15), "",AC15) | AX15: =IF(ISBLANK($C15),"", IF($AE15=Constants!$B$7, COUNTIFS($AR$8:$AR$507,"<"&$AR15) + COUNTIFS($AR$8:$AR$507,$AR15,$AT$8:$AT$507,"<"&$AT15) + COUNTIFS($AR$8:$AR$507,$AR15,$AT$8:$AT$507,$AT15,$AV$8:$AV$507,"<"&$AV15) + COUNTIFS($AR$8:$AR$507,$AR15,$AT$8:$AT$507,$AT15,$AV$8:$AV$507,$AV15,$AW$8:$AW$507,"<"&$AW15) + 1, $AE15)) | AY15: =IF(ISBLANK(C15),"",IF($AE15=Constants!$B$7, AR15-AX15,$AE15)) | BA15: =IF(ISBLANK($C15),"",TRIM(AI15&" "&AM15)) | BB15: =IF(ISBLANK($C15),"",IF($AE15<>Constants!$B$7, $AE15 ,AQ15)) | BC15: =IF(ISBLANK($C15),"",IF($AE15<>Constants!$B$7, $AE15 ,AF15)) | BD15: =IF(ISBLANK(C15),"",AY15) | BE15: =IF(ISBLANK(C15),"",AX15) | BF15: =IF(ISBLANK(C15),"",IFERROR(_xlfn.SWITCH(BE15, Constants!$B$4, COUNTA($C$8:$C514)+2, Constants!$B$5, COUNTA($C$8:$C514)+1, Constants!$B$6, COUNTA($C$8:$C514)),BE15)) | BH15: =IF(OR(ISNUMBER(BE15),BE15="DQ",BE15="P",BE15="NS"), 1, 0 ) -> 0 | BI15: 8 | BJ15: =IF(ISBLANK($C15), "", BF15+ROW($B15)/1000 ) | BK15: =IF(ISNUMBER(BJ15), RANK(BJ15,BJ$8:BJ$507,1), "") | BL15: =IF(ISBLANK($C15), "", $B15 ) | BM15: =IF(ISBLANK($C15), "", $C15 ) | BN15: =IF(ISBLANK($C15), "", $D15 ) | BO15: =BC15 | BP15: =BB15 | BQ15: =IF(ISBLANK($C15), "", BE15 ) | BR15: =IF(BI15>BH$7, "", VLOOKUP(BI15,BK$8:BQ514,7,FALSE()) ) | BS15: =IF(BI15>BH$7, "", VLOOKUP(BI15,BK$8:BQ514,2,FALSE()) ) | BT15: =IF(BI15>BH$7, "", VLOOKUP(BI15,BK$8:BQ514,3,FALSE()) ) | BU15: =IF(BI15>BH$7, "", VLOOKUP(BI15,BK$8:BQ514,4,FALSE()) ) | BV15: =IF(BI15>BH$7, "", VLOOKUP(BI15,BK$8:BQ514,5,FALSE()) ) | BW15: =IF(BI15>BH$7, "", VLOOKUP(BI15,BK$8:BQ514,6,FALSE()) )
T16: =IF(ISBLANK($C16),"",IF(G16=Constants!$B$2, TRUE(), IF(G16=Constants!$B$3, FALSE(), TRUE()))) | U16: =IF(ISBLANK($C16),"",IF(H16=Constants!$B$2, TRUE(), IF(H16=Constants!$B$3, FALSE(), TRUE()))) | V16: =IF(ISBLANK($C16),"",IF(I16=Constants!$B$2, TRUE(), IF(I16=Constants!$B$3, FALSE(), TRUE()))) | W16: =IF(ISBLANK($C16),"",IF(J16=Constants!$B$2, TRUE(), IF(J16=Constants!$B$3, FALSE(), TRUE()))) | X16: =IF(ISBLANK($C16),"",IF(K16=Constants!$B$2, TRUE(), IF(K16=Constants!$B$3, FALSE(), TRUE()))) | Y16: =IF(ISBLANK($C16),"",IF(ISNUMBER(L16), L16, "")) | Z16: =IF(ISBLANK($C16),"",IF(ISNUMBER(M16), M16, "")) | AA16: =IF(ISBLANK($C16),"",IF(ISNUMBER(N16), N16, "")) | AB16: =IF(ISBLANK($C16),"",IF(ISNUMBER(O16), O16, "")) | AC16: =IF(ISBLANK($C16),"",IF(ISNUMBER(P16), P16, Constants!$B$13)) | AD16: =IF(ISBLANK($C16),"",IF(Q16=Constants!$B$2, TRUE(), IF(Q16=Constants!$B$3, FALSE(), FALSE()))) | AE16: =IF(ISBLANK(C16), "", IF(AD16, Constants!$B$4,IF(COUNTA(G16:O16)=0, Constants!$B$5, Constants!$B$7))) | AF16: =IF(ISBLANK($C16), "",IF($AE16=Constants!$B$7,1,$AE16)) | AG16: =IF($AE16=Constants!$B$7,IF(V16, 1, Constants!$B$11) * IF(X16, 1, Constants!$B$12),"") | AH16: =IF(AND($AE16=Constants!$B$7, T16, U16) ,MAX(0, $AA16-$Y16),"") | AI16: =IF(ISERROR(AH16),$AI$6,"") | AJ16: =IF($AE16=Constants!$B$7,IF(AND(T16,U16,W16),IF($AH$6=0,Constants!$B$9,Constants!$B$9*AH16/$AH$6), 0),"") | AK16: =IF(AJ16<>"", AJ16*AG16,"") | AL16: =IF(AND($AE16=Constants!$B$7, T16, U16) ,IF($Z16="", "", MAX(0,1-ABS($AA16-$Z16)/$AA16)),"") | AM16: =IF(AND(NOT(ISERROR(AH16)),ISERROR(AL16)),$AM$6,"") | AN16: =IF($AE16=Constants!$B$7 ,IF(AND(T16,U16,W16,ISNUMBER(Z16)),IF($AL$6=0,Constants!$B$10,Constants!$B$10*AL16/$AL$6), 0),"") | AO16: =IF(AN16<>"", AN16*AG16,"") | AP16: =IF($AE16=Constants!$B$7,IF($AP$6=0,Constants!$B$8,Constants!$B$8*AB16/$AP$6),"") | AQ16: =IF($AE16<>Constants!$B$7,$AE16,AK16+AO16+AP16) | AR16: =IF(ISBLANK($C16),"",IF($AE16=Constants!$B$7,RANK(AQ16,$AQ$8:$AQ$507),$AE16)) | AS16: =IF(ISBLANK($C16), "",AK16) | AT16: =IF(ISBLANK($C16),"",IF($AE16=Constants!$B$7,RANK(AS16,AS$8:AS$507),$AE16)) | AU16: =IF(ISBLANK($C16), "",AP16) | AV16: =IF(ISBLANK($C16),"",IF($AE16=Constants!$B$7,RANK(AU16,AU$8:AU$507),$AE16)) | AW16: =IF(ISBLANK($C16), "",AC16) | AX16: =IF(ISBLANK($C16),"", IF($AE16=Constants!$B$7, COUNTIFS($AR$8:$AR$507,"<"&$AR16) + COUNTIFS($AR$8:$AR$507,$AR16,$AT$8:$AT$507,"<"&$AT16) + COUNTIFS($AR$8:$AR$507,$AR16,$AT$8:$AT$507,$AT16,$AV$8:$AV$507,"<"&$AV16) + COUNTIFS($AR$8:$AR$507,$AR16,$AT$8:$AT$507,$AT16,$AV$8:$AV$507,$AV16,$AW$8:$AW$507,"<"&$AW16) + 1, $AE16)) | AY16: =IF(ISBLANK(C16),"",IF($AE16=Constants!$B$7, AR16-AX16,$AE16)) | BA16: =IF(ISBLANK($C16),"",TRIM(AI16&" "&AM16)) | BB16: =IF(ISBLANK($C16),"",IF($AE16<>Constants!$B$7, $AE16 ,AQ16)) | BC16: =IF(ISBLANK($C16),"",IF($AE16<>Constants!$B$7, $AE16 ,AF16)) | BD16: =IF(ISBLANK(C16),"",AY16) | BE16: =IF(ISBLANK(C16),"",AX16) | BF16: =IF(ISBLANK(C16),"",IFERROR(_xlfn.SWITCH(BE16, Constants!$B$4, COUNTA($C$8:$C515)+2, Constants!$B$5, COUNTA($C$8:$C515)+1, Constants!$B$6, COUNTA($C$8:$C515)),BE16)) | BH16: =IF(OR(ISNUMBER(BE16),BE16="DQ",BE16="P",BE16="NS"), 1, 0 ) -> 0 | BI16: 9 | BJ16: =IF(ISBLANK($C16), "", BF16+ROW($B16)/1000 ) | BK16: =IF(ISNUMBER(BJ16), RANK(BJ16,BJ$8:BJ$507,1), "") | BL16: =IF(ISBLANK($C16), "", $B16 ) | BM16: =IF(ISBLANK($C16), "", $C16 ) | BN16: =IF(ISBLANK($C16), "", $D16 ) | BO16: =BC16 | BP16: =BB16 | BQ16: =IF(ISBLANK($C16), "", BE16 ) | BR16: =IF(BI16>BH$7, "", VLOOKUP(BI16,BK$8:BQ515,7,FALSE()) ) | BS16: =IF(BI16>BH$7, "", VLOOKUP(BI16,BK$8:BQ515,2,FALSE()) ) | BT16: =IF(BI16>BH$7, "", VLOOKUP(BI16,BK$8:BQ515,3,FALSE()) ) | BU16: =IF(BI16>BH$7, "", VLOOKUP(BI16,BK$8:BQ515,4,FALSE()) ) | BV16: =IF(BI16>BH$7, "", VLOOKUP(BI16,BK$8:BQ515,5,FALSE()) ) | BW16: =IF(BI16>BH$7, "", VLOOKUP(BI16,BK$8:BQ515,6,FALSE()) )
T17: =IF(ISBLANK($C17),"",IF(G17=Constants!$B$2, TRUE(), IF(G17=Constants!$B$3, FALSE(), TRUE()))) | U17: =IF(ISBLANK($C17),"",IF(H17=Constants!$B$2, TRUE(), IF(H17=Constants!$B$3, FALSE(), TRUE()))) | V17: =IF(ISBLANK($C17),"",IF(I17=Constants!$B$2, TRUE(), IF(I17=Constants!$B$3, FALSE(), TRUE()))) | W17: =IF(ISBLANK($C17),"",IF(J17=Constants!$B$2, TRUE(), IF(J17=Constants!$B$3, FALSE(), TRUE()))) | X17: =IF(ISBLANK($C17),"",IF(K17=Constants!$B$2, TRUE(), IF(K17=Constants!$B$3, FALSE(), TRUE()))) | Y17: =IF(ISBLANK($C17),"",IF(ISNUMBER(L17), L17, "")) | Z17: =IF(ISBLANK($C17),"",IF(ISNUMBER(M17), M17, "")) | AA17: =IF(ISBLANK($C17),"",IF(ISNUMBER(N17), N17, "")) | AB17: =IF(ISBLANK($C17),"",IF(ISNUMBER(O17), O17, "")) | AC17: =IF(ISBLANK($C17),"",IF(ISNUMBER(P17), P17, Constants!$B$13)) | AD17: =IF(ISBLANK($C17),"",IF(Q17=Constants!$B$2, TRUE(), IF(Q17=Constants!$B$3, FALSE(), FALSE()))) | AE17: =IF(ISBLANK(C17), "", IF(AD17, Constants!$B$4,IF(COUNTA(G17:O17)=0, Constants!$B$5, Constants!$B$7))) | AF17: =IF(ISBLANK($C17), "",IF($AE17=Constants!$B$7,1,$AE17)) | AG17: =IF($AE17=Constants!$B$7,IF(V17, 1, Constants!$B$11) * IF(X17, 1, Constants!$B$12),"") | AH17: =IF(AND($AE17=Constants!$B$7, T17, U17) ,MAX(0, $AA17-$Y17),"") | AI17: =IF(ISERROR(AH17),$AI$6,"") | AJ17: =IF($AE17=Constants!$B$7,IF(AND(T17,U17,W17),IF($AH$6=0,Constants!$B$9,Constants!$B$9*AH17/$AH$6), 0),"") | AK17: =IF(AJ17<>"", AJ17*AG17,"") | AL17: =IF(AND($AE17=Constants!$B$7, T17, U17) ,IF($Z17="", "", MAX(0,1-ABS($AA17-$Z17)/$AA17)),"") | AM17: =IF(AND(NOT(ISERROR(AH17)),ISERROR(AL17)),$AM$6,"") | AN17: =IF($AE17=Constants!$B$7 ,IF(AND(T17,U17,W17,ISNUMBER(Z17)),IF($AL$6=0,Constants!$B$10,Constants!$B$10*AL17/$AL$6), 0),"") | AO17: =IF(AN17<>"", AN17*AG17,"") | AP17: =IF($AE17=Constants!$B$7,IF($AP$6=0,Constants!$B$8,Constants!$B$8*AB17/$AP$6),"") | AQ17: =IF($AE17<>Constants!$B$7,$AE17,AK17+AO17+AP17) | AR17: =IF(ISBLANK($C17),"",IF($AE17=Constants!$B$7,RANK(AQ17,$AQ$8:$AQ$507),$AE17)) | AS17: =IF(ISBLANK($C17), "",AK17) | AT17: =IF(ISBLANK($C17),"",IF($AE17=Constants!$B$7,RANK(AS17,AS$8:AS$507),$AE17)) | AU17: =IF(ISBLANK($C17), "",AP17) | AV17: =IF(ISBLANK($C17),"",IF($AE17=Constants!$B$7,RANK(AU17,AU$8:AU$507),$AE17)) | AW17: =IF(ISBLANK($C17), "",AC17) | AX17: =IF(ISBLANK($C17),"", IF($AE17=Constants!$B$7, COUNTIFS($AR$8:$AR$507,"<"&$AR17) + COUNTIFS($AR$8:$AR$507,$AR17,$AT$8:$AT$507,"<"&$AT17) + COUNTIFS($AR$8:$AR$507,$AR17,$AT$8:$AT$507,$AT17,$AV$8:$AV$507,"<"&$AV17) + COUNTIFS($AR$8:$AR$507,$AR17,$AT$8:$AT$507,$AT17,$AV$8:$AV$507,$AV17,$AW$8:$AW$507,"<"&$AW17) + 1, $AE17)) | AY17: =IF(ISBLANK(C17),"",IF($AE17=Constants!$B$7, AR17-AX17,$AE17)) | BA17: =IF(ISBLANK($C17),"",TRIM(AI17&" "&AM17)) | BB17: =IF(ISBLANK($C17),"",IF($AE17<>Constants!$B$7, $AE17 ,AQ17)) | BC17: =IF(ISBLANK($C17),"",IF($AE17<>Constants!$B$7, $AE17 ,AF17)) | BD17: =IF(ISBLANK(C17),"",AY17) | BE17: =IF(ISBLANK(C17),"",AX17) | BF17: =IF(ISBLANK(C17),"",IFERROR(_xlfn.SWITCH(BE17, Constants!$B$4, COUNTA($C$8:$C516)+2, Constants!$B$5, COUNTA($C$8:$C516)+1, Constants!$B$6, COUNTA($C$8:$C516)),BE17)) | BH17: =IF(OR(ISNUMBER(BE17),BE17="DQ",BE17="P",BE17="NS"), 1, 0 ) -> 0 | BI17: 10 | BJ17: =IF(ISBLANK($C17), "", BF17+ROW($B17)/1000 ) | BK17: =IF(ISNUMBER(BJ17), RANK(BJ17,BJ$8:BJ$507,1), "") | BL17: =IF(ISBLANK($C17), "", $B17 ) | BM17: =IF(ISBLANK($C17), "", $C17 ) | BN17: =IF(ISBLANK($C17), "", $D17 ) | BO17: =BC17 | BP17: =BB17 | BQ17: =IF(ISBLANK($C17), "", BE17 ) | BR17: =IF(BI17>BH$7, "", VLOOKUP(BI17,BK$8:BQ516,7,FALSE()) ) | BS17: =IF(BI17>BH$7, "", VLOOKUP(BI17,BK$8:BQ516,2,FALSE()) ) | BT17: =IF(BI17>BH$7, "", VLOOKUP(BI17,BK$8:BQ516,3,FALSE()) ) | BU17: =IF(BI17>BH$7, "", VLOOKUP(BI17,BK$8:BQ516,4,FALSE()) ) | BV17: =IF(BI17>BH$7, "", VLOOKUP(BI17,BK$8:BQ516,5,FALSE()) ) | BW17: =IF(BI17>BH$7, "", VLOOKUP(BI17,BK$8:BQ516,6,FALSE()) )
T18: =IF(ISBLANK($C18),"",IF(G18=Constants!$B$2, TRUE(), IF(G18=Constants!$B$3, FALSE(), TRUE()))) | U18: =IF(ISBLANK($C18),"",IF(H18=Constants!$B$2, TRUE(), IF(H18=Constants!$B$3, FALSE(), TRUE()))) | V18: =IF(ISBLANK($C18),"",IF(I18=Constants!$B$2, TRUE(), IF(I18=Constants!$B$3, FALSE(), TRUE()))) | W18: =IF(ISBLANK($C18),"",IF(J18=Constants!$B$2, TRUE(), IF(J18=Constants!$B$3, FALSE(), TRUE()))) | X18: =IF(ISBLANK($C18),"",IF(K18=Constants!$B$2, TRUE(), IF(K18=Constants!$B$3, FALSE(), TRUE()))) | Y18: =IF(ISBLANK($C18),"",IF(ISNUMBER(L18), L18, "")) | Z18: =IF(ISBLANK($C18),"",IF(ISNUMBER(M18), M18, "")) | AA18: =IF(ISBLANK($C18),"",IF(ISNUMBER(N18), N18, "")) | AB18: =IF(ISBLANK($C18),"",IF(ISNUMBER(O18), O18, "")) | AC18: =IF(ISBLANK($C18),"",IF(ISNUMBER(P18), P18, Constants!$B$13)) | AD18: =IF(ISBLANK($C18),"",IF(Q18=Constants!$B$2, TRUE(), IF(Q18=Constants!$B$3, FALSE(), FALSE()))) | AE18: =IF(ISBLANK(C18), "", IF(AD18, Constants!$B$4,IF(COUNTA(G18:O18)=0, Constants!$B$5, Constants!$B$7))) | AF18: =IF(ISBLANK($C18), "",IF($AE18=Constants!$B$7,1,$AE18)) | AG18: =IF($AE18=Constants!$B$7,IF(V18, 1, Constants!$B$11) * IF(X18, 1, Constants!$B$12),"") | AH18: =IF(AND($AE18=Constants!$B$7, T18, U18) ,MAX(0, $AA18-$Y18),"") | AI18: =IF(ISERROR(AH18),$AI$6,"") | AJ18: =IF($AE18=Constants!$B$7,IF(AND(T18,U18,W18),IF($AH$6=0,Constants!$B$9,Constants!$B$9*AH18/$AH$6), 0),"") | AK18: =IF(AJ18<>"", AJ18*AG18,"") | AL18: =IF(AND($AE18=Constants!$B$7, T18, U18) ,IF($Z18="", "", MAX(0,1-ABS($AA18-$Z18)/$AA18)),"") | AM18: =IF(AND(NOT(ISERROR(AH18)),ISERROR(AL18)),$AM$6,"") | AN18: =IF($AE18=Constants!$B$7 ,IF(AND(T18,U18,W18,ISNUMBER(Z18)),IF($AL$6=0,Constants!$B$10,Constants!$B$10*AL18/$AL$6), 0),"") | AO18: =IF(AN18<>"", AN18*AG18,"") | AP18: =IF($AE18=Constants!$B$7,IF($AP$6=0,Constants!$B$8,Constants!$B$8*AB18/$AP$6),"") | AQ18: =IF($AE18<>Constants!$B$7,$AE18,AK18+AO18+AP18) | AR18: =IF(ISBLANK($C18),"",IF($AE18=Constants!$B$7,RANK(AQ18,$AQ$8:$AQ$507),$AE18)) | AS18: =IF(ISBLANK($C18), "",AK18) | AT18: =IF(ISBLANK($C18),"",IF($AE18=Constants!$B$7,RANK(AS18,AS$8:AS$507),$AE18)) | AU18: =IF(ISBLANK($C18), "",AP18) | AV18: =IF(ISBLANK($C18),"",IF($AE18=Constants!$B$7,RANK(AU18,AU$8:AU$507),$AE18)) | AW18: =IF(ISBLANK($C18), "",AC18) | AX18: =IF(ISBLANK($C18),"", IF($AE18=Constants!$B$7, COUNTIFS($AR$8:$AR$507,"<"&$AR18) + COUNTIFS($AR$8:$AR$507,$AR18,$AT$8:$AT$507,"<"&$AT18) + COUNTIFS($AR$8:$AR$507,$AR18,$AT$8:$AT$507,$AT18,$AV$8:$AV$507,"<"&$AV18) + COUNTIFS($AR$8:$AR$507,$AR18,$AT$8:$AT$507,$AT18,$AV$8:$AV$507,$AV18,$AW$8:$AW$507,"<"&$AW18) + 1, $AE18)) | AY18: =IF(ISBLANK(C18),"",IF($AE18=Constants!$B$7, AR18-AX18,$AE18)) | BA18: =IF(ISBLANK($C18),"",TRIM(AI18&" "&AM18)) | BB18: =IF(ISBLANK($C18),"",IF($AE18<>Constants!$B$7, $AE18 ,AQ18)) | BC18: =IF(ISBLANK($C18),"",IF($AE18<>Constants!$B$7, $AE18 ,AF18)) | BD18: =IF(ISBLANK(C18),"",AY18) | BE18: =IF(ISBLANK(C18),"",AX18) | BF18: =IF(ISBLANK(C18),"",IFERROR(_xlfn.SWITCH(BE18, Constants!$B$4, COUNTA($C$8:$C517)+2, Constants!$B$5, COUNTA($C$8:$C517)+1, Constants!$B$6, COUNTA($C$8:$C517)),BE18)) | BH18: =IF(OR(ISNUMBER(BE18),BE18="DQ",BE18="P",BE18="NS"), 1, 0 ) -> 0 | BI18: 11 | BJ18: =IF(ISBLANK($C18), "", BF18+ROW($B18)/1000 ) | BK18: =IF(ISNUMBER(BJ18), RANK(BJ18,BJ$8:BJ$507,1), "") | BL18: =IF(ISBLANK($C18), "", $B18 ) | BM18: =IF(ISBLANK($C18), "", $C18 ) | BN18: =IF(ISBLANK($C18), "", $D18 ) | BO18: =BC18 | BP18: =BB18 | BQ18: =IF(ISBLANK($C18), "", BE18 ) | BR18: =IF(BI18>BH$7, "", VLOOKUP(BI18,BK$8:BQ517,7,FALSE()) ) | BS18: =IF(BI18>BH$7, "", VLOOKUP(BI18,BK$8:BQ517,2,FALSE()) ) | BT18: =IF(BI18>BH$7, "", VLOOKUP(BI18,BK$8:BQ517,3,FALSE()) ) | BU18: =IF(BI18>BH$7, "", VLOOKUP(BI18,BK$8:BQ517,4,FALSE()) ) | BV18: =IF(BI18>BH$7, "", VLOOKUP(BI18,BK$8:BQ517,5,FALSE()) ) | BW18: =IF(BI18>BH$7, "", VLOOKUP(BI18,BK$8:BQ517,6,FALSE()) )
T19: =IF(ISBLANK($C19),"",IF(G19=Constants!$B$2, TRUE(), IF(G19=Constants!$B$3, FALSE(), TRUE()))) | U19: =IF(ISBLANK($C19),"",IF(H19=Constants!$B$2, TRUE(), IF(H19=Constants!$B$3, FALSE(), TRUE()))) | V19: =IF(ISBLANK($C19),"",IF(I19=Constants!$B$2, TRUE(), IF(I19=Constants!$B$3, FALSE(), TRUE()))) | W19: =IF(ISBLANK($C19),"",IF(J19=Constants!$B$2, TRUE(), IF(J19=Constants!$B$3, FALSE(), TRUE()))) | X19: =IF(ISBLANK($C19),"",IF(K19=Constants!$B$2, TRUE(), IF(K19=Constants!$B$3, FALSE(), TRUE()))) | Y19: =IF(ISBLANK($C19),"",IF(ISNUMBER(L19), L19, "")) | Z19: =IF(ISBLANK($C19),"",IF(ISNUMBER(M19), M19, "")) | AA19: =IF(ISBLANK($C19),"",IF(ISNUMBER(N19), N19, "")) | AB19: =IF(ISBLANK($C19),"",IF(ISNUMBER(O19), O19, "")) | AC19: =IF(ISBLANK($C19),"",IF(ISNUMBER(P19), P19, Constants!$B$13)) | AD19: =IF(ISBLANK($C19),"",IF(Q19=Constants!$B$2, TRUE(), IF(Q19=Constants!$B$3, FALSE(), FALSE()))) | AE19: =IF(ISBLANK(C19), "", IF(AD19, Constants!$B$4,IF(COUNTA(G19:O19)=0, Constants!$B$5, Constants!$B$7))) | AF19: =IF(ISBLANK($C19), "",IF($AE19=Constants!$B$7,1,$AE19)) | AG19: =IF($AE19=Constants!$B$7,IF(V19, 1, Constants!$B$11) * IF(X19, 1, Constants!$B$12),"") | AH19: =IF(AND($AE19=Constants!$B$7, T19, U19) ,MAX(0, $AA19-$Y19),"") | AI19: =IF(ISERROR(AH19),$AI$6,"") | AJ19: =IF($AE19=Constants!$B$7,IF(AND(T19,U19,W19),IF($AH$6=0,Constants!$B$9,Constants!$B$9*AH19/$AH$6), 0),"") | AK19: =IF(AJ19<>"", AJ19*AG19,"") | AL19: =IF(AND($AE19=Constants!$B$7, T19, U19) ,IF($Z19="", "", MAX(0,1-ABS($AA19-$Z19)/$AA19)),"") | AM19: =IF(AND(NOT(ISERROR(AH19)),ISERROR(AL19)),$AM$6,"") | AN19: =IF($AE19=Constants!$B$7 ,IF(AND(T19,U19,W19,ISNUMBER(Z19)),IF($AL$6=0,Constants!$B$10,Constants!$B$10*AL19/$AL$6), 0),"") | AO19: =IF(AN19<>"", AN19*AG19,"") | AP19: =IF($AE19=Constants!$B$7,IF($AP$6=0,Constants!$B$8,Constants!$B$8*AB19/$AP$6),"") | AQ19: =IF($AE19<>Constants!$B$7,$AE19,AK19+AO19+AP19) | AR19: =IF(ISBLANK($C19),"",IF($AE19=Constants!$B$7,RANK(AQ19,$AQ$8:$AQ$507),$AE19)) | AS19: =IF(ISBLANK($C19), "",AK19) | AT19: =IF(ISBLANK($C19),"",IF($AE19=Constants!$B$7,RANK(AS19,AS$8:AS$507),$AE19)) | AU19: =IF(ISBLANK($C19), "",AP19) | AV19: =IF(ISBLANK($C19),"",IF($AE19=Constants!$B$7,RANK(AU19,AU$8:AU$507),$AE19)) | AW19: =IF(ISBLANK($C19), "",AC19) | AX19: =IF(ISBLANK($C19),"", IF($AE19=Constants!$B$7, COUNTIFS($AR$8:$AR$507,"<"&$AR19) + COUNTIFS($AR$8:$AR$507,$AR19,$AT$8:$AT$507,"<"&$AT19) + COUNTIFS($AR$8:$AR$507,$AR19,$AT$8:$AT$507,$AT19,$AV$8:$AV$507,"<"&$AV19) + COUNTIFS($AR$8:$AR$507,$AR19,$AT$8:$AT$507,$AT19,$AV$8:$AV$507,$AV19,$AW$8:$AW$507,"<"&$AW19) + 1, $AE19)) | AY19: =IF(ISBLANK(C19),"",IF($AE19=Constants!$B$7, AR19-AX19,$AE19)) | BA19: =IF(ISBLANK($C19),"",TRIM(AI19&" "&AM19)) | BB19: =IF(ISBLANK($C19),"",IF($AE19<>Constants!$B$7, $AE19 ,AQ19)) | BC19: =IF(ISBLANK($C19),"",IF($AE19<>Constants!$B$7, $AE19 ,AF19)) | BD19: =IF(ISBLANK(C19),"",AY19) | BE19: =IF(ISBLANK(C19),"",AX19) | BF19: =IF(ISBLANK(C19),"",IFERROR(_xlfn.SWITCH(BE19, Constants!$B$4, COUNTA($C$8:$C518)+2, Constants!$B$5, COUNTA($C$8:$C518)+1, Constants!$B$6, COUNTA($C$8:$C518)),BE19)) | BH19: =IF(OR(ISNUMBER(BE19),BE19="DQ",BE19="P",BE19="NS"), 1, 0 ) -> 0 | BI19: 12 | BJ19: =IF(ISBLANK($C19), "", BF19+ROW($B19)/1000 ) | BK19: =IF(ISNUMBER(BJ19), RANK(BJ19,BJ$8:BJ$507,1), "") | BL19: =IF(ISBLANK($C19), "", $B19 ) | BM19: =IF(ISBLANK($C19), "", $C19 ) | BN19: =IF(ISBLANK($C19), "", $D19 ) | BO19: =BC19 | BP19: =BB19 | BQ19: =IF(ISBLANK($C19), "", BE19 ) | BR19: =IF(BI19>BH$7, "", VLOOKUP(BI19,BK$8:BQ518,7,FALSE()) ) | BS19: =IF(BI19>BH$7, "", VLOOKUP(BI19,BK$8:BQ518,2,FALSE()) ) | BT19: =IF(BI19>BH$7, "", VLOOKUP(BI19,BK$8:BQ518,3,FALSE()) ) | BU19: =IF(BI19>BH$7, "", VLOOKUP(BI19,BK$8:BQ518,4,FALSE()) ) | BV19: =IF(BI19>BH$7, "", VLOOKUP(BI19,BK$8:BQ518,5,FALSE()) ) | BW19: =IF(BI19>BH$7, "", VLOOKUP(BI19,BK$8:BQ518,6,FALSE()) )
... T507: =IF(ISBLANK($C507),"",IF(G507=Constants!$B$2, TRUE(), IF(G507=Constants!$B$3, FALSE(), TRUE()))) | U507: =IF(ISBLANK($C507),"",IF(H507=Constants!$B$2, TRUE(), IF(H507=Constants!$B$3, FALSE(), TRUE()))) | V507: =IF(ISBLANK($C507),"",IF(I507=Constants!$B$2, TRUE(), IF(I507=Constants!$B$3, FALSE(), TRUE()))) | W507: =IF(ISBLANK($C507),"",IF(J507=Constants!$B$2, TRUE(), IF(J507=Constants!$B$3, FALSE(), TRUE()))) | X507: =IF(ISBLANK($C507),"",IF(K507=Constants!$B$2, TRUE(), IF(K507=Constants!$B$3, FALSE(), TRUE()))) | Y507: =IF(ISBLANK($C507),"",IF(ISNUMBER(L507), L507, "")) | Z507: =IF(ISBLANK($C507),"",IF(ISNUMBER(M507), M507, "")) | AA507: =IF(ISBLANK($C507),"",IF(ISNUMBER(N507), N507, "")) | AB507: =IF(ISBLANK($C507),"",IF(ISNUMBER(O507), O507, "")) | AC507: =IF(ISBLANK($C507),"",IF(ISNUMBER(P507), P507, Constants!$B$13)) | AD507: =IF(ISBLANK($C507),"",IF(Q507=Constants!$B$2, TRUE(), IF(Q507=Constants!$B$3, FALSE(), FALSE()))) | AE507: =IF(ISBLANK(C507), "", IF(AD507, Constants!$B$4,IF(COUNTA(G507:O507)=0, Constants!$B$5, Constants!$B$7))) | AF507: =IF(ISBLANK($C507), "",IF($AE507=Constants!$B$7,1,$AE507)) | AG507: =IF($AE507=Constants!$B$7,IF(V507, 1, Constants!$B$11) * IF(X507, 1, Constants!$B$12),"") | AH507: =IF(AND($AE507=Constants!$B$7, T507, U507) ,MAX(0, $AA507-$Y507),"") | AI507: =IF(ISERROR(AH507),$AI$6,"") | AJ507: =IF($AE507=Constants!$B$7,IF(AND(T507,U507,W507),IF($AH$6=0,Constants!$B$9,Constants!$B$9*AH507/$AH$6), 0),"") | AK507: =IF(AJ507<>"", AJ507*AG507,"") | AL507: =IF(AND($AE507=Constants!$B$7, T507, U507) ,IF($Z507="", "", MAX(0,1-ABS($AA507-$Z507)/$AA507)),"") | AM507: =IF(AND(NOT(ISERROR(AH507)),ISERROR(AL507)),$AM$6,"") | AN507: =IF($AE507=Constants!$B$7 ,IF(AND(T507,U507,W507,ISNUMBER(Z507)),IF($AL$6=0,Constants!$B$10,Constants!$B$10*AL507/$AL$6), 0),"") | AO507: =IF(AN507<>"", AN507*AG507,"") | AP507: =IF($AE507=Constants!$B$7,IF($AP$6=0,Constants!$B$8,Constants!$B$8*AB507/$AP$6),"") | AQ507: =IF($AE507<>Constants!$B$7,$AE507,AK507+AO507+AP507) | AR507: =IF(ISBLANK($C507),"",IF($AE507=Constants!$B$7,RANK(AQ507,$AQ$8:$AQ$507),$AE507)) | AS507: =IF(ISBLANK($C507), "",AK507) | AT507: =IF(ISBLANK($C507),"",IF($AE507=Constants!$B$7,RANK(AS507,AS$8:AS$507),$AE507)) | AU507: =IF(ISBLANK($C507), "",AP507) | AV507: =IF(ISBLANK($C507),"",IF($AE507=Constants!$B$7,RANK(AU507,AU$8:AU$507),$AE507)) | AW507: =IF(ISBLANK($C507), "",AC507) | AX507: =IF(ISBLANK($C507),"", IF($AE507=Constants!$B$7, COUNTIFS($AR$8:$AR$507,"<"&$AR507) + COUNTIFS($AR$8:$AR$507,$AR507,$AT$8:$AT$507,"<"&$AT507) + COUNTIFS($AR$8:$AR$507,$AR507,$AT$8:$AT$507,$AT507,$AV$8:$AV$507,"<"&$AV507) + COUNTIFS($AR$8:$AR$507,$AR507,$AT$8:$AT$507,$AT507,$AV$8:$AV$507,$AV507,$AW$8:$AW$507,"<"&$AW507) + 1, $AE507)) | AY507: =IF(ISBLANK(C507),"",IF($AE507=Constants!$B$7, AR507-AX507,$AE507)) | BA507: =IF(ISBLANK($C507),"",TRIM(AI507&" "&AM507)) | BB507: =IF(ISBLANK($C507),"",IF($AE507<>Constants!$B$7, $AE507 ,AQ507)) | BC507: =IF(ISBLANK($C507),"",IF($AE507<>Constants!$B$7, $AE507 ,AF507)) | BD507: =IF(ISBLANK(C507),"",AY507) | BE507: =IF(ISBLANK(C507),"",AX507) | BF507: =IF(ISBLANK(C507),"",IFERROR(_xlfn.SWITCH(BE507, Constants!$B$4, COUNTA($C$8:$C1006)+2, Constants!$B$5, COUNTA($C$8:$C1006)+1, Constants!$B$6, COUNTA($C$8:$C1006)),BE507)) | BH507: =IF(OR(ISNUMBER(BE507),BE507="DQ",BE507="P",BE507="NS"), 1, 0 ) -> 0 | BI507: 500 | BJ507: =IF(ISBLANK($C507), "", BF507+ROW($B507)/1000 ) | BK507: =IF(ISNUMBER(BJ507), RANK(BJ507,BJ$8:BJ$507,1), "") | BL507: =IF(ISBLANK($C507), "", $B507 ) | BM507: =IF(ISBLANK($C507), "", $C507 ) | BN507: =IF(ISBLANK($C507), "", $D507 ) | BO507: =BC507 | BP507: =BB507 | BQ507: =IF(ISBLANK($C507), "", BE507 ) | BR507: =IF(BI507>BH$7, "", VLOOKUP(BI507,BK$8:BQ1006,7,FALSE()) ) | BS507: =IF(BI507>BH$7, "", VLOOKUP(BI507,BK$8:BQ1006,2,FALSE()) ) | BT507: =IF(BI507>BH$7, "", VLOOKUP(BI507,BK$8:BQ1006,3,FALSE()) ) | BU507: =IF(BI507>BH$7, "", VLOOKUP(BI507,BK$8:BQ1006,4,FALSE()) ) | BV507: =IF(BI507>BH$7, "", VLOOKUP(BI507,BK$8:BQ1006,5,FALSE()) ) | BW507: =IF(BI507>BH$7, "", VLOOKUP(BI507,BK$8:BQ1006,6,FALSE()) )

Sheet Constants
A1: Name Desc | B1: Value
A2: =TRUE() -> TRUE | B2: T
A3: =FALSE() -> FALSE | B3: F
A4: Disqualified | B4: DQ
A5: No-Show | B5: NS
A6: Participated | B6: P
A7: Competed | B7: C
A8: ES Multiplier | B8: 50
A9: TS Multiplier | B9: 30
A10: PS Multiplier | B10: 20
A11: Construction Penalty Multiplier | B11: 0.7
A12: Competition Penalty Multiplier | B12: 0.9
A13: Default TB3 Rank | B13: 1

Sheet Export
A1: Team # | B1: School Name | C1: Team Name | D1: Status | E1: Score | F1: Tiebreaker | G1: Tier | H1: Points | I1: Rank
A2: =ExportRaw!$F2 -> 0 | B2: =ExportRaw!$C2 -> 0 | C2: =ExportRaw!$G2 -> 0 | D2: =ExportRaw!$E2 | E2: =ExportRaw!$D2 | F2: =ExportRaw!$H2 | G2: =ExportRaw!$I2 | H2: =ExportRaw!$A2 | I2: =ExportRaw!$B2
A3: =ExportRaw!$F3 -> 0 | B3: =ExportRaw!$C3 -> 0 | C3: =ExportRaw!$G3 -> 0 | D3: =ExportRaw!$E3 | E3: =ExportRaw!$D3 | F3: =ExportRaw!$H3 | G3: =ExportRaw!$I3 | H3: =ExportRaw!$A3 | I3: =ExportRaw!$B3
A4: =ExportRaw!$F4 -> 0 | B4: =ExportRaw!$C4 -> 0 | C4: =ExportRaw!$G4 -> 0 | D4: =ExportRaw!$E4 | E4: =ExportRaw!$D4 | F4: =ExportRaw!$H4 | G4: =ExportRaw!$I4 | H4: =ExportRaw!$A4 | I4: =ExportRaw!$B4
A5: =ExportRaw!$F5 -> 0 | B5: =ExportRaw!$C5 -> 0 | C5: =ExportRaw!$G5 -> 0 | D5: =ExportRaw!$E5 | E5: =ExportRaw!$D5 | F5: =ExportRaw!$H5 | G5: =ExportRaw!$I5 | H5: =ExportRaw!$A5 | I5: =ExportRaw!$B5
A6: =ExportRaw!$F6 -> 0 | B6: =ExportRaw!$C6 -> 0 | C6: =ExportRaw!$G6 -> 0 | D6: =ExportRaw!$E6 | E6: =ExportRaw!$D6 | F6: =ExportRaw!$H6 | G6: =ExportRaw!$I6 | H6: =ExportRaw!$A6 | I6: =ExportRaw!$B6
A7: =ExportRaw!$F7 -> 0 | B7: =ExportRaw!$C7 -> 0 | C7: =ExportRaw!$G7 -> 0 | D7: =ExportRaw!$E7 | E7: =ExportRaw!$D7 | F7: =ExportRaw!$H7 | G7: =ExportRaw!$I7 | H7: =ExportRaw!$A7 | I7: =ExportRaw!$B7
A8: =ExportRaw!$F8 -> 0 | B8: =ExportRaw!$C8 -> 0 | C8: =ExportRaw!$G8 -> 0 | D8: =ExportRaw!$E8 | E8: =ExportRaw!$D8 | F8: =ExportRaw!$H8 | G8: =ExportRaw!$I8 | H8: =ExportRaw!$A8 | I8: =ExportRaw!$B8
A9: =ExportRaw!$F9 -> 0 | B9: =ExportRaw!$C9 -> 0 | C9: =ExportRaw!$G9 -> 0 | D9: =ExportRaw!$E9 | E9: =ExportRaw!$D9 | F9: =ExportRaw!$H9 | G9: =ExportRaw!$I9 | H9: =ExportRaw!$A9 | I9: =ExportRaw!$B9
A10: =ExportRaw!$F10 -> 0 | B10: =ExportRaw!$C10 -> 0 | C10: =ExportRaw!$G10 -> 0 | D10: =ExportRaw!$E10 | E10: =ExportRaw!$D10 | F10: =ExportRaw!$H10 | G10: =ExportRaw!$I10 | H10: =ExportRaw!$A10 | I10: =ExportRaw!$B10
A11: =ExportRaw!$F11 -> 0 | B11: =ExportRaw!$C11 -> 0 | C11: =ExportRaw!$G11 -> 0 | D11: =ExportRaw!$E11 | E11: =ExportRaw!$D11 | F11: =ExportRaw!$H11 | G11: =ExportRaw!$I11 | H11: =ExportRaw!$A11 | I11: =ExportRaw!$B11
A12: =ExportRaw!$F12 -> 0 | B12: =ExportRaw!$C12 -> 0 | C12: =ExportRaw!$G12 -> 0 | D12: =ExportRaw!$E12 | E12: =ExportRaw!$D12 | F12: =ExportRaw!$H12 | G12: =ExportRaw!$I12 | H12: =ExportRaw!$A12 | I12: =ExportRaw!$B12
A13: =ExportRaw!$F13 -> 0 | B13: =ExportRaw!$C13 -> 0 | C13: =ExportRaw!$G13 -> 0 | D13: =ExportRaw!$E13 | E13: =ExportRaw!$D13 | F13: =ExportRaw!$H13 | G13: =ExportRaw!$I13 | H13: =ExportRaw!$A13 | I13: =ExportRaw!$B13
... A501: =ExportRaw!$F501 -> 0 | B501: =ExportRaw!$C501 -> 0 | C501: =ExportRaw!$G501 -> 0 | D501: =ExportRaw!$E501 | E501: =ExportRaw!$D501 | F501: =ExportRaw!$H501 | G501: =ExportRaw!$I501 | H501: =ExportRaw!$A501 | I501: =ExportRaw!$B501

Sheet Changelog
A1: Date | B1: Version # | C1: Change

Sheet Vers
A21: =IF(ISBLANK(B21),"",B21&"|"&C21)
A22: =IF(ISBLANK(B22),"",B22&"|"&C22)
A23: =IF(ISBLANK(B23),"",B23&"|"&C23)
A24: =IF(ISBLANK(B24),"",B24&"|"&C24)
A25: =IF(ISBLANK(B25),"",B25&"|"&C25)
A26: =IF(ISBLANK(B26),"",B26&"|"&C26)
A27: =IF(ISBLANK(B27),"",B27&"|"&C27)
A28: =IF(ISBLANK(B28),"",B28&"|"&C28)
A29: =IF(ISBLANK(B29),"",B29&"|"&C29)
A30: =IF(ISBLANK(B30),"",B30&"|"&C30)
A31: =IF(ISBLANK(B31),"",B31&"|"&C31)
A32: =IF(ISBLANK(B32),"",B32&"|"&C32)
... A1000: =IF(ISBLANK(B1000),"",B1000&"|"&C1000)

Sheet Info.
A1: Event | B1: Thermodynamics
A2: Last Updated | B2: 45910 | D2: Idx of first . | E2: Idx of second . | F2: Major Version | G2: Minor Version | H2: Minor Patch
A3: Version | B3: 0.1.0 | D3: =FIND(".",B3) -> 2 | E3: =FIND(".",B3,D3+1) -> 4 | F3: =LEFT(B3,D3-1) -> 0 | G3: =MID(B3,D3+1,E3-D3-1) -> 1 | H3: =RIGHT(B3,LEN(B3)-E3) -> 0
A4: Division | B4: B/C
A5: Year | B5: 2026
A6: VLook | B6: =B1&"|"&B4 -> Thermodynamics|B/C
A7: Latest Version | D7: =FIND(".",B7) -> #VALUE! | E7: =FIND(".",B7,D7+1) -> #VALUE! | F7: =LEFT(B7,D7-1) -> #VALUE! | G7: =MID(B7,D7+1,E7-D7-1) -> #VALUE! | H7: =RIGHT(B7,LEN(B7)-E7) -> #VALUE!
A8: Outdated?

Sheet Dropdowns
A1: Compliant | B1: Complete | C1: Points
A2: Incomplete | B2: Incomplete | C2: Rank
A3: Non-Compliant | B3: No Log | C3: School Name
A4: No Log | C4: Score
C5: Status
C6: Team #
C7: Team Name
C8: Tiebreaker
C9: Tier

Sheet ExportRaw
A1: Points | B1: Rank | C1: School Name | D1: Score | E1: Status | F1: Team # | G1: Team Name | H1: Tiebreaker | I1: Tier
A2: =Scoring!BF8 | B2: =Scoring!BE8 | C2: =Scoring!C8 -> 0 | D2: =Scoring!BB8 | E2: =Scoring!AE8 | F2: =Scoring!B8 -> 0 | G2: =Scoring!D8 -> 0 | H2: =Scoring!BD8 | I2: =Scoring!BC8
A3: =Scoring!BF9 | B3: =Scoring!BE9 | C3: =Scoring!C9 -> 0 | D3: =Scoring!BB9 | E3: =Scoring!AE9 | F3: =Scoring!B9 -> 0 | G3: =Scoring!D9 -> 0 | H3: =Scoring!BD9 | I3: =Scoring!BC9
A4: =Scoring!BF10 | B4: =Scoring!BE10 | C4: =Scoring!C10 -> 0 | D4: =Scoring!BB10 | E4: =Scoring!AE10 | F4: =Scoring!B10 -> 0 | G4: =Scoring!D10 -> 0 | H4: =Scoring!BD10 | I4: =Scoring!BC10
A5: =Scoring!BF11 | B5: =Scoring!BE11 | C5: =Scoring!C11 -> 0 | D5: =Scoring!BB11 | E5: =Scoring!AE11 | F5: =Scoring!B11 -> 0 | G5: =Scoring!D11 -> 0 | H5: =Scoring!BD11 | I5: =Scoring!BC11
A6: =Scoring!BF12 | B6: =Scoring!BE12 | C6: =Scoring!C12 -> 0 | D6: =Scoring!BB12 | E6: =Scoring!AE12 | F6: =Scoring!B12 -> 0 | G6: =Scoring!D12 -> 0 | H6: =Scoring!BD12 | I6: =Scoring!BC12
A7: =Scoring!BF13 | B7: =Scoring!BE13 | C7: =Scoring!C13 -> 0 | D7: =Scoring!BB13 | E7: =Scoring!AE13 | F7: =Scoring!B13 -> 0 | G7: =Scoring!D13 -> 0 | H7: =Scoring!BD13 | I7: =Scoring!BC13
A8: =Scoring!BF14 | B8: =Scoring!BE14 | C8: =Scoring!C14 -> 0 | D8: =Scoring!BB14 | E8: =Scoring!AE14 | F8: =Scoring!B14 -> 0 | G8: =Scoring!D14 -> 0 | H8: =Scoring!BD14 | I8: =Scoring!BC14
A9: =Scoring!BF15 | B9: =Scoring!BE15 | C9: =Scoring!C15 -> 0 | D9: =Scoring!BB15 | E9: =Scoring!AE15 | F9: =Scoring!B15 -> 0 | G9: =Scoring!D15 -> 0 | H9: =Scoring!BD15 | I9: =Scoring!BC15
A10: =Scoring!BF16 | B10: =Scoring!BE16 | C10: =Scoring!C16 -> 0 | D10: =Scoring!BB16 | E10: =Scoring!AE16 | F10: =Scoring!B16 -> 0 | G10: =Scoring!D16 -> 0 | H10: =Scoring!BD16 | I10: =Scoring!BC16
A11: =Scoring!BF17 | B11: =Scoring!BE17 | C11: =Scoring!C17 -> 0 | D11: =Scoring!BB17 | E11: =Scoring!AE17 | F11: =Scoring!B17 -> 0 | G11: =Scoring!D17 -> 0 | H11: =Scoring!BD17 | I11: =Scoring!BC17
A12: =Scoring!BF18 | B12: =Scoring!BE18 | C12: =Scoring!C18 -> 0 | D12: =Scoring!BB18 | E12: =Scoring!AE18 | F12: =Scoring!B18 -> 0 | G12: =Scoring!D18 -> 0 | H12: =Scoring!BD18 | I12: =Scoring!BC18
A13: =Scoring!BF19 | B13: =Scoring!BE19 | C13: =Scoring!C19 -> 0 | D13: =Scoring!BB19 | E13: =Scoring!AE19 | F13: =Scoring!B19 -> 0 | G13: =Scoring!D19 -> 0 | H13: =Scoring!BD19 | I13: =Scoring!BC19
... A501: =Scoring!BF507 | B501: =Scoring!BE507 | C501: =Scoring!C507 -> 0 | D501: =Scoring!BB507 | E501: =Scoring!AE507 | F501: =Scoring!B507 -> 0 | G501: =Scoring!D507 -> 0 | H501: =Scoring!BD507 | I501: =Scoring!BC507
