Workbook

Sheet Scoring
B2: ='Info.'!B1&" "&'Info.'!B4 -> Roller Coaster B | E2: Check-In | J2: Event Time | V2: 18. Disqualify (T/F) | X2: Check In | AC2: Run 1 | AI2: Run 2 | CD2: Breakdown | CQ2: Rank for this team with row() bump | CR2: Rank for this team with same ranks split | CS2: Team Number of this team | CT2: Name of this schoo | CU2: Name of this team | CV2: Tier for this Team | CW2: Score for this team | CX2: Actual Rank for this team | CY2: Final Rankings
E3: 1. Impounded (T/F) | F3: 2. Safety params met (T/F) | G3: 3. Device Width (cm) | H3: 4. Device Length (cm) | I3: 5. Device Height (cm) | J3: Run 1 | P3: Run 2 | X3: =E3 -> 1. Impounded (T/F) | Y3: =F3 -> 2. Safety params met (T/F) | Z3: =G3 -> 3. Device Width (cm) | AA3: =H3 -> 4. Device Length (cm) | AB3: =I3 -> 5. Device Height (cm) | AC3: =J4 -> 6. Met all const params (T/F) | AD3: =K4 -> 7. Met all comp params (T/F) | AE3: =L4 -> 8. Crossed Finish Line (T/F) | AF3: =M4 -> 9. Run Time (s) | AG3: =N4 -> 10. Elevator Bonus (0-2) | AH3: =O4 -> 11. Loop Height (cm) | AI3: =P4 -> 12. Met all const params (T/F) | AJ3: =Q4 -> 13. Met all comp params (T/F) | ... AN3: =U4 -> 17. Loop Height (cm) | AO3: =V2 -> 18. Disqualify (T/F) | AP3: Global: Target Time | AQ3: Dimension Error | AS3: Run 1 | BB3: Scored Run | BC3: Run 2 | BM3: Final Score | CD3: Scored Run | CE3: Size Score | CF3: Time Score | CG3: Elevator Score | CH3: Loop Score | CI3: Score | CJ3: Tier | CK3: Tiebreaker | CL3: Rank | CM3: Points | CY3: Rank | CZ3: Team # | DA3: School Name | DB3: Team Name | DC3: Tier | DD3: Score
B4: ="Event Scoresheet - "&'Info.'!B5&IF('Info.'!B8="T"," The scoresheet has been updated; please download version v"&'Info.'!B7&" from soinc.org/scoresheets.","") -> Event Scoresheet - 2027 | J4: 6. Met all const params (T/F) | K4: 7. Met all comp params (T/F) | L4: 8. Crossed Finish Line (T/F) | M4: 9. Run Time (s) | N4: 10. Elevator Bonus (0-2) | O4: 11. Loop Height (cm) | P4: 12. Met all const params (T/F) | Q4: 13. Met all comp params (T/F) | R4: 14. Crossed Finish Line (T/F) | S4: 15. Run Time (s) | T4: 16. Elevator Bonus (0-2) | U4: 17. Loop Height (cm) | AS4: Run 1 Used | AT4: Run 1 Error | AU4: Size Score | AV4: Time Score | AW4: Elevator Score | AX4: Loop Score | AY4: Run Tier | AZ4: Run Score | BA4: Run 1 TB4: Run Time | BC4: Run 2 Used | BD4: Run 2 Error | BE4: Size Score | BF4: Time Score | BG4: Elevator Score | BH4: Loop Score | BI4: Run Tier | BJ4: Run Score | BK4: Run 2 TB4: Run Time
AR5: ERROR: Set Target Time in cell D7
B6: ="Last Updated: "&TEXT('Info.'!B2, "mm/dd/yyyy")&" (v"&'Info.'!B3&") Direct all questions to scoresheets@soinc.org." -> Last Updated: 10/01/2026 (v1.0.0) Direct all questions to scoresheets@soinc.org. | AR6: ERROR: Target Time in cell D7 must be a whole number from 30 to 60
B7: Target Time (s): | BR7: Tiebreaks
B8: Team # | C8: School Name | D8: Team Name | AR8: Target Time Error | BL8: Status | BM8: Tier | BN8: Scored Run Score | BO8: Final Score | BP8: Score Rank | BQ8: Rank (Tier, Score) | BR8: Loop Score of scored run (TB1) | BS8: TB1 Rank | BT8: Size Score of scored run (TB2) | BU8: TB2 Rank | BV8: Time Score of scored run (TB3) | BW8: TB3 Rank | BX8: Run Time of scored run (TB4) | BY8: TB4 Rank | BZ8: Rank w/ TB | CA8: Rank Diff | CC8: Errors | CO8: =SUM($CO$9:$CO$508) -> 0
X9: =IF(ISBLANK($C9),"",IF($E9=Constants!$B$2,TRUE(),IF($E9=Constants!$B$3,FALSE(),TRUE()))) | Y9: =IF(ISBLANK($C9),"",IF($F9=Constants!$B$2,TRUE(),IF($F9=Constants!$B$3,FALSE(),TRUE()))) | Z9: =IF(ISBLANK($C9),"",IF(ISNUMBER($G9),IF($G9>=0,$G9,""),"")) | AA9: =IF(ISBLANK($C9),"",IF(ISNUMBER($H9),IF($H9>=0,$H9,""),"")) | AB9: =IF(ISBLANK($C9),"",IF(ISNUMBER($I9),IF($I9>=0,$I9,""),"")) | AC9: =IF(ISBLANK($C9),"",IF($J9=Constants!$B$2,TRUE(),IF($J9=Constants!$B$3,FALSE(),TRUE()))) | AD9: =IF(ISBLANK($C9),"",IF($K9=Constants!$B$2,TRUE(),IF($K9=Constants!$B$3,FALSE(),TRUE()))) | AE9: =IF(ISBLANK($C9),"",IF($L9=Constants!$B$2,TRUE(),IF($L9=Constants!$B$3,FALSE(),TRUE()))) | AF9: =IF(ISBLANK($C9),"",IF(ISNUMBER($M9),IF($M9>=0,$M9,""),"")) | AG9: =IF(ISBLANK($C9),"",IF(ISBLANK($N9),0,IF(ISNUMBER($N9),IF(AND($N9>=0,$N9<=Constants!$B$17,$N9=INT($N9)),$N9,""),""))) | AH9: =IF(ISBLANK($C9),"",IF(ISBLANK($O9),0,IF(ISNUMBER($O9),IF($O9>=0,$O9,""),""))) | AI9: =IF(ISBLANK($C9),"",IF($P9=Constants!$B$2,TRUE(),IF($P9=Constants!$B$3,FALSE(),TRUE()))) | AJ9: =IF(ISBLANK($C9),"",IF($Q9=Constants!$B$2,TRUE(),IF($Q9=Constants!$B$3,FALSE(),TRUE()))) | AK9: =IF(ISBLANK($C9),"",IF($R9=Constants!$B$2,TRUE(),IF($R9=Constants!$B$3,FALSE(),TRUE()))) | AL9: =IF(ISBLANK($C9),"",IF(ISNUMBER($S9),IF($S9>=0,$S9,""),"")) | AM9: =IF(ISBLANK($C9),"",IF(ISBLANK($T9),0,IF(ISNUMBER($T9),IF(AND($T9>=0,$T9<=Constants!$B$17,$T9=INT($T9)),$T9,""),""))) | AN9: =IF(ISBLANK($C9),"",IF(ISBLANK($U9),0,IF(ISNUMBER($U9),IF($U9>=0,$U9,""),""))) | AO9: =IF(ISBLANK($C9),"",IF($V9=Constants!$B$2,TRUE(),IF($V9=Constants!$B$3,FALSE(),FALSE()))) | AP9: =IF(ISNUMBER($D$7),IF(AND($D$7>=Constants!$B$19,$D$7<=Constants!$B$20,$D$7=INT($D$7)),$D$7,""),"") | AQ9: =IF(ISBLANK($C9),"",AND($Y9,OR($AS9,$BC9),OR($Z9="",$AA9="",$AB9=""))) | AR9: =IF(ISBLANK($C9),"",IF(OR(NOT($Y9),NOT(OR($AS9,$BC9))),"",IF(ISBLANK($D$7),$AR$5,IF($AP$9="",$AR$6,"")))) | AS9: =IF(ISBLANK($C9),"",COUNTA($J9:$O9)>0) | AT9: =IF(ISBLANK($C9),"",AND($AS9,OR(AND($AF9="",OR($AE9,NOT(ISBLANK($M9)))),$AG9="",$AH9=""))) | AU9: =IF($BL9<>Constants!$B$4,"",IF(NOT($AS9),"",ROUND((Constants!$B$12-$AB9)+(Constants!$B$13-$Z9)+(Constants!$B$14-$AA9),1))) | AV9: =IF($BL9<>Constants!$B$4,"",IF(NOT($AS9),"",IF(NOT($AE9),0,Constants!$B$15*(INT(ROUND(MIN($AF9,$AP$9),6))-INT(ROUND(MAX(0,MIN($AF9,2*$AP$9)-$AP$9),6)))))) | AW9: =IF($BL9<>Constants!$B$4,"",IF(NOT($AS9),"",Constants!$B$16*$AG9)) | AX9: =IF($BL9<>Constants!$B$4,"",IF(NOT($AS9),"",Constants!$B$18*INT(ROUND($AH9,6)))) | AY9: =IF($BL9<>Constants!$B$4,"",IF(NOT($AS9),"",IF(NOT($X9),Constants!$B$11,IF(OR(NOT($AC9),NOT($AD9),ROUND($AB9,1)>Constants!$B$12,ROUND($Z9,1)>Constants!$B$13,ROUND($AA9,1)>Constants!$B$14),Constants!$B$10,Constants!$B$9)))) | AZ9: =IF($BL9<>Constants!$B$4,"",IF(NOT($AS9),"",ROUND($AU9+$AV9+$AW9+$AX9,1))) | BA9: =IF($BL9<>Constants!$B$4,"",IF(NOT($AS9),"",IF(ISNUMBER($AF9),$AF9,0))) | BB9: =IF($BL9<>Constants!$B$4,"",IF(NOT($BC9),"<-",IF(NOT($AS9),"->",IF(OR($BI9<$AY9,AND($BI9=$AY9,OR($BJ9>$AZ9,AND($BJ9=$AZ9,OR($BH9>$AX9,AND($BH9=$AX9,OR($BE9>$AU9,AND($BE9=$AU9,OR($BF9>$AV9,AND($BF9=$AV9,$BK9>$BA9)))))))))),"->","<-")))) | BC9: =IF(ISBLANK($C9),"",COUNTA($P9:$U9)>0) | BD9: =IF(ISBLANK($C9),"",AND($BC9,OR(AND($AL9="",OR($AK9,NOT(ISBLANK($S9)))),$AM9="",$AN9=""))) | BE9: =IF($BL9<>Constants!$B$4,"",IF(NOT($BC9),"",ROUND((Constants!$B$12-$AB9)+(Constants!$B$13-$Z9)+(Constants!$B$14-$AA9),1))) | BF9: =IF($BL9<>Constants!$B$4,"",IF(NOT($BC9),"",IF(NOT($AK9),0,Constants!$B$15*(INT(ROUND(MIN($AL9,$AP$9),6))-INT(ROUND(MAX(0,MIN($AL9,2*$AP$9)-$AP$9),6)))))) | BG9: =IF($BL9<>Constants!$B$4,"",IF(NOT($BC9),"",Constants!$B$16*$AM9)) | BH9: =IF($BL9<>Constants!$B$4,"",IF(NOT($BC9),"",Constants!$B$18*INT(ROUND($AN9,6)))) | BI9: =IF($BL9<>Constants!$B$4,"",IF(NOT($BC9),"",IF(NOT($X9),Constants!$B$11,IF(OR(NOT($AI9),NOT($AJ9),ROUND($AB9,1)>Constants!$B$12,ROUND($Z9,1)>Constants!$B$13,ROUND($AA9,1)>Constants!$B$14),Constants!$B$10,Constants!$B$9)))) | BJ9: =IF($BL9<>Constants!$B$4,"",IF(NOT($BC9),"",ROUND($BE9+$BF9+$BG9+$BH9,1))) | BK9: =IF($BL9<>Constants!$B$4,"",IF(NOT($BC9),"",IF(ISNUMBER($AL9),$AL9,0))) | BL9: =IF(ISBLANK($C9),"",IF($AO9,Constants!$B$7,IF(COUNTA($E9:$V9)=0,Constants!$B$6,IF(NOT($Y9),Constants!$B$5,IF(NOT(OR($AS9,$BC9)),Constants!$B$5,IF(OR($AT9,$BD9,$AQ9,$AR9<>""),Constants!$B$8,Constants!$B$4)))))) | BM9: =IF(ISBLANK($C9),"",IF($BL9<>Constants!$B$4,$BL9,IF($BB9="->",$BI9,$AY9))) | BN9: =IF($BL9<>Constants!$B$4,"",IF($BB9="->",$BJ9,$AZ9)) | BO9: =IF(ISBLANK($C9),"",IF($BL9<>Constants!$B$4,$BL9,$BN9)) | BP9: =IF(ISBLANK($C9),"",IF($BL9<>Constants!$B$4,$BL9,RANK($BO9,$BO$9:$BO$508,0))) | BQ9: =IF(ISBLANK($C9),"",IF($BL9<>Constants!$B$4,$BL9,COUNTIFS($BM$9:$BM$508,"<"&$BM9)+COUNTIFS($BM$9:$BM$508,$BM9,$BP$9:$BP$508,"<"&$BP9)+1)) | BR9: =IF($BL9<>Constants!$B$4,"",IF($BB9="->",$BH9,$AX9)) | BS9: =IF(ISBLANK($C9),"",IF($BL9<>Constants!$B$4,$BL9,IF(ISNUMBER($BR9),RANK($BR9,$BR$9:$BR$508,0),COUNT($BR$9:$BR$508)+1))) | BT9: =IF($BL9<>Constants!$B$4,"",IF($BB9="->",$BE9,$AU9)) | BU9: =IF(ISBLANK($C9),"",IF($BL9<>Constants!$B$4,$BL9,IF(ISNUMBER($BT9),RANK($BT9,$BT$9:$BT$508,0),COUNT($BT$9:$BT$508)+1))) | BV9: =IF($BL9<>Constants!$B$4,"",IF($BB9="->",$BF9,$AV9)) | BW9: =IF(ISBLANK($C9),"",IF($BL9<>Constants!$B$4,$BL9,IF(ISNUMBER($BV9),RANK($BV9,$BV$9:$BV$508,0),COUNT($BV$9:$BV$508)+1))) | BX9: =IF($BL9<>Constants!$B$4,"",IF($BB9="->",$BK9,$BA9)) | BY9: =IF(ISBLANK($C9),"",IF($BL9<>Constants!$B$4,$BL9,IF(ISNUMBER($BX9),RANK($BX9,$BX$9:$BX$508,0),COUNT($BX$9:$BX$508)+1))) | BZ9: =IF(ISBLANK($C9),"",IF($BL9<>Constants!$B$4,$BL9,COUNTIFS($BM$9:$BM$508,"<"&$BM9)+COUNTIFS($BM$9:$BM$508,$BM9,$BP$9:$BP$508,"<"&$BP9)+COUNTIFS($BM$9:$BM$508,$BM9,$BP$9:$BP$508,$BP9,$BS$9:$BS$508,"<"&$BS9)+COUNTIFS($BM$9:$BM$508,$BM9,$BP$9:$BP$508,$BP9,$BS$9:$BS$508,$BS9,$BU$9:$BU$508,"<"&$BU9)+COUNTIFS($BM$9:$BM$508,$BM9,$BP$9:$BP$508,$BP9,$BS$9:$BS$508,$BS9,$BU$9:$BU$508,$BU9,$BW$9:$BW$508,"<"&$BW9)+COUNTIFS($BM$9:$BM$508,$BM9,$BP$9:$BP$508,$BP9,$BS$9:$BS$508,$BS9,$BU$9:$BU$508,$BU9,$BW$9:$BW$508,$BW9,$BY$9:$BY$508,"<"&$BY9)+1)) | CA9: =IF(ISBLANK($C9),"",IF($BL9<>Constants!$B$4,$BL9,$BQ9-$BZ9)) | CC9: =IF(ISBLANK($C9),"",IF($BL9=Constants!$B$8,$AR9,"")) | CD9: =IF(ISBLANK($C9),"",IF($BL9<>Constants!$B$4,"",IF($BB9="->",2,1))) | CE9: =IF(ISBLANK($C9),"",IF($BL9<>Constants!$B$4,"",IF($BB9="->",$BE9,$AU9))) | CF9: =IF(ISBLANK($C9),"",IF($BL9<>Constants!$B$4,"",IF($BB9="->",$BF9,$AV9))) | CG9: =IF(ISBLANK($C9),"",IF($BL9<>Constants!$B$4,"",IF($BB9="->",$BG9,$AW9))) | CH9: =IF(ISBLANK($C9),"",IF($BL9<>Constants!$B$4,"",IF($BB9="->",$BH9,$AX9))) | CI9: =IF(ISBLANK($C9),"",$BO9) | CJ9: =IF(ISBLANK($C9),"",$BM9) | CK9: =IF(ISBLANK($C9),"",$CA9) | CL9: =IF(ISBLANK($C9),"",$BZ9) | CM9: =IF(ISBLANK($C9),"",IF($CL9=Constants!$B$7,COUNTA($C$9:$C$508)+2,IF($CL9=Constants!$B$6,COUNTA($C$9:$C$508)+1,IF($CL9=Constants!$B$5,COUNTA($C$9:$C$508),$CL9)))) | CO9: =IF(OR(ISNUMBER($CL9),$CL9=Constants!$B$7,$CL9=Constants!$B$5,$CL9=Constants!$B$6),1,0) -> 0 | CP9: 1 | CQ9: =IF(ISBLANK($C9),"",IF(ISNUMBER($CM9),$CM9+ROW($B9)/1000,"")) | CR9: =IF(ISNUMBER($CQ9),RANK($CQ9,$CQ$9:$CQ$508,1),"") | CS9: =IF(ISBLANK($C9),"",$B9) | CT9: =IF(ISBLANK($C9),"",$C9) | CU9: =IF(ISBLANK($C9),"",$D9) | CV9: =$CJ9 | CW9: =$CI9 | CX9: =IF(ISBLANK($C9),"",$CL9) | CY9: =IF($CP9>$CO$8,"",VLOOKUP($CP9,$CR$9:$CX$508,7,FALSE())) | CZ9: =IF($CP9>$CO$8,"",VLOOKUP($CP9,$CR$9:$CX$508,2,FALSE())) | DA9: =IF($CP9>$CO$8,"",VLOOKUP($CP9,$CR$9:$CX$508,3,FALSE())) | DB9: =IF($CP9>$CO$8,"",VLOOKUP($CP9,$CR$9:$CX$508,4,FALSE())) | DC9: =IF($CP9>$CO$8,"",VLOOKUP($CP9,$CR$9:$CX$508,5,FALSE())) | DD9: =IF($CP9>$CO$8,"",VLOOKUP($CP9,$CR$9:$CX$508,6,FALSE()))
X10: =IF(ISBLANK($C10),"",IF($E10=Constants!$B$2,TRUE(),IF($E10=Constants!$B$3,FALSE(),TRUE()))) | Y10: =IF(ISBLANK($C10),"",IF($F10=Constants!$B$2,TRUE(),IF($F10=Constants!$B$3,FALSE(),TRUE()))) | Z10: =IF(ISBLANK($C10),"",IF(ISNUMBER($G10),IF($G10>=0,$G10,""),"")) | AA10: =IF(ISBLANK($C10),"",IF(ISNUMBER($H10),IF($H10>=0,$H10,""),"")) | AB10: =IF(ISBLANK($C10),"",IF(ISNUMBER($I10),IF($I10>=0,$I10,""),"")) | AC10: =IF(ISBLANK($C10),"",IF($J10=Constants!$B$2,TRUE(),IF($J10=Constants!$B$3,FALSE(),TRUE()))) | AD10: =IF(ISBLANK($C10),"",IF($K10=Constants!$B$2,TRUE(),IF($K10=Constants!$B$3,FALSE(),TRUE()))) | AE10: =IF(ISBLANK($C10),"",IF($L10=Constants!$B$2,TRUE(),IF($L10=Constants!$B$3,FALSE(),TRUE()))) | AF10: =IF(ISBLANK($C10),"",IF(ISNUMBER($M10),IF($M10>=0,$M10,""),"")) | AG10: =IF(ISBLANK($C10),"",IF(ISBLANK($N10),0,IF(ISNUMBER($N10),IF(AND($N10>=0,$N10<=Constants!$B$17,$N10=INT($N10)),$N10,""),""))) | AH10: =IF(ISBLANK($C10),"",IF(ISBLANK($O10),0,IF(ISNUMBER($O10),IF($O10>=0,$O10,""),""))) | AI10: =IF(ISBLANK($C10),"",IF($P10=Constants!$B$2,TRUE(),IF($P10=Constants!$B$3,FALSE(),TRUE()))) | AJ10: =IF(ISBLANK($C10),"",IF($Q10=Constants!$B$2,TRUE(),IF($Q10=Constants!$B$3,FALSE(),TRUE()))) | AK10: =IF(ISBLANK($C10),"",IF($R10=Constants!$B$2,TRUE(),IF($R10=Constants!$B$3,FALSE(),TRUE()))) | AL10: =IF(ISBLANK($C10),"",IF(ISNUMBER($S10),IF($S10>=0,$S10,""),"")) | AM10: =IF(ISBLANK($C10),"",IF(ISBLANK($T10),0,IF(ISNUMBER($T10),IF(AND($T10>=0,$T10<=Constants!$B$17,$T10=INT($T10)),$T10,""),""))) | AN10: =IF(ISBLANK($C10),"",IF(ISBLANK($U10),0,IF(ISNUMBER($U10),IF($U10>=0,$U10,""),""))) | AO10: =IF(ISBLANK($C10),"",IF($V10=Constants!$B$2,TRUE(),IF($V10=Constants!$B$3,FALSE(),FALSE()))) | AQ10: =IF(ISBLANK($C10),"",AND($Y10,OR($AS10,$BC10),OR($Z10="",$AA10="",$AB10=""))) | AR10: =IF(ISBLANK($C10),"",IF(OR(NOT($Y10),NOT(OR($AS10,$BC10))),"",IF(ISBLANK($D$7),$AR$5,IF($AP$9="",$AR$6,"")))) | AS10: =IF(ISBLANK($C10),"",COUNTA($J10:$O10)>0) | AT10: =IF(ISBLANK($C10),"",AND($AS10,OR(AND($AF10="",OR($AE10,NOT(ISBLANK($M10)))),$AG10="",$AH10=""))) | AU10: =IF($BL10<>Constants!$B$4,"",IF(NOT($AS10),"",ROUND((Constants!$B$12-$AB10)+(Constants!$B$13-$Z10)+(Constants!$B$14-$AA10),1))) | AV10: =IF($BL10<>Constants!$B$4,"",IF(NOT($AS10),"",IF(NOT($AE10),0,Constants!$B$15*(INT(ROUND(MIN($AF10,$AP$9),6))-INT(ROUND(MAX(0,MIN($AF10,2*$AP$9)-$AP$9),6)))))) | AW10: =IF($BL10<>Constants!$B$4,"",IF(NOT($AS10),"",Constants!$B$16*$AG10)) | AX10: =IF($BL10<>Constants!$B$4,"",IF(NOT($AS10),"",Constants!$B$18*INT(ROUND($AH10,6)))) | AY10: =IF($BL10<>Constants!$B$4,"",IF(NOT($AS10),"",IF(NOT($X10),Constants!$B$11,IF(OR(NOT($AC10),NOT($AD10),ROUND($AB10,1)>Constants!$B$12,ROUND($Z10,1)>Constants!$B$13,ROUND($AA10,1)>Constants!$B$14),Constants!$B$10,Constants!$B$9)))) | AZ10: =IF($BL10<>Constants!$B$4,"",IF(NOT($AS10),"",ROUND($AU10+$AV10+$AW10+$AX10,1))) | BA10: =IF($BL10<>Constants!$B$4,"",IF(NOT($AS10),"",IF(ISNUMBER($AF10),$AF10,0))) | BB10: =IF($BL10<>Constants!$B$4,"",IF(NOT($BC10),"<-",IF(NOT($AS10),"->",IF(OR($BI10<$AY10,AND($BI10=$AY10,OR($BJ10>$AZ10,AND($BJ10=$AZ10,OR($BH10>$AX10,AND($BH10=$AX10,OR($BE10>$AU10,AND($BE10=$AU10,OR($BF10>$AV10,AND($BF10=$AV10,$BK10>$BA10)))))))))),"->","<-")))) | BC10: =IF(ISBLANK($C10),"",COUNTA($P10:$U10)>0) | BD10: =IF(ISBLANK($C10),"",AND($BC10,OR(AND($AL10="",OR($AK10,NOT(ISBLANK($S10)))),$AM10="",$AN10=""))) | BE10: =IF($BL10<>Constants!$B$4,"",IF(NOT($BC10),"",ROUND((Constants!$B$12-$AB10)+(Constants!$B$13-$Z10)+(Constants!$B$14-$AA10),1))) | BF10: =IF($BL10<>Constants!$B$4,"",IF(NOT($BC10),"",IF(NOT($AK10),0,Constants!$B$15*(INT(ROUND(MIN($AL10,$AP$9),6))-INT(ROUND(MAX(0,MIN($AL10,2*$AP$9)-$AP$9),6)))))) | BG10: =IF($BL10<>Constants!$B$4,"",IF(NOT($BC10),"",Constants!$B$16*$AM10)) | BH10: =IF($BL10<>Constants!$B$4,"",IF(NOT($BC10),"",Constants!$B$18*INT(ROUND($AN10,6)))) | BI10: =IF($BL10<>Constants!$B$4,"",IF(NOT($BC10),"",IF(NOT($X10),Constants!$B$11,IF(OR(NOT($AI10),NOT($AJ10),ROUND($AB10,1)>Constants!$B$12,ROUND($Z10,1)>Constants!$B$13,ROUND($AA10,1)>Constants!$B$14),Constants!$B$10,Constants!$B$9)))) | BJ10: =IF($BL10<>Constants!$B$4,"",IF(NOT($BC10),"",ROUND($BE10+$BF10+$BG10+$BH10,1))) | BK10: =IF($BL10<>Constants!$B$4,"",IF(NOT($BC10),"",IF(ISNUMBER($AL10),$AL10,0))) | BL10: =IF(ISBLANK($C10),"",IF($AO10,Constants!$B$7,IF(COUNTA($E10:$V10)=0,Constants!$B$6,IF(NOT($Y10),Constants!$B$5,IF(NOT(OR($AS10,$BC10)),Constants!$B$5,IF(OR($AT10,$BD10,$AQ10,$AR10<>""),Constants!$B$8,Constants!$B$4)))))) | BM10: =IF(ISBLANK($C10),"",IF($BL10<>Constants!$B$4,$BL10,IF($BB10="->",$BI10,$AY10))) | BN10: =IF($BL10<>Constants!$B$4,"",IF($BB10="->",$BJ10,$AZ10)) | BO10: =IF(ISBLANK($C10),"",IF($BL10<>Constants!$B$4,$BL10,$BN10)) | BP10: =IF(ISBLANK($C10),"",IF($BL10<>Constants!$B$4,$BL10,RANK($BO10,$BO$9:$BO$508,0))) | BQ10: =IF(ISBLANK($C10),"",IF($BL10<>Constants!$B$4,$BL10,COUNTIFS($BM$9:$BM$508,"<"&$BM10)+COUNTIFS($BM$9:$BM$508,$BM10,$BP$9:$BP$508,"<"&$BP10)+1)) | BR10: =IF($BL10<>Constants!$B$4,"",IF($BB10="->",$BH10,$AX10)) | BS10: =IF(ISBLANK($C10),"",IF($BL10<>Constants!$B$4,$BL10,IF(ISNUMBER($BR10),RANK($BR10,$BR$9:$BR$508,0),COUNT($BR$9:$BR$508)+1))) | BT10: =IF($BL10<>Constants!$B$4,"",IF($BB10="->",$BE10,$AU10)) | BU10: =IF(ISBLANK($C10),"",IF($BL10<>Constants!$B$4,$BL10,IF(ISNUMBER($BT10),RANK($BT10,$BT$9:$BT$508,0),COUNT($BT$9:$BT$508)+1))) | BV10: =IF($BL10<>Constants!$B$4,"",IF($BB10="->",$BF10,$AV10)) | BW10: =IF(ISBLANK($C10),"",IF($BL10<>Constants!$B$4,$BL10,IF(ISNUMBER($BV10),RANK($BV10,$BV$9:$BV$508,0),COUNT($BV$9:$BV$508)+1))) | BX10: =IF($BL10<>Constants!$B$4,"",IF($BB10="->",$BK10,$BA10)) | BY10: =IF(ISBLANK($C10),"",IF($BL10<>Constants!$B$4,$BL10,IF(ISNUMBER($BX10),RANK($BX10,$BX$9:$BX$508,0),COUNT($BX$9:$BX$508)+1))) | BZ10: =IF(ISBLANK($C10),"",IF($BL10<>Constants!$B$4,$BL10,COUNTIFS($BM$9:$BM$508,"<"&$BM10)+COUNTIFS($BM$9:$BM$508,$BM10,$BP$9:$BP$508,"<"&$BP10)+COUNTIFS($BM$9:$BM$508,$BM10,$BP$9:$BP$508,$BP10,$BS$9:$BS$508,"<"&$BS10)+COUNTIFS($BM$9:$BM$508,$BM10,$BP$9:$BP$508,$BP10,$BS$9:$BS$508,$BS10,$BU$9:$BU$508,"<"&$BU10)+COUNTIFS($BM$9:$BM$508,$BM10,$BP$9:$BP$508,$BP10,$BS$9:$BS$508,$BS10,$BU$9:$BU$508,$BU10,$BW$9:$BW$508,"<"&$BW10)+COUNTIFS($BM$9:$BM$508,$BM10,$BP$9:$BP$508,$BP10,$BS$9:$BS$508,$BS10,$BU$9:$BU$508,$BU10,$BW$9:$BW$508,$BW10,$BY$9:$BY$508,"<"&$BY10)+1)) | CA10: =IF(ISBLANK($C10),"",IF($BL10<>Constants!$B$4,$BL10,$BQ10-$BZ10)) | CC10: =IF(ISBLANK($C10),"",IF($BL10=Constants!$B$8,$AR10,"")) | CD10: =IF(ISBLANK($C10),"",IF($BL10<>Constants!$B$4,"",IF($BB10="->",2,1))) | CE10: =IF(ISBLANK($C10),"",IF($BL10<>Constants!$B$4,"",IF($BB10="->",$BE10,$AU10))) | CF10: =IF(ISBLANK($C10),"",IF($BL10<>Constants!$B$4,"",IF($BB10="->",$BF10,$AV10))) | CG10: =IF(ISBLANK($C10),"",IF($BL10<>Constants!$B$4,"",IF($BB10="->",$BG10,$AW10))) | CH10: =IF(ISBLANK($C10),"",IF($BL10<>Constants!$B$4,"",IF($BB10="->",$BH10,$AX10))) | CI10: =IF(ISBLANK($C10),"",$BO10) | CJ10: =IF(ISBLANK($C10),"",$BM10) | CK10: =IF(ISBLANK($C10),"",$CA10) | CL10: =IF(ISBLANK($C10),"",$BZ10) | CM10: =IF(ISBLANK($C10),"",IF($CL10=Constants!$B$7,COUNTA($C$9:$C$508)+2,IF($CL10=Constants!$B$6,COUNTA($C$9:$C$508)+1,IF($CL10=Constants!$B$5,COUNTA($C$9:$C$508),$CL10)))) | CO10: =IF(OR(ISNUMBER($CL10),$CL10=Constants!$B$7,$CL10=Constants!$B$5,$CL10=Constants!$B$6),1,0) -> 0 | CP10: 2 | CQ10: =IF(ISBLANK($C10),"",IF(ISNUMBER($CM10),$CM10+ROW($B10)/1000,"")) | CR10: =IF(ISNUMBER($CQ10),RANK($CQ10,$CQ$9:$CQ$508,1),"") | CS10: =IF(ISBLANK($C10),"",$B10) | CT10: =IF(ISBLANK($C10),"",$C10) | CU10: =IF(ISBLANK($C10),"",$D10) | CV10: =$CJ10 | CW10: =$CI10 | CX10: =IF(ISBLANK($C10),"",$CL10) | CY10: =IF($CP10>$CO$8,"",VLOOKUP($CP10,$CR$9:$CX$508,7,FALSE())) | CZ10: =IF($CP10>$CO$8,"",VLOOKUP($CP10,$CR$9:$CX$508,2,FALSE())) | DA10: =IF($CP10>$CO$8,"",VLOOKUP($CP10,$CR$9:$CX$508,3,FALSE())) | DB10: =IF($CP10>$CO$8,"",VLOOKUP($CP10,$CR$9:$CX$508,4,FALSE())) | DC10: =IF($CP10>$CO$8,"",VLOOKUP($CP10,$CR$9:$CX$508,5,FALSE())) | DD10: =IF($CP10>$CO$8,"",VLOOKUP($CP10,$CR$9:$CX$508,6,FALSE()))
X11: =IF(ISBLANK($C11),"",IF($E11=Constants!$B$2,TRUE(),IF($E11=Constants!$B$3,FALSE(),TRUE()))) | Y11: =IF(ISBLANK($C11),"",IF($F11=Constants!$B$2,TRUE(),IF($F11=Constants!$B$3,FALSE(),TRUE()))) | Z11: =IF(ISBLANK($C11),"",IF(ISNUMBER($G11),IF($G11>=0,$G11,""),"")) | AA11: =IF(ISBLANK($C11),"",IF(ISNUMBER($H11),IF($H11>=0,$H11,""),"")) | AB11: =IF(ISBLANK($C11),"",IF(ISNUMBER($I11),IF($I11>=0,$I11,""),"")) | AC11: =IF(ISBLANK($C11),"",IF($J11=Constants!$B$2,TRUE(),IF($J11=Constants!$B$3,FALSE(),TRUE()))) | AD11: =IF(ISBLANK($C11),"",IF($K11=Constants!$B$2,TRUE(),IF($K11=Constants!$B$3,FALSE(),TRUE()))) | AE11: =IF(ISBLANK($C11),"",IF($L11=Constants!$B$2,TRUE(),IF($L11=Constants!$B$3,FALSE(),TRUE()))) | AF11: =IF(ISBLANK($C11),"",IF(ISNUMBER($M11),IF($M11>=0,$M11,""),"")) | AG11: =IF(ISBLANK($C11),"",IF(ISBLANK($N11),0,IF(ISNUMBER($N11),IF(AND($N11>=0,$N11<=Constants!$B$17,$N11=INT($N11)),$N11,""),""))) | AH11: =IF(ISBLANK($C11),"",IF(ISBLANK($O11),0,IF(ISNUMBER($O11),IF($O11>=0,$O11,""),""))) | AI11: =IF(ISBLANK($C11),"",IF($P11=Constants!$B$2,TRUE(),IF($P11=Constants!$B$3,FALSE(),TRUE()))) | AJ11: =IF(ISBLANK($C11),"",IF($Q11=Constants!$B$2,TRUE(),IF($Q11=Constants!$B$3,FALSE(),TRUE()))) | AK11: =IF(ISBLANK($C11),"",IF($R11=Constants!$B$2,TRUE(),IF($R11=Constants!$B$3,FALSE(),TRUE()))) | AL11: =IF(ISBLANK($C11),"",IF(ISNUMBER($S11),IF($S11>=0,$S11,""),"")) | AM11: =IF(ISBLANK($C11),"",IF(ISBLANK($T11),0,IF(ISNUMBER($T11),IF(AND($T11>=0,$T11<=Constants!$B$17,$T11=INT($T11)),$T11,""),""))) | AN11: =IF(ISBLANK($C11),"",IF(ISBLANK($U11),0,IF(ISNUMBER($U11),IF($U11>=0,$U11,""),""))) | AO11: =IF(ISBLANK($C11),"",IF($V11=Constants!$B$2,TRUE(),IF($V11=Constants!$B$3,FALSE(),FALSE()))) | AQ11: =IF(ISBLANK($C11),"",AND($Y11,OR($AS11,$BC11),OR($Z11="",$AA11="",$AB11=""))) | AR11: =IF(ISBLANK($C11),"",IF(OR(NOT($Y11),NOT(OR($AS11,$BC11))),"",IF(ISBLANK($D$7),$AR$5,IF($AP$9="",$AR$6,"")))) | AS11: =IF(ISBLANK($C11),"",COUNTA($J11:$O11)>0) | AT11: =IF(ISBLANK($C11),"",AND($AS11,OR(AND($AF11="",OR($AE11,NOT(ISBLANK($M11)))),$AG11="",$AH11=""))) | AU11: =IF($BL11<>Constants!$B$4,"",IF(NOT($AS11),"",ROUND((Constants!$B$12-$AB11)+(Constants!$B$13-$Z11)+(Constants!$B$14-$AA11),1))) | AV11: =IF($BL11<>Constants!$B$4,"",IF(NOT($AS11),"",IF(NOT($AE11),0,Constants!$B$15*(INT(ROUND(MIN($AF11,$AP$9),6))-INT(ROUND(MAX(0,MIN($AF11,2*$AP$9)-$AP$9),6)))))) | AW11: =IF($BL11<>Constants!$B$4,"",IF(NOT($AS11),"",Constants!$B$16*$AG11)) | AX11: =IF($BL11<>Constants!$B$4,"",IF(NOT($AS11),"",Constants!$B$18*INT(ROUND($AH11,6)))) | AY11: =IF($BL11<>Constants!$B$4,"",IF(NOT($AS11),"",IF(NOT($X11),Constants!$B$11,IF(OR(NOT($AC11),NOT($AD11),ROUND($AB11,1)>Constants!$B$12,ROUND($Z11,1)>Constants!$B$13,ROUND($AA11,1)>Constants!$B$14),Constants!$B$10,Constants!$B$9)))) | AZ11: =IF($BL11<>Constants!$B$4,"",IF(NOT($AS11),"",ROUND($AU11+$AV11+$AW11+$AX11,1))) | BA11: =IF($BL11<>Constants!$B$4,"",IF(NOT($AS11),"",IF(ISNUMBER($AF11),$AF11,0))) | BB11: =IF($BL11<>Constants!$B$4,"",IF(NOT($BC11),"<-",IF(NOT($AS11),"->",IF(OR($BI11<$AY11,AND($BI11=$AY11,OR($BJ11>$AZ11,AND($BJ11=$AZ11,OR($BH11>$AX11,AND($BH11=$AX11,OR($BE11>$AU11,AND($BE11=$AU11,OR($BF11>$AV11,AND($BF11=$AV11,$BK11>$BA11)))))))))),"->","<-")))) | BC11: =IF(ISBLANK($C11),"",COUNTA($P11:$U11)>0) | BD11: =IF(ISBLANK($C11),"",AND($BC11,OR(AND($AL11="",OR($AK11,NOT(ISBLANK($S11)))),$AM11="",$AN11=""))) | BE11: =IF($BL11<>Constants!$B$4,"",IF(NOT($BC11),"",ROUND((Constants!$B$12-$AB11)+(Constants!$B$13-$Z11)+(Constants!$B$14-$AA11),1))) | BF11: =IF($BL11<>Constants!$B$4,"",IF(NOT($BC11),"",IF(NOT($AK11),0,Constants!$B$15*(INT(ROUND(MIN($AL11,$AP$9),6))-INT(ROUND(MAX(0,MIN($AL11,2*$AP$9)-$AP$9),6)))))) | BG11: =IF($BL11<>Constants!$B$4,"",IF(NOT($BC11),"",Constants!$B$16*$AM11)) | BH11: =IF($BL11<>Constants!$B$4,"",IF(NOT($BC11),"",Constants!$B$18*INT(ROUND($AN11,6)))) | BI11: =IF($BL11<>Constants!$B$4,"",IF(NOT($BC11),"",IF(NOT($X11),Constants!$B$11,IF(OR(NOT($AI11),NOT($AJ11),ROUND($AB11,1)>Constants!$B$12,ROUND($Z11,1)>Constants!$B$13,ROUND($AA11,1)>Constants!$B$14),Constants!$B$10,Constants!$B$9)))) | BJ11: =IF($BL11<>Constants!$B$4,"",IF(NOT($BC11),"",ROUND($BE11+$BF11+$BG11+$BH11,1))) | BK11: =IF($BL11<>Constants!$B$4,"",IF(NOT($BC11),"",IF(ISNUMBER($AL11),$AL11,0))) | BL11: =IF(ISBLANK($C11),"",IF($AO11,Constants!$B$7,IF(COUNTA($E11:$V11)=0,Constants!$B$6,IF(NOT($Y11),Constants!$B$5,IF(NOT(OR($AS11,$BC11)),Constants!$B$5,IF(OR($AT11,$BD11,$AQ11,$AR11<>""),Constants!$B$8,Constants!$B$4)))))) | BM11: =IF(ISBLANK($C11),"",IF($BL11<>Constants!$B$4,$BL11,IF($BB11="->",$BI11,$AY11))) | BN11: =IF($BL11<>Constants!$B$4,"",IF($BB11="->",$BJ11,$AZ11)) | BO11: =IF(ISBLANK($C11),"",IF($BL11<>Constants!$B$4,$BL11,$BN11)) | BP11: =IF(ISBLANK($C11),"",IF($BL11<>Constants!$B$4,$BL11,RANK($BO11,$BO$9:$BO$508,0))) | BQ11: =IF(ISBLANK($C11),"",IF($BL11<>Constants!$B$4,$BL11,COUNTIFS($BM$9:$BM$508,"<"&$BM11)+COUNTIFS($BM$9:$BM$508,$BM11,$BP$9:$BP$508,"<"&$BP11)+1)) | BR11: =IF($BL11<>Constants!$B$4,"",IF($BB11="->",$BH11,$AX11)) | BS11: =IF(ISBLANK($C11),"",IF($BL11<>Constants!$B$4,$BL11,IF(ISNUMBER($BR11),RANK($BR11,$BR$9:$BR$508,0),COUNT($BR$9:$BR$508)+1))) | BT11: =IF($BL11<>Constants!$B$4,"",IF($BB11="->",$BE11,$AU11)) | BU11: =IF(ISBLANK($C11),"",IF($BL11<>Constants!$B$4,$BL11,IF(ISNUMBER($BT11),RANK($BT11,$BT$9:$BT$508,0),COUNT($BT$9:$BT$508)+1))) | BV11: =IF($BL11<>Constants!$B$4,"",IF($BB11="->",$BF11,$AV11)) | BW11: =IF(ISBLANK($C11),"",IF($BL11<>Constants!$B$4,$BL11,IF(ISNUMBER($BV11),RANK($BV11,$BV$9:$BV$508,0),COUNT($BV$9:$BV$508)+1))) | BX11: =IF($BL11<>Constants!$B$4,"",IF($BB11="->",$BK11,$BA11)) | BY11: =IF(ISBLANK($C11),"",IF($BL11<>Constants!$B$4,$BL11,IF(ISNUMBER($BX11),RANK($BX11,$BX$9:$BX$508,0),COUNT($BX$9:$BX$508)+1))) | BZ11: =IF(ISBLANK($C11),"",IF($BL11<>Constants!$B$4,$BL11,COUNTIFS($BM$9:$BM$508,"<"&$BM11)+COUNTIFS($BM$9:$BM$508,$BM11,$BP$9:$BP$508,"<"&$BP11)+COUNTIFS($BM$9:$BM$508,$BM11,$BP$9:$BP$508,$BP11,$BS$9:$BS$508,"<"&$BS11)+COUNTIFS($BM$9:$BM$508,$BM11,$BP$9:$BP$508,$BP11,$BS$9:$BS$508,$BS11,$BU$9:$BU$508,"<"&$BU11)+COUNTIFS($BM$9:$BM$508,$BM11,$BP$9:$BP$508,$BP11,$BS$9:$BS$508,$BS11,$BU$9:$BU$508,$BU11,$BW$9:$BW$508,"<"&$BW11)+COUNTIFS($BM$9:$BM$508,$BM11,$BP$9:$BP$508,$BP11,$BS$9:$BS$508,$BS11,$BU$9:$BU$508,$BU11,$BW$9:$BW$508,$BW11,$BY$9:$BY$508,"<"&$BY11)+1)) | CA11: =IF(ISBLANK($C11),"",IF($BL11<>Constants!$B$4,$BL11,$BQ11-$BZ11)) | CC11: =IF(ISBLANK($C11),"",IF($BL11=Constants!$B$8,$AR11,"")) | CD11: =IF(ISBLANK($C11),"",IF($BL11<>Constants!$B$4,"",IF($BB11="->",2,1))) | CE11: =IF(ISBLANK($C11),"",IF($BL11<>Constants!$B$4,"",IF($BB11="->",$BE11,$AU11))) | CF11: =IF(ISBLANK($C11),"",IF($BL11<>Constants!$B$4,"",IF($BB11="->",$BF11,$AV11))) | CG11: =IF(ISBLANK($C11),"",IF($BL11<>Constants!$B$4,"",IF($BB11="->",$BG11,$AW11))) | CH11: =IF(ISBLANK($C11),"",IF($BL11<>Constants!$B$4,"",IF($BB11="->",$BH11,$AX11))) | CI11: =IF(ISBLANK($C11),"",$BO11) | CJ11: =IF(ISBLANK($C11),"",$BM11) | CK11: =IF(ISBLANK($C11),"",$CA11) | CL11: =IF(ISBLANK($C11),"",$BZ11) | CM11: =IF(ISBLANK($C11),"",IF($CL11=Constants!$B$7,COUNTA($C$9:$C$508)+2,IF($CL11=Constants!$B$6,COUNTA($C$9:$C$508)+1,IF($CL11=Constants!$B$5,COUNTA($C$9:$C$508),$CL11)))) | CO11: =IF(OR(ISNUMBER($CL11),$CL11=Constants!$B$7,$CL11=Constants!$B$5,$CL11=Constants!$B$6),1,0) -> 0 | CP11: 3 | CQ11: =IF(ISBLANK($C11),"",IF(ISNUMBER($CM11),$CM11+ROW($B11)/1000,"")) | CR11: =IF(ISNUMBER($CQ11),RANK($CQ11,$CQ$9:$CQ$508,1),"") | CS11: =IF(ISBLANK($C11),"",$B11) | CT11: =IF(ISBLANK($C11),"",$C11) | CU11: =IF(ISBLANK($C11),"",$D11) | CV11: =$CJ11 | CW11: =$CI11 | CX11: =IF(ISBLANK($C11),"",$CL11) | CY11: =IF($CP11>$CO$8,"",VLOOKUP($CP11,$CR$9:$CX$508,7,FALSE())) | CZ11: =IF($CP11>$CO$8,"",VLOOKUP($CP11,$CR$9:$CX$508,2,FALSE())) | DA11: =IF($CP11>$CO$8,"",VLOOKUP($CP11,$CR$9:$CX$508,3,FALSE())) | DB11: =IF($CP11>$CO$8,"",VLOOKUP($CP11,$CR$9:$CX$508,4,FALSE())) | DC11: =IF($CP11>$CO$8,"",VLOOKUP($CP11,$CR$9:$CX$508,5,FALSE())) | DD11: =IF($CP11>$CO$8,"",VLOOKUP($CP11,$CR$9:$CX$508,6,FALSE()))
X12: =IF(ISBLANK($C12),"",IF($E12=Constants!$B$2,TRUE(),IF($E12=Constants!$B$3,FALSE(),TRUE()))) | Y12: =IF(ISBLANK($C12),"",IF($F12=Constants!$B$2,TRUE(),IF($F12=Constants!$B$3,FALSE(),TRUE()))) | Z12: =IF(ISBLANK($C12),"",IF(ISNUMBER($G12),IF($G12>=0,$G12,""),"")) | AA12: =IF(ISBLANK($C12),"",IF(ISNUMBER($H12),IF($H12>=0,$H12,""),"")) | AB12: =IF(ISBLANK($C12),"",IF(ISNUMBER($I12),IF($I12>=0,$I12,""),"")) | AC12: =IF(ISBLANK($C12),"",IF($J12=Constants!$B$2,TRUE(),IF($J12=Constants!$B$3,FALSE(),TRUE()))) | AD12: =IF(ISBLANK($C12),"",IF($K12=Constants!$B$2,TRUE(),IF($K12=Constants!$B$3,FALSE(),TRUE()))) | AE12: =IF(ISBLANK($C12),"",IF($L12=Constants!$B$2,TRUE(),IF($L12=Constants!$B$3,FALSE(),TRUE()))) | AF12: =IF(ISBLANK($C12),"",IF(ISNUMBER($M12),IF($M12>=0,$M12,""),"")) | AG12: =IF(ISBLANK($C12),"",IF(ISBLANK($N12),0,IF(ISNUMBER($N12),IF(AND($N12>=0,$N12<=Constants!$B$17,$N12=INT($N12)),$N12,""),""))) | AH12: =IF(ISBLANK($C12),"",IF(ISBLANK($O12),0,IF(ISNUMBER($O12),IF($O12>=0,$O12,""),""))) | AI12: =IF(ISBLANK($C12),"",IF($P12=Constants!$B$2,TRUE(),IF($P12=Constants!$B$3,FALSE(),TRUE()))) | AJ12: =IF(ISBLANK($C12),"",IF($Q12=Constants!$B$2,TRUE(),IF($Q12=Constants!$B$3,FALSE(),TRUE()))) | AK12: =IF(ISBLANK($C12),"",IF($R12=Constants!$B$2,TRUE(),IF($R12=Constants!$B$3,FALSE(),TRUE()))) | AL12: =IF(ISBLANK($C12),"",IF(ISNUMBER($S12),IF($S12>=0,$S12,""),"")) | AM12: =IF(ISBLANK($C12),"",IF(ISBLANK($T12),0,IF(ISNUMBER($T12),IF(AND($T12>=0,$T12<=Constants!$B$17,$T12=INT($T12)),$T12,""),""))) | AN12: =IF(ISBLANK($C12),"",IF(ISBLANK($U12),0,IF(ISNUMBER($U12),IF($U12>=0,$U12,""),""))) | AO12: =IF(ISBLANK($C12),"",IF($V12=Constants!$B$2,TRUE(),IF($V12=Constants!$B$3,FALSE(),FALSE()))) | AQ12: =IF(ISBLANK($C12),"",AND($Y12,OR($AS12,$BC12),OR($Z12="",$AA12="",$AB12=""))) | AR12: =IF(ISBLANK($C12),"",IF(OR(NOT($Y12),NOT(OR($AS12,$BC12))),"",IF(ISBLANK($D$7),$AR$5,IF($AP$9="",$AR$6,"")))) | AS12: =IF(ISBLANK($C12),"",COUNTA($J12:$O12)>0) | AT12: =IF(ISBLANK($C12),"",AND($AS12,OR(AND($AF12="",OR($AE12,NOT(ISBLANK($M12)))),$AG12="",$AH12=""))) | AU12: =IF($BL12<>Constants!$B$4,"",IF(NOT($AS12),"",ROUND((Constants!$B$12-$AB12)+(Constants!$B$13-$Z12)+(Constants!$B$14-$AA12),1))) | AV12: =IF($BL12<>Constants!$B$4,"",IF(NOT($AS12),"",IF(NOT($AE12),0,Constants!$B$15*(INT(ROUND(MIN($AF12,$AP$9),6))-INT(ROUND(MAX(0,MIN($AF12,2*$AP$9)-$AP$9),6)))))) | AW12: =IF($BL12<>Constants!$B$4,"",IF(NOT($AS12),"",Constants!$B$16*$AG12)) | AX12: =IF($BL12<>Constants!$B$4,"",IF(NOT($AS12),"",Constants!$B$18*INT(ROUND($AH12,6)))) | AY12: =IF($BL12<>Constants!$B$4,"",IF(NOT($AS12),"",IF(NOT($X12),Constants!$B$11,IF(OR(NOT($AC12),NOT($AD12),ROUND($AB12,1)>Constants!$B$12,ROUND($Z12,1)>Constants!$B$13,ROUND($AA12,1)>Constants!$B$14),Constants!$B$10,Constants!$B$9)))) | AZ12: =IF($BL12<>Constants!$B$4,"",IF(NOT($AS12),"",ROUND($AU12+$AV12+$AW12+$AX12,1))) | BA12: =IF($BL12<>Constants!$B$4,"",IF(NOT($AS12),"",IF(ISNUMBER($AF12),$AF12,0))) | BB12: =IF($BL12<>Constants!$B$4,"",IF(NOT($BC12),"<-",IF(NOT($AS12),"->",IF(OR($BI12<$AY12,AND($BI12=$AY12,OR($BJ12>$AZ12,AND($BJ12=$AZ12,OR($BH12>$AX12,AND($BH12=$AX12,OR($BE12>$AU12,AND($BE12=$AU12,OR($BF12>$AV12,AND($BF12=$AV12,$BK12>$BA12)))))))))),"->","<-")))) | BC12: =IF(ISBLANK($C12),"",COUNTA($P12:$U12)>0) | BD12: =IF(ISBLANK($C12),"",AND($BC12,OR(AND($AL12="",OR($AK12,NOT(ISBLANK($S12)))),$AM12="",$AN12=""))) | BE12: =IF($BL12<>Constants!$B$4,"",IF(NOT($BC12),"",ROUND((Constants!$B$12-$AB12)+(Constants!$B$13-$Z12)+(Constants!$B$14-$AA12),1))) | BF12: =IF($BL12<>Constants!$B$4,"",IF(NOT($BC12),"",IF(NOT($AK12),0,Constants!$B$15*(INT(ROUND(MIN($AL12,$AP$9),6))-INT(ROUND(MAX(0,MIN($AL12,2*$AP$9)-$AP$9),6)))))) | BG12: =IF($BL12<>Constants!$B$4,"",IF(NOT($BC12),"",Constants!$B$16*$AM12)) | BH12: =IF($BL12<>Constants!$B$4,"",IF(NOT($BC12),"",Constants!$B$18*INT(ROUND($AN12,6)))) | BI12: =IF($BL12<>Constants!$B$4,"",IF(NOT($BC12),"",IF(NOT($X12),Constants!$B$11,IF(OR(NOT($AI12),NOT($AJ12),ROUND($AB12,1)>Constants!$B$12,ROUND($Z12,1)>Constants!$B$13,ROUND($AA12,1)>Constants!$B$14),Constants!$B$10,Constants!$B$9)))) | BJ12: =IF($BL12<>Constants!$B$4,"",IF(NOT($BC12),"",ROUND($BE12+$BF12+$BG12+$BH12,1))) | BK12: =IF($BL12<>Constants!$B$4,"",IF(NOT($BC12),"",IF(ISNUMBER($AL12),$AL12,0))) | BL12: =IF(ISBLANK($C12),"",IF($AO12,Constants!$B$7,IF(COUNTA($E12:$V12)=0,Constants!$B$6,IF(NOT($Y12),Constants!$B$5,IF(NOT(OR($AS12,$BC12)),Constants!$B$5,IF(OR($AT12,$BD12,$AQ12,$AR12<>""),Constants!$B$8,Constants!$B$4)))))) | BM12: =IF(ISBLANK($C12),"",IF($BL12<>Constants!$B$4,$BL12,IF($BB12="->",$BI12,$AY12))) | BN12: =IF($BL12<>Constants!$B$4,"",IF($BB12="->",$BJ12,$AZ12)) | BO12: =IF(ISBLANK($C12),"",IF($BL12<>Constants!$B$4,$BL12,$BN12)) | BP12: =IF(ISBLANK($C12),"",IF($BL12<>Constants!$B$4,$BL12,RANK($BO12,$BO$9:$BO$508,0))) | BQ12: =IF(ISBLANK($C12),"",IF($BL12<>Constants!$B$4,$BL12,COUNTIFS($BM$9:$BM$508,"<"&$BM12)+COUNTIFS($BM$9:$BM$508,$BM12,$BP$9:$BP$508,"<"&$BP12)+1)) | BR12: =IF($BL12<>Constants!$B$4,"",IF($BB12="->",$BH12,$AX12)) | BS12: =IF(ISBLANK($C12),"",IF($BL12<>Constants!$B$4,$BL12,IF(ISNUMBER($BR12),RANK($BR12,$BR$9:$BR$508,0),COUNT($BR$9:$BR$508)+1))) | BT12: =IF($BL12<>Constants!$B$4,"",IF($BB12="->",$BE12,$AU12)) | BU12: =IF(ISBLANK($C12),"",IF($BL12<>Constants!$B$4,$BL12,IF(ISNUMBER($BT12),RANK($BT12,$BT$9:$BT$508,0),COUNT($BT$9:$BT$508)+1))) | BV12: =IF($BL12<>Constants!$B$4,"",IF($BB12="->",$BF12,$AV12)) | BW12: =IF(ISBLANK($C12),"",IF($BL12<>Constants!$B$4,$BL12,IF(ISNUMBER($BV12),RANK($BV12,$BV$9:$BV$508,0),COUNT($BV$9:$BV$508)+1))) | BX12: =IF($BL12<>Constants!$B$4,"",IF($BB12="->",$BK12,$BA12)) | BY12: =IF(ISBLANK($C12),"",IF($BL12<>Constants!$B$4,$BL12,IF(ISNUMBER($BX12),RANK($BX12,$BX$9:$BX$508,0),COUNT($BX$9:$BX$508)+1))) | BZ12: =IF(ISBLANK($C12),"",IF($BL12<>Constants!$B$4,$BL12,COUNTIFS($BM$9:$BM$508,"<"&$BM12)+COUNTIFS($BM$9:$BM$508,$BM12,$BP$9:$BP$508,"<"&$BP12)+COUNTIFS($BM$9:$BM$508,$BM12,$BP$9:$BP$508,$BP12,$BS$9:$BS$508,"<"&$BS12)+COUNTIFS($BM$9:$BM$508,$BM12,$BP$9:$BP$508,$BP12,$BS$9:$BS$508,$BS12,$BU$9:$BU$508,"<"&$BU12)+COUNTIFS($BM$9:$BM$508,$BM12,$BP$9:$BP$508,$BP12,$BS$9:$BS$508,$BS12,$BU$9:$BU$508,$BU12,$BW$9:$BW$508,"<"&$BW12)+COUNTIFS($BM$9:$BM$508,$BM12,$BP$9:$BP$508,$BP12,$BS$9:$BS$508,$BS12,$BU$9:$BU$508,$BU12,$BW$9:$BW$508,$BW12,$BY$9:$BY$508,"<"&$BY12)+1)) | CA12: =IF(ISBLANK($C12),"",IF($BL12<>Constants!$B$4,$BL12,$BQ12-$BZ12)) | CC12: =IF(ISBLANK($C12),"",IF($BL12=Constants!$B$8,$AR12,"")) | CD12: =IF(ISBLANK($C12),"",IF($BL12<>Constants!$B$4,"",IF($BB12="->",2,1))) | CE12: =IF(ISBLANK($C12),"",IF($BL12<>Constants!$B$4,"",IF($BB12="->",$BE12,$AU12))) | CF12: =IF(ISBLANK($C12),"",IF($BL12<>Constants!$B$4,"",IF($BB12="->",$BF12,$AV12))) | CG12: =IF(ISBLANK($C12),"",IF($BL12<>Constants!$B$4,"",IF($BB12="->",$BG12,$AW12))) | CH12: =IF(ISBLANK($C12),"",IF($BL12<>Constants!$B$4,"",IF($BB12="->",$BH12,$AX12))) | CI12: =IF(ISBLANK($C12),"",$BO12) | CJ12: =IF(ISBLANK($C12),"",$BM12) | CK12: =IF(ISBLANK($C12),"",$CA12) | CL12: =IF(ISBLANK($C12),"",$BZ12) | CM12: =IF(ISBLANK($C12),"",IF($CL12=Constants!$B$7,COUNTA($C$9:$C$508)+2,IF($CL12=Constants!$B$6,COUNTA($C$9:$C$508)+1,IF($CL12=Constants!$B$5,COUNTA($C$9:$C$508),$CL12)))) | CO12: =IF(OR(ISNUMBER($CL12),$CL12=Constants!$B$7,$CL12=Constants!$B$5,$CL12=Constants!$B$6),1,0) -> 0 | CP12: 4 | CQ12: =IF(ISBLANK($C12),"",IF(ISNUMBER($CM12),$CM12+ROW($B12)/1000,"")) | CR12: =IF(ISNUMBER($CQ12),RANK($CQ12,$CQ$9:$CQ$508,1),"") | CS12: =IF(ISBLANK($C12),"",$B12) | CT12: =IF(ISBLANK($C12),"",$C12) | CU12: =IF(ISBLANK($C12),"",$D12) | CV12: =$CJ12 | CW12: =$CI12 | CX12: =IF(ISBLANK($C12),"",$CL12) | CY12: =IF($CP12>$CO$8,"",VLOOKUP($CP12,$CR$9:$CX$508,7,FALSE())) | CZ12: =IF($CP12>$CO$8,"",VLOOKUP($CP12,$CR$9:$CX$508,2,FALSE())) | DA12: =IF($CP12>$CO$8,"",VLOOKUP($CP12,$CR$9:$CX$508,3,FALSE())) | DB12: =IF($CP12>$CO$8,"",VLOOKUP($CP12,$CR$9:$CX$508,4,FALSE())) | DC12: =IF($CP12>$CO$8,"",VLOOKUP($CP12,$CR$9:$CX$508,5,FALSE())) | DD12: =IF($CP12>$CO$8,"",VLOOKUP($CP12,$CR$9:$CX$508,6,FALSE()))
X13: =IF(ISBLANK($C13),"",IF($E13=Constants!$B$2,TRUE(),IF($E13=Constants!$B$3,FALSE(),TRUE()))) | Y13: =IF(ISBLANK($C13),"",IF($F13=Constants!$B$2,TRUE(),IF($F13=Constants!$B$3,FALSE(),TRUE()))) | Z13: =IF(ISBLANK($C13),"",IF(ISNUMBER($G13),IF($G13>=0,$G13,""),"")) | AA13: =IF(ISBLANK($C13),"",IF(ISNUMBER($H13),IF($H13>=0,$H13,""),"")) | AB13: =IF(ISBLANK($C13),"",IF(ISNUMBER($I13),IF($I13>=0,$I13,""),"")) | AC13: =IF(ISBLANK($C13),"",IF($J13=Constants!$B$2,TRUE(),IF($J13=Constants!$B$3,FALSE(),TRUE()))) | AD13: =IF(ISBLANK($C13),"",IF($K13=Constants!$B$2,TRUE(),IF($K13=Constants!$B$3,FALSE(),TRUE()))) | AE13: =IF(ISBLANK($C13),"",IF($L13=Constants!$B$2,TRUE(),IF($L13=Constants!$B$3,FALSE(),TRUE()))) | AF13: =IF(ISBLANK($C13),"",IF(ISNUMBER($M13),IF($M13>=0,$M13,""),"")) | AG13: =IF(ISBLANK($C13),"",IF(ISBLANK($N13),0,IF(ISNUMBER($N13),IF(AND($N13>=0,$N13<=Constants!$B$17,$N13=INT($N13)),$N13,""),""))) | AH13: =IF(ISBLANK($C13),"",IF(ISBLANK($O13),0,IF(ISNUMBER($O13),IF($O13>=0,$O13,""),""))) | AI13: =IF(ISBLANK($C13),"",IF($P13=Constants!$B$2,TRUE(),IF($P13=Constants!$B$3,FALSE(),TRUE()))) | AJ13: =IF(ISBLANK($C13),"",IF($Q13=Constants!$B$2,TRUE(),IF($Q13=Constants!$B$3,FALSE(),TRUE()))) | AK13: =IF(ISBLANK($C13),"",IF($R13=Constants!$B$2,TRUE(),IF($R13=Constants!$B$3,FALSE(),TRUE()))) | AL13: =IF(ISBLANK($C13),"",IF(ISNUMBER($S13),IF($S13>=0,$S13,""),"")) | AM13: =IF(ISBLANK($C13),"",IF(ISBLANK($T13),0,IF(ISNUMBER($T13),IF(AND($T13>=0,$T13<=Constants!$B$17,$T13=INT($T13)),$T13,""),""))) | AN13: =IF(ISBLANK($C13),"",IF(ISBLANK($U13),0,IF(ISNUMBER($U13),IF($U13>=0,$U13,""),""))) | AO13: =IF(ISBLANK($C13),"",IF($V13=Constants!$B$2,TRUE(),IF($V13=Constants!$B$3,FALSE(),FALSE()))) | AQ13: =IF(ISBLANK($C13),"",AND($Y13,OR($AS13,$BC13),OR($Z13="",$AA13="",$AB13=""))) | AR13: =IF(ISBLANK($C13),"",IF(OR(NOT($Y13),NOT(OR($AS13,$BC13))),"",IF(ISBLANK($D$7),$AR$5,IF($AP$9="",$AR$6,"")))) | AS13: =IF(ISBLANK($C13),"",COUNTA($J13:$O13)>0) | AT13: =IF(ISBLANK($C13),"",AND($AS13,OR(AND($AF13="",OR($AE13,NOT(ISBLANK($M13)))),$AG13="",$AH13=""))) | AU13: =IF($BL13<>Constants!$B$4,"",IF(NOT($AS13),"",ROUND((Constants!$B$12-$AB13)+(Constants!$B$13-$Z13)+(Constants!$B$14-$AA13),1))) | AV13: =IF($BL13<>Constants!$B$4,"",IF(NOT($AS13),"",IF(NOT($AE13),0,Constants!$B$15*(INT(ROUND(MIN($AF13,$AP$9),6))-INT(ROUND(MAX(0,MIN($AF13,2*$AP$9)-$AP$9),6)))))) | AW13: =IF($BL13<>Constants!$B$4,"",IF(NOT($AS13),"",Constants!$B$16*$AG13)) | AX13: =IF($BL13<>Constants!$B$4,"",IF(NOT($AS13),"",Constants!$B$18*INT(ROUND($AH13,6)))) | AY13: =IF($BL13<>Constants!$B$4,"",IF(NOT($AS13),"",IF(NOT($X13),Constants!$B$11,IF(OR(NOT($AC13),NOT($AD13),ROUND($AB13,1)>Constants!$B$12,ROUND($Z13,1)>Constants!$B$13,ROUND($AA13,1)>Constants!$B$14),Constants!$B$10,Constants!$B$9)))) | AZ13: =IF($BL13<>Constants!$B$4,"",IF(NOT($AS13),"",ROUND($AU13+$AV13+$AW13+$AX13,1))) | BA13: =IF($BL13<>Constants!$B$4,"",IF(NOT($AS13),"",IF(ISNUMBER($AF13),$AF13,0))) | BB13: =IF($BL13<>Constants!$B$4,"",IF(NOT($BC13),"<-",IF(NOT($AS13),"->",IF(OR($BI13<$AY13,AND($BI13=$AY13,OR($BJ13>$AZ13,AND($BJ13=$AZ13,OR($BH13>$AX13,AND($BH13=$AX13,OR($BE13>$AU13,AND($BE13=$AU13,OR($BF13>$AV13,AND($BF13=$AV13,$BK13>$BA13)))))))))),"->","<-")))) | BC13: =IF(ISBLANK($C13),"",COUNTA($P13:$U13)>0) | BD13: =IF(ISBLANK($C13),"",AND($BC13,OR(AND($AL13="",OR($AK13,NOT(ISBLANK($S13)))),$AM13="",$AN13=""))) | BE13: =IF($BL13<>Constants!$B$4,"",IF(NOT($BC13),"",ROUND((Constants!$B$12-$AB13)+(Constants!$B$13-$Z13)+(Constants!$B$14-$AA13),1))) | BF13: =IF($BL13<>Constants!$B$4,"",IF(NOT($BC13),"",IF(NOT($AK13),0,Constants!$B$15*(INT(ROUND(MIN($AL13,$AP$9),6))-INT(ROUND(MAX(0,MIN($AL13,2*$AP$9)-$AP$9),6)))))) | BG13: =IF($BL13<>Constants!$B$4,"",IF(NOT($BC13),"",Constants!$B$16*$AM13)) | BH13: =IF($BL13<>Constants!$B$4,"",IF(NOT($BC13),"",Constants!$B$18*INT(ROUND($AN13,6)))) | BI13: =IF($BL13<>Constants!$B$4,"",IF(NOT($BC13),"",IF(NOT($X13),Constants!$B$11,IF(OR(NOT($AI13),NOT($AJ13),ROUND($AB13,1)>Constants!$B$12,ROUND($Z13,1)>Constants!$B$13,ROUND($AA13,1)>Constants!$B$14),Constants!$B$10,Constants!$B$9)))) | BJ13: =IF($BL13<>Constants!$B$4,"",IF(NOT($BC13),"",ROUND($BE13+$BF13+$BG13+$BH13,1))) | BK13: =IF($BL13<>Constants!$B$4,"",IF(NOT($BC13),"",IF(ISNUMBER($AL13),$AL13,0))) | BL13: =IF(ISBLANK($C13),"",IF($AO13,Constants!$B$7,IF(COUNTA($E13:$V13)=0,Constants!$B$6,IF(NOT($Y13),Constants!$B$5,IF(NOT(OR($AS13,$BC13)),Constants!$B$5,IF(OR($AT13,$BD13,$AQ13,$AR13<>""),Constants!$B$8,Constants!$B$4)))))) | BM13: =IF(ISBLANK($C13),"",IF($BL13<>Constants!$B$4,$BL13,IF($BB13="->",$BI13,$AY13))) | BN13: =IF($BL13<>Constants!$B$4,"",IF($BB13="->",$BJ13,$AZ13)) | BO13: =IF(ISBLANK($C13),"",IF($BL13<>Constants!$B$4,$BL13,$BN13)) | BP13: =IF(ISBLANK($C13),"",IF($BL13<>Constants!$B$4,$BL13,RANK($BO13,$BO$9:$BO$508,0))) | BQ13: =IF(ISBLANK($C13),"",IF($BL13<>Constants!$B$4,$BL13,COUNTIFS($BM$9:$BM$508,"<"&$BM13)+COUNTIFS($BM$9:$BM$508,$BM13,$BP$9:$BP$508,"<"&$BP13)+1)) | BR13: =IF($BL13<>Constants!$B$4,"",IF($BB13="->",$BH13,$AX13)) | BS13: =IF(ISBLANK($C13),"",IF($BL13<>Constants!$B$4,$BL13,IF(ISNUMBER($BR13),RANK($BR13,$BR$9:$BR$508,0),COUNT($BR$9:$BR$508)+1))) | BT13: =IF($BL13<>Constants!$B$4,"",IF($BB13="->",$BE13,$AU13)) | BU13: =IF(ISBLANK($C13),"",IF($BL13<>Constants!$B$4,$BL13,IF(ISNUMBER($BT13),RANK($BT13,$BT$9:$BT$508,0),COUNT($BT$9:$BT$508)+1))) | BV13: =IF($BL13<>Constants!$B$4,"",IF($BB13="->",$BF13,$AV13)) | BW13: =IF(ISBLANK($C13),"",IF($BL13<>Constants!$B$4,$BL13,IF(ISNUMBER($BV13),RANK($BV13,$BV$9:$BV$508,0),COUNT($BV$9:$BV$508)+1))) | BX13: =IF($BL13<>Constants!$B$4,"",IF($BB13="->",$BK13,$BA13)) | BY13: =IF(ISBLANK($C13),"",IF($BL13<>Constants!$B$4,$BL13,IF(ISNUMBER($BX13),RANK($BX13,$BX$9:$BX$508,0),COUNT($BX$9:$BX$508)+1))) | BZ13: =IF(ISBLANK($C13),"",IF($BL13<>Constants!$B$4,$BL13,COUNTIFS($BM$9:$BM$508,"<"&$BM13)+COUNTIFS($BM$9:$BM$508,$BM13,$BP$9:$BP$508,"<"&$BP13)+COUNTIFS($BM$9:$BM$508,$BM13,$BP$9:$BP$508,$BP13,$BS$9:$BS$508,"<"&$BS13)+COUNTIFS($BM$9:$BM$508,$BM13,$BP$9:$BP$508,$BP13,$BS$9:$BS$508,$BS13,$BU$9:$BU$508,"<"&$BU13)+COUNTIFS($BM$9:$BM$508,$BM13,$BP$9:$BP$508,$BP13,$BS$9:$BS$508,$BS13,$BU$9:$BU$508,$BU13,$BW$9:$BW$508,"<"&$BW13)+COUNTIFS($BM$9:$BM$508,$BM13,$BP$9:$BP$508,$BP13,$BS$9:$BS$508,$BS13,$BU$9:$BU$508,$BU13,$BW$9:$BW$508,$BW13,$BY$9:$BY$508,"<"&$BY13)+1)) | CA13: =IF(ISBLANK($C13),"",IF($BL13<>Constants!$B$4,$BL13,$BQ13-$BZ13)) | CC13: =IF(ISBLANK($C13),"",IF($BL13=Constants!$B$8,$AR13,"")) | CD13: =IF(ISBLANK($C13),"",IF($BL13<>Constants!$B$4,"",IF($BB13="->",2,1))) | CE13: =IF(ISBLANK($C13),"",IF($BL13<>Constants!$B$4,"",IF($BB13="->",$BE13,$AU13))) | CF13: =IF(ISBLANK($C13),"",IF($BL13<>Constants!$B$4,"",IF($BB13="->",$BF13,$AV13))) | CG13: =IF(ISBLANK($C13),"",IF($BL13<>Constants!$B$4,"",IF($BB13="->",$BG13,$AW13))) | CH13: =IF(ISBLANK($C13),"",IF($BL13<>Constants!$B$4,"",IF($BB13="->",$BH13,$AX13))) | CI13: =IF(ISBLANK($C13),"",$BO13) | CJ13: =IF(ISBLANK($C13),"",$BM13) | CK13: =IF(ISBLANK($C13),"",$CA13) | CL13: =IF(ISBLANK($C13),"",$BZ13) | CM13: =IF(ISBLANK($C13),"",IF($CL13=Constants!$B$7,COUNTA($C$9:$C$508)+2,IF($CL13=Constants!$B$6,COUNTA($C$9:$C$508)+1,IF($CL13=Constants!$B$5,COUNTA($C$9:$C$508),$CL13)))) | CO13: =IF(OR(ISNUMBER($CL13),$CL13=Constants!$B$7,$CL13=Constants!$B$5,$CL13=Constants!$B$6),1,0) -> 0 | CP13: 5 | CQ13: =IF(ISBLANK($C13),"",IF(ISNUMBER($CM13),$CM13+ROW($B13)/1000,"")) | CR13: =IF(ISNUMBER($CQ13),RANK($CQ13,$CQ$9:$CQ$508,1),"") | CS13: =IF(ISBLANK($C13),"",$B13) | CT13: =IF(ISBLANK($C13),"",$C13) | CU13: =IF(ISBLANK($C13),"",$D13) | CV13: =$CJ13 | CW13: =$CI13 | CX13: =IF(ISBLANK($C13),"",$CL13) | CY13: =IF($CP13>$CO$8,"",VLOOKUP($CP13,$CR$9:$CX$508,7,FALSE())) | CZ13: =IF($CP13>$CO$8,"",VLOOKUP($CP13,$CR$9:$CX$508,2,FALSE())) | DA13: =IF($CP13>$CO$8,"",VLOOKUP($CP13,$CR$9:$CX$508,3,FALSE())) | DB13: =IF($CP13>$CO$8,"",VLOOKUP($CP13,$CR$9:$CX$508,4,FALSE())) | DC13: =IF($CP13>$CO$8,"",VLOOKUP($CP13,$CR$9:$CX$508,5,FALSE())) | DD13: =IF($CP13>$CO$8,"",VLOOKUP($CP13,$CR$9:$CX$508,6,FALSE()))
X14: =IF(ISBLANK($C14),"",IF($E14=Constants!$B$2,TRUE(),IF($E14=Constants!$B$3,FALSE(),TRUE()))) | Y14: =IF(ISBLANK($C14),"",IF($F14=Constants!$B$2,TRUE(),IF($F14=Constants!$B$3,FALSE(),TRUE()))) | Z14: =IF(ISBLANK($C14),"",IF(ISNUMBER($G14),IF($G14>=0,$G14,""),"")) | AA14: =IF(ISBLANK($C14),"",IF(ISNUMBER($H14),IF($H14>=0,$H14,""),"")) | AB14: =IF(ISBLANK($C14),"",IF(ISNUMBER($I14),IF($I14>=0,$I14,""),"")) | AC14: =IF(ISBLANK($C14),"",IF($J14=Constants!$B$2,TRUE(),IF($J14=Constants!$B$3,FALSE(),TRUE()))) | AD14: =IF(ISBLANK($C14),"",IF($K14=Constants!$B$2,TRUE(),IF($K14=Constants!$B$3,FALSE(),TRUE()))) | AE14: =IF(ISBLANK($C14),"",IF($L14=Constants!$B$2,TRUE(),IF($L14=Constants!$B$3,FALSE(),TRUE()))) | AF14: =IF(ISBLANK($C14),"",IF(ISNUMBER($M14),IF($M14>=0,$M14,""),"")) | AG14: =IF(ISBLANK($C14),"",IF(ISBLANK($N14),0,IF(ISNUMBER($N14),IF(AND($N14>=0,$N14<=Constants!$B$17,$N14=INT($N14)),$N14,""),""))) | AH14: =IF(ISBLANK($C14),"",IF(ISBLANK($O14),0,IF(ISNUMBER($O14),IF($O14>=0,$O14,""),""))) | AI14: =IF(ISBLANK($C14),"",IF($P14=Constants!$B$2,TRUE(),IF($P14=Constants!$B$3,FALSE(),TRUE()))) | AJ14: =IF(ISBLANK($C14),"",IF($Q14=Constants!$B$2,TRUE(),IF($Q14=Constants!$B$3,FALSE(),TRUE()))) | AK14: =IF(ISBLANK($C14),"",IF($R14=Constants!$B$2,TRUE(),IF($R14=Constants!$B$3,FALSE(),TRUE()))) | AL14: =IF(ISBLANK($C14),"",IF(ISNUMBER($S14),IF($S14>=0,$S14,""),"")) | AM14: =IF(ISBLANK($C14),"",IF(ISBLANK($T14),0,IF(ISNUMBER($T14),IF(AND($T14>=0,$T14<=Constants!$B$17,$T14=INT($T14)),$T14,""),""))) | AN14: =IF(ISBLANK($C14),"",IF(ISBLANK($U14),0,IF(ISNUMBER($U14),IF($U14>=0,$U14,""),""))) | AO14: =IF(ISBLANK($C14),"",IF($V14=Constants!$B$2,TRUE(),IF($V14=Constants!$B$3,FALSE(),FALSE()))) | AQ14: =IF(ISBLANK($C14),"",AND($Y14,OR($AS14,$BC14),OR($Z14="",$AA14="",$AB14=""))) | AR14: =IF(ISBLANK($C14),"",IF(OR(NOT($Y14),NOT(OR($AS14,$BC14))),"",IF(ISBLANK($D$7),$AR$5,IF($AP$9="",$AR$6,"")))) | AS14: =IF(ISBLANK($C14),"",COUNTA($J14:$O14)>0) | AT14: =IF(ISBLANK($C14),"",AND($AS14,OR(AND($AF14="",OR($AE14,NOT(ISBLANK($M14)))),$AG14="",$AH14=""))) | AU14: =IF($BL14<>Constants!$B$4,"",IF(NOT($AS14),"",ROUND((Constants!$B$12-$AB14)+(Constants!$B$13-$Z14)+(Constants!$B$14-$AA14),1))) | AV14: =IF($BL14<>Constants!$B$4,"",IF(NOT($AS14),"",IF(NOT($AE14),0,Constants!$B$15*(INT(ROUND(MIN($AF14,$AP$9),6))-INT(ROUND(MAX(0,MIN($AF14,2*$AP$9)-$AP$9),6)))))) | AW14: =IF($BL14<>Constants!$B$4,"",IF(NOT($AS14),"",Constants!$B$16*$AG14)) | AX14: =IF($BL14<>Constants!$B$4,"",IF(NOT($AS14),"",Constants!$B$18*INT(ROUND($AH14,6)))) | AY14: =IF($BL14<>Constants!$B$4,"",IF(NOT($AS14),"",IF(NOT($X14),Constants!$B$11,IF(OR(NOT($AC14),NOT($AD14),ROUND($AB14,1)>Constants!$B$12,ROUND($Z14,1)>Constants!$B$13,ROUND($AA14,1)>Constants!$B$14),Constants!$B$10,Constants!$B$9)))) | AZ14: =IF($BL14<>Constants!$B$4,"",IF(NOT($AS14),"",ROUND($AU14+$AV14+$AW14+$AX14,1))) | BA14: =IF($BL14<>Constants!$B$4,"",IF(NOT($AS14),"",IF(ISNUMBER($AF14),$AF14,0))) | BB14: =IF($BL14<>Constants!$B$4,"",IF(NOT($BC14),"<-",IF(NOT($AS14),"->",IF(OR($BI14<$AY14,AND($BI14=$AY14,OR($BJ14>$AZ14,AND($BJ14=$AZ14,OR($BH14>$AX14,AND($BH14=$AX14,OR($BE14>$AU14,AND($BE14=$AU14,OR($BF14>$AV14,AND($BF14=$AV14,$BK14>$BA14)))))))))),"->","<-")))) | BC14: =IF(ISBLANK($C14),"",COUNTA($P14:$U14)>0) | BD14: =IF(ISBLANK($C14),"",AND($BC14,OR(AND($AL14="",OR($AK14,NOT(ISBLANK($S14)))),$AM14="",$AN14=""))) | BE14: =IF($BL14<>Constants!$B$4,"",IF(NOT($BC14),"",ROUND((Constants!$B$12-$AB14)+(Constants!$B$13-$Z14)+(Constants!$B$14-$AA14),1))) | BF14: =IF($BL14<>Constants!$B$4,"",IF(NOT($BC14),"",IF(NOT($AK14),0,Constants!$B$15*(INT(ROUND(MIN($AL14,$AP$9),6))-INT(ROUND(MAX(0,MIN($AL14,2*$AP$9)-$AP$9),6)))))) | BG14: =IF($BL14<>Constants!$B$4,"",IF(NOT($BC14),"",Constants!$B$16*$AM14)) | BH14: =IF($BL14<>Constants!$B$4,"",IF(NOT($BC14),"",Constants!$B$18*INT(ROUND($AN14,6)))) | BI14: =IF($BL14<>Constants!$B$4,"",IF(NOT($BC14),"",IF(NOT($X14),Constants!$B$11,IF(OR(NOT($AI14),NOT($AJ14),ROUND($AB14,1)>Constants!$B$12,ROUND($Z14,1)>Constants!$B$13,ROUND($AA14,1)>Constants!$B$14),Constants!$B$10,Constants!$B$9)))) | BJ14: =IF($BL14<>Constants!$B$4,"",IF(NOT($BC14),"",ROUND($BE14+$BF14+$BG14+$BH14,1))) | BK14: =IF($BL14<>Constants!$B$4,"",IF(NOT($BC14),"",IF(ISNUMBER($AL14),$AL14,0))) | BL14: =IF(ISBLANK($C14),"",IF($AO14,Constants!$B$7,IF(COUNTA($E14:$V14)=0,Constants!$B$6,IF(NOT($Y14),Constants!$B$5,IF(NOT(OR($AS14,$BC14)),Constants!$B$5,IF(OR($AT14,$BD14,$AQ14,$AR14<>""),Constants!$B$8,Constants!$B$4)))))) | BM14: =IF(ISBLANK($C14),"",IF($BL14<>Constants!$B$4,$BL14,IF($BB14="->",$BI14,$AY14))) | BN14: =IF($BL14<>Constants!$B$4,"",IF($BB14="->",$BJ14,$AZ14)) | BO14: =IF(ISBLANK($C14),"",IF($BL14<>Constants!$B$4,$BL14,$BN14)) | BP14: =IF(ISBLANK($C14),"",IF($BL14<>Constants!$B$4,$BL14,RANK($BO14,$BO$9:$BO$508,0))) | BQ14: =IF(ISBLANK($C14),"",IF($BL14<>Constants!$B$4,$BL14,COUNTIFS($BM$9:$BM$508,"<"&$BM14)+COUNTIFS($BM$9:$BM$508,$BM14,$BP$9:$BP$508,"<"&$BP14)+1)) | BR14: =IF($BL14<>Constants!$B$4,"",IF($BB14="->",$BH14,$AX14)) | BS14: =IF(ISBLANK($C14),"",IF($BL14<>Constants!$B$4,$BL14,IF(ISNUMBER($BR14),RANK($BR14,$BR$9:$BR$508,0),COUNT($BR$9:$BR$508)+1))) | BT14: =IF($BL14<>Constants!$B$4,"",IF($BB14="->",$BE14,$AU14)) | BU14: =IF(ISBLANK($C14),"",IF($BL14<>Constants!$B$4,$BL14,IF(ISNUMBER($BT14),RANK($BT14,$BT$9:$BT$508,0),COUNT($BT$9:$BT$508)+1))) | BV14: =IF($BL14<>Constants!$B$4,"",IF($BB14="->",$BF14,$AV14)) | BW14: =IF(ISBLANK($C14),"",IF($BL14<>Constants!$B$4,$BL14,IF(ISNUMBER($BV14),RANK($BV14,$BV$9:$BV$508,0),COUNT($BV$9:$BV$508)+1))) | BX14: =IF($BL14<>Constants!$B$4,"",IF($BB14="->",$BK14,$BA14)) | BY14: =IF(ISBLANK($C14),"",IF($BL14<>Constants!$B$4,$BL14,IF(ISNUMBER($BX14),RANK($BX14,$BX$9:$BX$508,0),COUNT($BX$9:$BX$508)+1))) | BZ14: =IF(ISBLANK($C14),"",IF($BL14<>Constants!$B$4,$BL14,COUNTIFS($BM$9:$BM$508,"<"&$BM14)+COUNTIFS($BM$9:$BM$508,$BM14,$BP$9:$BP$508,"<"&$BP14)+COUNTIFS($BM$9:$BM$508,$BM14,$BP$9:$BP$508,$BP14,$BS$9:$BS$508,"<"&$BS14)+COUNTIFS($BM$9:$BM$508,$BM14,$BP$9:$BP$508,$BP14,$BS$9:$BS$508,$BS14,$BU$9:$BU$508,"<"&$BU14)+COUNTIFS($BM$9:$BM$508,$BM14,$BP$9:$BP$508,$BP14,$BS$9:$BS$508,$BS14,$BU$9:$BU$508,$BU14,$BW$9:$BW$508,"<"&$BW14)+COUNTIFS($BM$9:$BM$508,$BM14,$BP$9:$BP$508,$BP14,$BS$9:$BS$508,$BS14,$BU$9:$BU$508,$BU14,$BW$9:$BW$508,$BW14,$BY$9:$BY$508,"<"&$BY14)+1)) | CA14: =IF(ISBLANK($C14),"",IF($BL14<>Constants!$B$4,$BL14,$BQ14-$BZ14)) | CC14: =IF(ISBLANK($C14),"",IF($BL14=Constants!$B$8,$AR14,"")) | CD14: =IF(ISBLANK($C14),"",IF($BL14<>Constants!$B$4,"",IF($BB14="->",2,1))) | CE14: =IF(ISBLANK($C14),"",IF($BL14<>Constants!$B$4,"",IF($BB14="->",$BE14,$AU14))) | CF14: =IF(ISBLANK($C14),"",IF($BL14<>Constants!$B$4,"",IF($BB14="->",$BF14,$AV14))) | CG14: =IF(ISBLANK($C14),"",IF($BL14<>Constants!$B$4,"",IF($BB14="->",$BG14,$AW14))) | CH14: =IF(ISBLANK($C14),"",IF($BL14<>Constants!$B$4,"",IF($BB14="->",$BH14,$AX14))) | CI14: =IF(ISBLANK($C14),"",$BO14) | CJ14: =IF(ISBLANK($C14),"",$BM14) | CK14: =IF(ISBLANK($C14),"",$CA14) | CL14: =IF(ISBLANK($C14),"",$BZ14) | CM14: =IF(ISBLANK($C14),"",IF($CL14=Constants!$B$7,COUNTA($C$9:$C$508)+2,IF($CL14=Constants!$B$6,COUNTA($C$9:$C$508)+1,IF($CL14=Constants!$B$5,COUNTA($C$9:$C$508),$CL14)))) | CO14: =IF(OR(ISNUMBER($CL14),$CL14=Constants!$B$7,$CL14=Constants!$B$5,$CL14=Constants!$B$6),1,0) -> 0 | CP14: 6 | CQ14: =IF(ISBLANK($C14),"",IF(ISNUMBER($CM14),$CM14+ROW($B14)/1000,"")) | CR14: =IF(ISNUMBER($CQ14),RANK($CQ14,$CQ$9:$CQ$508,1),"") | CS14: =IF(ISBLANK($C14),"",$B14) | CT14: =IF(ISBLANK($C14),"",$C14) | CU14: =IF(ISBLANK($C14),"",$D14) | CV14: =$CJ14 | CW14: =$CI14 | CX14: =IF(ISBLANK($C14),"",$CL14) | CY14: =IF($CP14>$CO$8,"",VLOOKUP($CP14,$CR$9:$CX$508,7,FALSE())) | CZ14: =IF($CP14>$CO$8,"",VLOOKUP($CP14,$CR$9:$CX$508,2,FALSE())) | DA14: =IF($CP14>$CO$8,"",VLOOKUP($CP14,$CR$9:$CX$508,3,FALSE())) | DB14: =IF($CP14>$CO$8,"",VLOOKUP($CP14,$CR$9:$CX$508,4,FALSE())) | DC14: =IF($CP14>$CO$8,"",VLOOKUP($CP14,$CR$9:$CX$508,5,FALSE())) | DD14: =IF($CP14>$CO$8,"",VLOOKUP($CP14,$CR$9:$CX$508,6,FALSE()))
X15: =IF(ISBLANK($C15),"",IF($E15=Constants!$B$2,TRUE(),IF($E15=Constants!$B$3,FALSE(),TRUE()))) | Y15: =IF(ISBLANK($C15),"",IF($F15=Constants!$B$2,TRUE(),IF($F15=Constants!$B$3,FALSE(),TRUE()))) | Z15: =IF(ISBLANK($C15),"",IF(ISNUMBER($G15),IF($G15>=0,$G15,""),"")) | AA15: =IF(ISBLANK($C15),"",IF(ISNUMBER($H15),IF($H15>=0,$H15,""),"")) | AB15: =IF(ISBLANK($C15),"",IF(ISNUMBER($I15),IF($I15>=0,$I15,""),"")) | AC15: =IF(ISBLANK($C15),"",IF($J15=Constants!$B$2,TRUE(),IF($J15=Constants!$B$3,FALSE(),TRUE()))) | AD15: =IF(ISBLANK($C15),"",IF($K15=Constants!$B$2,TRUE(),IF($K15=Constants!$B$3,FALSE(),TRUE()))) | AE15: =IF(ISBLANK($C15),"",IF($L15=Constants!$B$2,TRUE(),IF($L15=Constants!$B$3,FALSE(),TRUE()))) | AF15: =IF(ISBLANK($C15),"",IF(ISNUMBER($M15),IF($M15>=0,$M15,""),"")) | AG15: =IF(ISBLANK($C15),"",IF(ISBLANK($N15),0,IF(ISNUMBER($N15),IF(AND($N15>=0,$N15<=Constants!$B$17,$N15=INT($N15)),$N15,""),""))) | AH15: =IF(ISBLANK($C15),"",IF(ISBLANK($O15),0,IF(ISNUMBER($O15),IF($O15>=0,$O15,""),""))) | AI15: =IF(ISBLANK($C15),"",IF($P15=Constants!$B$2,TRUE(),IF($P15=Constants!$B$3,FALSE(),TRUE()))) | AJ15: =IF(ISBLANK($C15),"",IF($Q15=Constants!$B$2,TRUE(),IF($Q15=Constants!$B$3,FALSE(),TRUE()))) | AK15: =IF(ISBLANK($C15),"",IF($R15=Constants!$B$2,TRUE(),IF($R15=Constants!$B$3,FALSE(),TRUE()))) | AL15: =IF(ISBLANK($C15),"",IF(ISNUMBER($S15),IF($S15>=0,$S15,""),"")) | AM15: =IF(ISBLANK($C15),"",IF(ISBLANK($T15),0,IF(ISNUMBER($T15),IF(AND($T15>=0,$T15<=Constants!$B$17,$T15=INT($T15)),$T15,""),""))) | AN15: =IF(ISBLANK($C15),"",IF(ISBLANK($U15),0,IF(ISNUMBER($U15),IF($U15>=0,$U15,""),""))) | AO15: =IF(ISBLANK($C15),"",IF($V15=Constants!$B$2,TRUE(),IF($V15=Constants!$B$3,FALSE(),FALSE()))) | AQ15: =IF(ISBLANK($C15),"",AND($Y15,OR($AS15,$BC15),OR($Z15="",$AA15="",$AB15=""))) | AR15: =IF(ISBLANK($C15),"",IF(OR(NOT($Y15),NOT(OR($AS15,$BC15))),"",IF(ISBLANK($D$7),$AR$5,IF($AP$9="",$AR$6,"")))) | AS15: =IF(ISBLANK($C15),"",COUNTA($J15:$O15)>0) | AT15: =IF(ISBLANK($C15),"",AND($AS15,OR(AND($AF15="",OR($AE15,NOT(ISBLANK($M15)))),$AG15="",$AH15=""))) | AU15: =IF($BL15<>Constants!$B$4,"",IF(NOT($AS15),"",ROUND((Constants!$B$12-$AB15)+(Constants!$B$13-$Z15)+(Constants!$B$14-$AA15),1))) | AV15: =IF($BL15<>Constants!$B$4,"",IF(NOT($AS15),"",IF(NOT($AE15),0,Constants!$B$15*(INT(ROUND(MIN($AF15,$AP$9),6))-INT(ROUND(MAX(0,MIN($AF15,2*$AP$9)-$AP$9),6)))))) | AW15: =IF($BL15<>Constants!$B$4,"",IF(NOT($AS15),"",Constants!$B$16*$AG15)) | AX15: =IF($BL15<>Constants!$B$4,"",IF(NOT($AS15),"",Constants!$B$18*INT(ROUND($AH15,6)))) | AY15: =IF($BL15<>Constants!$B$4,"",IF(NOT($AS15),"",IF(NOT($X15),Constants!$B$11,IF(OR(NOT($AC15),NOT($AD15),ROUND($AB15,1)>Constants!$B$12,ROUND($Z15,1)>Constants!$B$13,ROUND($AA15,1)>Constants!$B$14),Constants!$B$10,Constants!$B$9)))) | AZ15: =IF($BL15<>Constants!$B$4,"",IF(NOT($AS15),"",ROUND($AU15+$AV15+$AW15+$AX15,1))) | BA15: =IF($BL15<>Constants!$B$4,"",IF(NOT($AS15),"",IF(ISNUMBER($AF15),$AF15,0))) | BB15: =IF($BL15<>Constants!$B$4,"",IF(NOT($BC15),"<-",IF(NOT($AS15),"->",IF(OR($BI15<$AY15,AND($BI15=$AY15,OR($BJ15>$AZ15,AND($BJ15=$AZ15,OR($BH15>$AX15,AND($BH15=$AX15,OR($BE15>$AU15,AND($BE15=$AU15,OR($BF15>$AV15,AND($BF15=$AV15,$BK15>$BA15)))))))))),"->","<-")))) | BC15: =IF(ISBLANK($C15),"",COUNTA($P15:$U15)>0) | BD15: =IF(ISBLANK($C15),"",AND($BC15,OR(AND($AL15="",OR($AK15,NOT(ISBLANK($S15)))),$AM15="",$AN15=""))) | BE15: =IF($BL15<>Constants!$B$4,"",IF(NOT($BC15),"",ROUND((Constants!$B$12-$AB15)+(Constants!$B$13-$Z15)+(Constants!$B$14-$AA15),1))) | BF15: =IF($BL15<>Constants!$B$4,"",IF(NOT($BC15),"",IF(NOT($AK15),0,Constants!$B$15*(INT(ROUND(MIN($AL15,$AP$9),6))-INT(ROUND(MAX(0,MIN($AL15,2*$AP$9)-$AP$9),6)))))) | BG15: =IF($BL15<>Constants!$B$4,"",IF(NOT($BC15),"",Constants!$B$16*$AM15)) | BH15: =IF($BL15<>Constants!$B$4,"",IF(NOT($BC15),"",Constants!$B$18*INT(ROUND($AN15,6)))) | BI15: =IF($BL15<>Constants!$B$4,"",IF(NOT($BC15),"",IF(NOT($X15),Constants!$B$11,IF(OR(NOT($AI15),NOT($AJ15),ROUND($AB15,1)>Constants!$B$12,ROUND($Z15,1)>Constants!$B$13,ROUND($AA15,1)>Constants!$B$14),Constants!$B$10,Constants!$B$9)))) | BJ15: =IF($BL15<>Constants!$B$4,"",IF(NOT($BC15),"",ROUND($BE15+$BF15+$BG15+$BH15,1))) | BK15: =IF($BL15<>Constants!$B$4,"",IF(NOT($BC15),"",IF(ISNUMBER($AL15),$AL15,0))) | BL15: =IF(ISBLANK($C15),"",IF($AO15,Constants!$B$7,IF(COUNTA($E15:$V15)=0,Constants!$B$6,IF(NOT($Y15),Constants!$B$5,IF(NOT(OR($AS15,$BC15)),Constants!$B$5,IF(OR($AT15,$BD15,$AQ15,$AR15<>""),Constants!$B$8,Constants!$B$4)))))) | BM15: =IF(ISBLANK($C15),"",IF($BL15<>Constants!$B$4,$BL15,IF($BB15="->",$BI15,$AY15))) | BN15: =IF($BL15<>Constants!$B$4,"",IF($BB15="->",$BJ15,$AZ15)) | BO15: =IF(ISBLANK($C15),"",IF($BL15<>Constants!$B$4,$BL15,$BN15)) | BP15: =IF(ISBLANK($C15),"",IF($BL15<>Constants!$B$4,$BL15,RANK($BO15,$BO$9:$BO$508,0))) | BQ15: =IF(ISBLANK($C15),"",IF($BL15<>Constants!$B$4,$BL15,COUNTIFS($BM$9:$BM$508,"<"&$BM15)+COUNTIFS($BM$9:$BM$508,$BM15,$BP$9:$BP$508,"<"&$BP15)+1)) | BR15: =IF($BL15<>Constants!$B$4,"",IF($BB15="->",$BH15,$AX15)) | BS15: =IF(ISBLANK($C15),"",IF($BL15<>Constants!$B$4,$BL15,IF(ISNUMBER($BR15),RANK($BR15,$BR$9:$BR$508,0),COUNT($BR$9:$BR$508)+1))) | BT15: =IF($BL15<>Constants!$B$4,"",IF($BB15="->",$BE15,$AU15)) | BU15: =IF(ISBLANK($C15),"",IF($BL15<>Constants!$B$4,$BL15,IF(ISNUMBER($BT15),RANK($BT15,$BT$9:$BT$508,0),COUNT($BT$9:$BT$508)+1))) | BV15: =IF($BL15<>Constants!$B$4,"",IF($BB15="->",$BF15,$AV15)) | BW15: =IF(ISBLANK($C15),"",IF($BL15<>Constants!$B$4,$BL15,IF(ISNUMBER($BV15),RANK($BV15,$BV$9:$BV$508,0),COUNT($BV$9:$BV$508)+1))) | BX15: =IF($BL15<>Constants!$B$4,"",IF($BB15="->",$BK15,$BA15)) | BY15: =IF(ISBLANK($C15),"",IF($BL15<>Constants!$B$4,$BL15,IF(ISNUMBER($BX15),RANK($BX15,$BX$9:$BX$508,0),COUNT($BX$9:$BX$508)+1))) | BZ15: =IF(ISBLANK($C15),"",IF($BL15<>Constants!$B$4,$BL15,COUNTIFS($BM$9:$BM$508,"<"&$BM15)+COUNTIFS($BM$9:$BM$508,$BM15,$BP$9:$BP$508,"<"&$BP15)+COUNTIFS($BM$9:$BM$508,$BM15,$BP$9:$BP$508,$BP15,$BS$9:$BS$508,"<"&$BS15)+COUNTIFS($BM$9:$BM$508,$BM15,$BP$9:$BP$508,$BP15,$BS$9:$BS$508,$BS15,$BU$9:$BU$508,"<"&$BU15)+COUNTIFS($BM$9:$BM$508,$BM15,$BP$9:$BP$508,$BP15,$BS$9:$BS$508,$BS15,$BU$9:$BU$508,$BU15,$BW$9:$BW$508,"<"&$BW15)+COUNTIFS($BM$9:$BM$508,$BM15,$BP$9:$BP$508,$BP15,$BS$9:$BS$508,$BS15,$BU$9:$BU$508,$BU15,$BW$9:$BW$508,$BW15,$BY$9:$BY$508,"<"&$BY15)+1)) | CA15: =IF(ISBLANK($C15),"",IF($BL15<>Constants!$B$4,$BL15,$BQ15-$BZ15)) | CC15: =IF(ISBLANK($C15),"",IF($BL15=Constants!$B$8,$AR15,"")) | CD15: =IF(ISBLANK($C15),"",IF($BL15<>Constants!$B$4,"",IF($BB15="->",2,1))) | CE15: =IF(ISBLANK($C15),"",IF($BL15<>Constants!$B$4,"",IF($BB15="->",$BE15,$AU15))) | CF15: =IF(ISBLANK($C15),"",IF($BL15<>Constants!$B$4,"",IF($BB15="->",$BF15,$AV15))) | CG15: =IF(ISBLANK($C15),"",IF($BL15<>Constants!$B$4,"",IF($BB15="->",$BG15,$AW15))) | CH15: =IF(ISBLANK($C15),"",IF($BL15<>Constants!$B$4,"",IF($BB15="->",$BH15,$AX15))) | CI15: =IF(ISBLANK($C15),"",$BO15) | CJ15: =IF(ISBLANK($C15),"",$BM15) | CK15: =IF(ISBLANK($C15),"",$CA15) | CL15: =IF(ISBLANK($C15),"",$BZ15) | CM15: =IF(ISBLANK($C15),"",IF($CL15=Constants!$B$7,COUNTA($C$9:$C$508)+2,IF($CL15=Constants!$B$6,COUNTA($C$9:$C$508)+1,IF($CL15=Constants!$B$5,COUNTA($C$9:$C$508),$CL15)))) | CO15: =IF(OR(ISNUMBER($CL15),$CL15=Constants!$B$7,$CL15=Constants!$B$5,$CL15=Constants!$B$6),1,0) -> 0 | CP15: 7 | CQ15: =IF(ISBLANK($C15),"",IF(ISNUMBER($CM15),$CM15+ROW($B15)/1000,"")) | CR15: =IF(ISNUMBER($CQ15),RANK($CQ15,$CQ$9:$CQ$508,1),"") | CS15: =IF(ISBLANK($C15),"",$B15) | CT15: =IF(ISBLANK($C15),"",$C15) | CU15: =IF(ISBLANK($C15),"",$D15) | CV15: =$CJ15 | CW15: =$CI15 | CX15: =IF(ISBLANK($C15),"",$CL15) | CY15: =IF($CP15>$CO$8,"",VLOOKUP($CP15,$CR$9:$CX$508,7,FALSE())) | CZ15: =IF($CP15>$CO$8,"",VLOOKUP($CP15,$CR$9:$CX$508,2,FALSE())) | DA15: =IF($CP15>$CO$8,"",VLOOKUP($CP15,$CR$9:$CX$508,3,FALSE())) | DB15: =IF($CP15>$CO$8,"",VLOOKUP($CP15,$CR$9:$CX$508,4,FALSE())) | DC15: =IF($CP15>$CO$8,"",VLOOKUP($CP15,$CR$9:$CX$508,5,FALSE())) | DD15: =IF($CP15>$CO$8,"",VLOOKUP($CP15,$CR$9:$CX$508,6,FALSE()))
X16: =IF(ISBLANK($C16),"",IF($E16=Constants!$B$2,TRUE(),IF($E16=Constants!$B$3,FALSE(),TRUE()))) | Y16: =IF(ISBLANK($C16),"",IF($F16=Constants!$B$2,TRUE(),IF($F16=Constants!$B$3,FALSE(),TRUE()))) | Z16: =IF(ISBLANK($C16),"",IF(ISNUMBER($G16),IF($G16>=0,$G16,""),"")) | AA16: =IF(ISBLANK($C16),"",IF(ISNUMBER($H16),IF($H16>=0,$H16,""),"")) | AB16: =IF(ISBLANK($C16),"",IF(ISNUMBER($I16),IF($I16>=0,$I16,""),"")) | AC16: =IF(ISBLANK($C16),"",IF($J16=Constants!$B$2,TRUE(),IF($J16=Constants!$B$3,FALSE(),TRUE()))) | AD16: =IF(ISBLANK($C16),"",IF($K16=Constants!$B$2,TRUE(),IF($K16=Constants!$B$3,FALSE(),TRUE()))) | AE16: =IF(ISBLANK($C16),"",IF($L16=Constants!$B$2,TRUE(),IF($L16=Constants!$B$3,FALSE(),TRUE()))) | AF16: =IF(ISBLANK($C16),"",IF(ISNUMBER($M16),IF($M16>=0,$M16,""),"")) | AG16: =IF(ISBLANK($C16),"",IF(ISBLANK($N16),0,IF(ISNUMBER($N16),IF(AND($N16>=0,$N16<=Constants!$B$17,$N16=INT($N16)),$N16,""),""))) | AH16: =IF(ISBLANK($C16),"",IF(ISBLANK($O16),0,IF(ISNUMBER($O16),IF($O16>=0,$O16,""),""))) | AI16: =IF(ISBLANK($C16),"",IF($P16=Constants!$B$2,TRUE(),IF($P16=Constants!$B$3,FALSE(),TRUE()))) | AJ16: =IF(ISBLANK($C16),"",IF($Q16=Constants!$B$2,TRUE(),IF($Q16=Constants!$B$3,FALSE(),TRUE()))) | AK16: =IF(ISBLANK($C16),"",IF($R16=Constants!$B$2,TRUE(),IF($R16=Constants!$B$3,FALSE(),TRUE()))) | AL16: =IF(ISBLANK($C16),"",IF(ISNUMBER($S16),IF($S16>=0,$S16,""),"")) | AM16: =IF(ISBLANK($C16),"",IF(ISBLANK($T16),0,IF(ISNUMBER($T16),IF(AND($T16>=0,$T16<=Constants!$B$17,$T16=INT($T16)),$T16,""),""))) | AN16: =IF(ISBLANK($C16),"",IF(ISBLANK($U16),0,IF(ISNUMBER($U16),IF($U16>=0,$U16,""),""))) | AO16: =IF(ISBLANK($C16),"",IF($V16=Constants!$B$2,TRUE(),IF($V16=Constants!$B$3,FALSE(),FALSE()))) | AQ16: =IF(ISBLANK($C16),"",AND($Y16,OR($AS16,$BC16),OR($Z16="",$AA16="",$AB16=""))) | AR16: =IF(ISBLANK($C16),"",IF(OR(NOT($Y16),NOT(OR($AS16,$BC16))),"",IF(ISBLANK($D$7),$AR$5,IF($AP$9="",$AR$6,"")))) | AS16: =IF(ISBLANK($C16),"",COUNTA($J16:$O16)>0) | AT16: =IF(ISBLANK($C16),"",AND($AS16,OR(AND($AF16="",OR($AE16,NOT(ISBLANK($M16)))),$AG16="",$AH16=""))) | AU16: =IF($BL16<>Constants!$B$4,"",IF(NOT($AS16),"",ROUND((Constants!$B$12-$AB16)+(Constants!$B$13-$Z16)+(Constants!$B$14-$AA16),1))) | AV16: =IF($BL16<>Constants!$B$4,"",IF(NOT($AS16),"",IF(NOT($AE16),0,Constants!$B$15*(INT(ROUND(MIN($AF16,$AP$9),6))-INT(ROUND(MAX(0,MIN($AF16,2*$AP$9)-$AP$9),6)))))) | AW16: =IF($BL16<>Constants!$B$4,"",IF(NOT($AS16),"",Constants!$B$16*$AG16)) | AX16: =IF($BL16<>Constants!$B$4,"",IF(NOT($AS16),"",Constants!$B$18*INT(ROUND($AH16,6)))) | AY16: =IF($BL16<>Constants!$B$4,"",IF(NOT($AS16),"",IF(NOT($X16),Constants!$B$11,IF(OR(NOT($AC16),NOT($AD16),ROUND($AB16,1)>Constants!$B$12,ROUND($Z16,1)>Constants!$B$13,ROUND($AA16,1)>Constants!$B$14),Constants!$B$10,Constants!$B$9)))) | AZ16: =IF($BL16<>Constants!$B$4,"",IF(NOT($AS16),"",ROUND($AU16+$AV16+$AW16+$AX16,1))) | BA16: =IF($BL16<>Constants!$B$4,"",IF(NOT($AS16),"",IF(ISNUMBER($AF16),$AF16,0))) | BB16: =IF($BL16<>Constants!$B$4,"",IF(NOT($BC16),"<-",IF(NOT($AS16),"->",IF(OR($BI16<$AY16,AND($BI16=$AY16,OR($BJ16>$AZ16,AND($BJ16=$AZ16,OR($BH16>$AX16,AND($BH16=$AX16,OR($BE16>$AU16,AND($BE16=$AU16,OR($BF16>$AV16,AND($BF16=$AV16,$BK16>$BA16)))))))))),"->","<-")))) | BC16: =IF(ISBLANK($C16),"",COUNTA($P16:$U16)>0) | BD16: =IF(ISBLANK($C16),"",AND($BC16,OR(AND($AL16="",OR($AK16,NOT(ISBLANK($S16)))),$AM16="",$AN16=""))) | BE16: =IF($BL16<>Constants!$B$4,"",IF(NOT($BC16),"",ROUND((Constants!$B$12-$AB16)+(Constants!$B$13-$Z16)+(Constants!$B$14-$AA16),1))) | BF16: =IF($BL16<>Constants!$B$4,"",IF(NOT($BC16),"",IF(NOT($AK16),0,Constants!$B$15*(INT(ROUND(MIN($AL16,$AP$9),6))-INT(ROUND(MAX(0,MIN($AL16,2*$AP$9)-$AP$9),6)))))) | BG16: =IF($BL16<>Constants!$B$4,"",IF(NOT($BC16),"",Constants!$B$16*$AM16)) | BH16: =IF($BL16<>Constants!$B$4,"",IF(NOT($BC16),"",Constants!$B$18*INT(ROUND($AN16,6)))) | BI16: =IF($BL16<>Constants!$B$4,"",IF(NOT($BC16),"",IF(NOT($X16),Constants!$B$11,IF(OR(NOT($AI16),NOT($AJ16),ROUND($AB16,1)>Constants!$B$12,ROUND($Z16,1)>Constants!$B$13,ROUND($AA16,1)>Constants!$B$14),Constants!$B$10,Constants!$B$9)))) | BJ16: =IF($BL16<>Constants!$B$4,"",IF(NOT($BC16),"",ROUND($BE16+$BF16+$BG16+$BH16,1))) | BK16: =IF($BL16<>Constants!$B$4,"",IF(NOT($BC16),"",IF(ISNUMBER($AL16),$AL16,0))) | BL16: =IF(ISBLANK($C16),"",IF($AO16,Constants!$B$7,IF(COUNTA($E16:$V16)=0,Constants!$B$6,IF(NOT($Y16),Constants!$B$5,IF(NOT(OR($AS16,$BC16)),Constants!$B$5,IF(OR($AT16,$BD16,$AQ16,$AR16<>""),Constants!$B$8,Constants!$B$4)))))) | BM16: =IF(ISBLANK($C16),"",IF($BL16<>Constants!$B$4,$BL16,IF($BB16="->",$BI16,$AY16))) | BN16: =IF($BL16<>Constants!$B$4,"",IF($BB16="->",$BJ16,$AZ16)) | BO16: =IF(ISBLANK($C16),"",IF($BL16<>Constants!$B$4,$BL16,$BN16)) | BP16: =IF(ISBLANK($C16),"",IF($BL16<>Constants!$B$4,$BL16,RANK($BO16,$BO$9:$BO$508,0))) | BQ16: =IF(ISBLANK($C16),"",IF($BL16<>Constants!$B$4,$BL16,COUNTIFS($BM$9:$BM$508,"<"&$BM16)+COUNTIFS($BM$9:$BM$508,$BM16,$BP$9:$BP$508,"<"&$BP16)+1)) | BR16: =IF($BL16<>Constants!$B$4,"",IF($BB16="->",$BH16,$AX16)) | BS16: =IF(ISBLANK($C16),"",IF($BL16<>Constants!$B$4,$BL16,IF(ISNUMBER($BR16),RANK($BR16,$BR$9:$BR$508,0),COUNT($BR$9:$BR$508)+1))) | BT16: =IF($BL16<>Constants!$B$4,"",IF($BB16="->",$BE16,$AU16)) | BU16: =IF(ISBLANK($C16),"",IF($BL16<>Constants!$B$4,$BL16,IF(ISNUMBER($BT16),RANK($BT16,$BT$9:$BT$508,0),COUNT($BT$9:$BT$508)+1))) | BV16: =IF($BL16<>Constants!$B$4,"",IF($BB16="->",$BF16,$AV16)) | BW16: =IF(ISBLANK($C16),"",IF($BL16<>Constants!$B$4,$BL16,IF(ISNUMBER($BV16),RANK($BV16,$BV$9:$BV$508,0),COUNT($BV$9:$BV$508)+1))) | BX16: =IF($BL16<>Constants!$B$4,"",IF($BB16="->",$BK16,$BA16)) | BY16: =IF(ISBLANK($C16),"",IF($BL16<>Constants!$B$4,$BL16,IF(ISNUMBER($BX16),RANK($BX16,$BX$9:$BX$508,0),COUNT($BX$9:$BX$508)+1))) | BZ16: =IF(ISBLANK($C16),"",IF($BL16<>Constants!$B$4,$BL16,COUNTIFS($BM$9:$BM$508,"<"&$BM16)+COUNTIFS($BM$9:$BM$508,$BM16,$BP$9:$BP$508,"<"&$BP16)+COUNTIFS($BM$9:$BM$508,$BM16,$BP$9:$BP$508,$BP16,$BS$9:$BS$508,"<"&$BS16)+COUNTIFS($BM$9:$BM$508,$BM16,$BP$9:$BP$508,$BP16,$BS$9:$BS$508,$BS16,$BU$9:$BU$508,"<"&$BU16)+COUNTIFS($BM$9:$BM$508,$BM16,$BP$9:$BP$508,$BP16,$BS$9:$BS$508,$BS16,$BU$9:$BU$508,$BU16,$BW$9:$BW$508,"<"&$BW16)+COUNTIFS($BM$9:$BM$508,$BM16,$BP$9:$BP$508,$BP16,$BS$9:$BS$508,$BS16,$BU$9:$BU$508,$BU16,$BW$9:$BW$508,$BW16,$BY$9:$BY$508,"<"&$BY16)+1)) | CA16: =IF(ISBLANK($C16),"",IF($BL16<>Constants!$B$4,$BL16,$BQ16-$BZ16)) | CC16: =IF(ISBLANK($C16),"",IF($BL16=Constants!$B$8,$AR16,"")) | CD16: =IF(ISBLANK($C16),"",IF($BL16<>Constants!$B$4,"",IF($BB16="->",2,1))) | CE16: =IF(ISBLANK($C16),"",IF($BL16<>Constants!$B$4,"",IF($BB16="->",$BE16,$AU16))) | CF16: =IF(ISBLANK($C16),"",IF($BL16<>Constants!$B$4,"",IF($BB16="->",$BF16,$AV16))) | CG16: =IF(ISBLANK($C16),"",IF($BL16<>Constants!$B$4,"",IF($BB16="->",$BG16,$AW16))) | CH16: =IF(ISBLANK($C16),"",IF($BL16<>Constants!$B$4,"",IF($BB16="->",$BH16,$AX16))) | CI16: =IF(ISBLANK($C16),"",$BO16) | CJ16: =IF(ISBLANK($C16),"",$BM16) | CK16: =IF(ISBLANK($C16),"",$CA16) | CL16: =IF(ISBLANK($C16),"",$BZ16) | CM16: =IF(ISBLANK($C16),"",IF($CL16=Constants!$B$7,COUNTA($C$9:$C$508)+2,IF($CL16=Constants!$B$6,COUNTA($C$9:$C$508)+1,IF($CL16=Constants!$B$5,COUNTA($C$9:$C$508),$CL16)))) | CO16: =IF(OR(ISNUMBER($CL16),$CL16=Constants!$B$7,$CL16=Constants!$B$5,$CL16=Constants!$B$6),1,0) -> 0 | CP16: 8 | CQ16: =IF(ISBLANK($C16),"",IF(ISNUMBER($CM16),$CM16+ROW($B16)/1000,"")) | CR16: =IF(ISNUMBER($CQ16),RANK($CQ16,$CQ$9:$CQ$508,1),"") | CS16: =IF(ISBLANK($C16),"",$B16) | CT16: =IF(ISBLANK($C16),"",$C16) | CU16: =IF(ISBLANK($C16),"",$D16) | CV16: =$CJ16 | CW16: =$CI16 | CX16: =IF(ISBLANK($C16),"",$CL16) | CY16: =IF($CP16>$CO$8,"",VLOOKUP($CP16,$CR$9:$CX$508,7,FALSE())) | CZ16: =IF($CP16>$CO$8,"",VLOOKUP($CP16,$CR$9:$CX$508,2,FALSE())) | DA16: =IF($CP16>$CO$8,"",VLOOKUP($CP16,$CR$9:$CX$508,3,FALSE())) | DB16: =IF($CP16>$CO$8,"",VLOOKUP($CP16,$CR$9:$CX$508,4,FALSE())) | DC16: =IF($CP16>$CO$8,"",VLOOKUP($CP16,$CR$9:$CX$508,5,FALSE())) | DD16: =IF($CP16>$CO$8,"",VLOOKUP($CP16,$CR$9:$CX$508,6,FALSE()))
X17: =IF(ISBLANK($C17),"",IF($E17=Constants!$B$2,TRUE(),IF($E17=Constants!$B$3,FALSE(),TRUE()))) | Y17: =IF(ISBLANK($C17),"",IF($F17=Constants!$B$2,TRUE(),IF($F17=Constants!$B$3,FALSE(),TRUE()))) | Z17: =IF(ISBLANK($C17),"",IF(ISNUMBER($G17),IF($G17>=0,$G17,""),"")) | AA17: =IF(ISBLANK($C17),"",IF(ISNUMBER($H17),IF($H17>=0,$H17,""),"")) | AB17: =IF(ISBLANK($C17),"",IF(ISNUMBER($I17),IF($I17>=0,$I17,""),"")) | AC17: =IF(ISBLANK($C17),"",IF($J17=Constants!$B$2,TRUE(),IF($J17=Constants!$B$3,FALSE(),TRUE()))) | AD17: =IF(ISBLANK($C17),"",IF($K17=Constants!$B$2,TRUE(),IF($K17=Constants!$B$3,FALSE(),TRUE()))) | AE17: =IF(ISBLANK($C17),"",IF($L17=Constants!$B$2,TRUE(),IF($L17=Constants!$B$3,FALSE(),TRUE()))) | AF17: =IF(ISBLANK($C17),"",IF(ISNUMBER($M17),IF($M17>=0,$M17,""),"")) | AG17: =IF(ISBLANK($C17),"",IF(ISBLANK($N17),0,IF(ISNUMBER($N17),IF(AND($N17>=0,$N17<=Constants!$B$17,$N17=INT($N17)),$N17,""),""))) | AH17: =IF(ISBLANK($C17),"",IF(ISBLANK($O17),0,IF(ISNUMBER($O17),IF($O17>=0,$O17,""),""))) | AI17: =IF(ISBLANK($C17),"",IF($P17=Constants!$B$2,TRUE(),IF($P17=Constants!$B$3,FALSE(),TRUE()))) | AJ17: =IF(ISBLANK($C17),"",IF($Q17=Constants!$B$2,TRUE(),IF($Q17=Constants!$B$3,FALSE(),TRUE()))) | AK17: =IF(ISBLANK($C17),"",IF($R17=Constants!$B$2,TRUE(),IF($R17=Constants!$B$3,FALSE(),TRUE()))) | AL17: =IF(ISBLANK($C17),"",IF(ISNUMBER($S17),IF($S17>=0,$S17,""),"")) | AM17: =IF(ISBLANK($C17),"",IF(ISBLANK($T17),0,IF(ISNUMBER($T17),IF(AND($T17>=0,$T17<=Constants!$B$17,$T17=INT($T17)),$T17,""),""))) | AN17: =IF(ISBLANK($C17),"",IF(ISBLANK($U17),0,IF(ISNUMBER($U17),IF($U17>=0,$U17,""),""))) | AO17: =IF(ISBLANK($C17),"",IF($V17=Constants!$B$2,TRUE(),IF($V17=Constants!$B$3,FALSE(),FALSE()))) | AQ17: =IF(ISBLANK($C17),"",AND($Y17,OR($AS17,$BC17),OR($Z17="",$AA17="",$AB17=""))) | AR17: =IF(ISBLANK($C17),"",IF(OR(NOT($Y17),NOT(OR($AS17,$BC17))),"",IF(ISBLANK($D$7),$AR$5,IF($AP$9="",$AR$6,"")))) | AS17: =IF(ISBLANK($C17),"",COUNTA($J17:$O17)>0) | AT17: =IF(ISBLANK($C17),"",AND($AS17,OR(AND($AF17="",OR($AE17,NOT(ISBLANK($M17)))),$AG17="",$AH17=""))) | AU17: =IF($BL17<>Constants!$B$4,"",IF(NOT($AS17),"",ROUND((Constants!$B$12-$AB17)+(Constants!$B$13-$Z17)+(Constants!$B$14-$AA17),1))) | AV17: =IF($BL17<>Constants!$B$4,"",IF(NOT($AS17),"",IF(NOT($AE17),0,Constants!$B$15*(INT(ROUND(MIN($AF17,$AP$9),6))-INT(ROUND(MAX(0,MIN($AF17,2*$AP$9)-$AP$9),6)))))) | AW17: =IF($BL17<>Constants!$B$4,"",IF(NOT($AS17),"",Constants!$B$16*$AG17)) | AX17: =IF($BL17<>Constants!$B$4,"",IF(NOT($AS17),"",Constants!$B$18*INT(ROUND($AH17,6)))) | AY17: =IF($BL17<>Constants!$B$4,"",IF(NOT($AS17),"",IF(NOT($X17),Constants!$B$11,IF(OR(NOT($AC17),NOT($AD17),ROUND($AB17,1)>Constants!$B$12,ROUND($Z17,1)>Constants!$B$13,ROUND($AA17,1)>Constants!$B$14),Constants!$B$10,Constants!$B$9)))) | AZ17: =IF($BL17<>Constants!$B$4,"",IF(NOT($AS17),"",ROUND($AU17+$AV17+$AW17+$AX17,1))) | BA17: =IF($BL17<>Constants!$B$4,"",IF(NOT($AS17),"",IF(ISNUMBER($AF17),$AF17,0))) | BB17: =IF($BL17<>Constants!$B$4,"",IF(NOT($BC17),"<-",IF(NOT($AS17),"->",IF(OR($BI17<$AY17,AND($BI17=$AY17,OR($BJ17>$AZ17,AND($BJ17=$AZ17,OR($BH17>$AX17,AND($BH17=$AX17,OR($BE17>$AU17,AND($BE17=$AU17,OR($BF17>$AV17,AND($BF17=$AV17,$BK17>$BA17)))))))))),"->","<-")))) | BC17: =IF(ISBLANK($C17),"",COUNTA($P17:$U17)>0) | BD17: =IF(ISBLANK($C17),"",AND($BC17,OR(AND($AL17="",OR($AK17,NOT(ISBLANK($S17)))),$AM17="",$AN17=""))) | BE17: =IF($BL17<>Constants!$B$4,"",IF(NOT($BC17),"",ROUND((Constants!$B$12-$AB17)+(Constants!$B$13-$Z17)+(Constants!$B$14-$AA17),1))) | BF17: =IF($BL17<>Constants!$B$4,"",IF(NOT($BC17),"",IF(NOT($AK17),0,Constants!$B$15*(INT(ROUND(MIN($AL17,$AP$9),6))-INT(ROUND(MAX(0,MIN($AL17,2*$AP$9)-$AP$9),6)))))) | BG17: =IF($BL17<>Constants!$B$4,"",IF(NOT($BC17),"",Constants!$B$16*$AM17)) | BH17: =IF($BL17<>Constants!$B$4,"",IF(NOT($BC17),"",Constants!$B$18*INT(ROUND($AN17,6)))) | BI17: =IF($BL17<>Constants!$B$4,"",IF(NOT($BC17),"",IF(NOT($X17),Constants!$B$11,IF(OR(NOT($AI17),NOT($AJ17),ROUND($AB17,1)>Constants!$B$12,ROUND($Z17,1)>Constants!$B$13,ROUND($AA17,1)>Constants!$B$14),Constants!$B$10,Constants!$B$9)))) | BJ17: =IF($BL17<>Constants!$B$4,"",IF(NOT($BC17),"",ROUND($BE17+$BF17+$BG17+$BH17,1))) | BK17: =IF($BL17<>Constants!$B$4,"",IF(NOT($BC17),"",IF(ISNUMBER($AL17),$AL17,0))) | BL17: =IF(ISBLANK($C17),"",IF($AO17,Constants!$B$7,IF(COUNTA($E17:$V17)=0,Constants!$B$6,IF(NOT($Y17),Constants!$B$5,IF(NOT(OR($AS17,$BC17)),Constants!$B$5,IF(OR($AT17,$BD17,$AQ17,$AR17<>""),Constants!$B$8,Constants!$B$4)))))) | BM17: =IF(ISBLANK($C17),"",IF($BL17<>Constants!$B$4,$BL17,IF($BB17="->",$BI17,$AY17))) | BN17: =IF($BL17<>Constants!$B$4,"",IF($BB17="->",$BJ17,$AZ17)) | BO17: =IF(ISBLANK($C17),"",IF($BL17<>Constants!$B$4,$BL17,$BN17)) | BP17: =IF(ISBLANK($C17),"",IF($BL17<>Constants!$B$4,$BL17,RANK($BO17,$BO$9:$BO$508,0))) | BQ17: =IF(ISBLANK($C17),"",IF($BL17<>Constants!$B$4,$BL17,COUNTIFS($BM$9:$BM$508,"<"&$BM17)+COUNTIFS($BM$9:$BM$508,$BM17,$BP$9:$BP$508,"<"&$BP17)+1)) | BR17: =IF($BL17<>Constants!$B$4,"",IF($BB17="->",$BH17,$AX17)) | BS17: =IF(ISBLANK($C17),"",IF($BL17<>Constants!$B$4,$BL17,IF(ISNUMBER($BR17),RANK($BR17,$BR$9:$BR$508,0),COUNT($BR$9:$BR$508)+1))) | BT17: =IF($BL17<>Constants!$B$4,"",IF($BB17="->",$BE17,$AU17)) | BU17: =IF(ISBLANK($C17),"",IF($BL17<>Constants!$B$4,$BL17,IF(ISNUMBER($BT17),RANK($BT17,$BT$9:$BT$508,0),COUNT($BT$9:$BT$508)+1))) | BV17: =IF($BL17<>Constants!$B$4,"",IF($BB17="->",$BF17,$AV17)) | BW17: =IF(ISBLANK($C17),"",IF($BL17<>Constants!$B$4,$BL17,IF(ISNUMBER($BV17),RANK($BV17,$BV$9:$BV$508,0),COUNT($BV$9:$BV$508)+1))) | BX17: =IF($BL17<>Constants!$B$4,"",IF($BB17="->",$BK17,$BA17)) | BY17: =IF(ISBLANK($C17),"",IF($BL17<>Constants!$B$4,$BL17,IF(ISNUMBER($BX17),RANK($BX17,$BX$9:$BX$508,0),COUNT($BX$9:$BX$508)+1))) | BZ17: =IF(ISBLANK($C17),"",IF($BL17<>Constants!$B$4,$BL17,COUNTIFS($BM$9:$BM$508,"<"&$BM17)+COUNTIFS($BM$9:$BM$508,$BM17,$BP$9:$BP$508,"<"&$BP17)+COUNTIFS($BM$9:$BM$508,$BM17,$BP$9:$BP$508,$BP17,$BS$9:$BS$508,"<"&$BS17)+COUNTIFS($BM$9:$BM$508,$BM17,$BP$9:$BP$508,$BP17,$BS$9:$BS$508,$BS17,$BU$9:$BU$508,"<"&$BU17)+COUNTIFS($BM$9:$BM$508,$BM17,$BP$9:$BP$508,$BP17,$BS$9:$BS$508,$BS17,$BU$9:$BU$508,$BU17,$BW$9:$BW$508,"<"&$BW17)+COUNTIFS($BM$9:$BM$508,$BM17,$BP$9:$BP$508,$BP17,$BS$9:$BS$508,$BS17,$BU$9:$BU$508,$BU17,$BW$9:$BW$508,$BW17,$BY$9:$BY$508,"<"&$BY17)+1)) | CA17: =IF(ISBLANK($C17),"",IF($BL17<>Constants!$B$4,$BL17,$BQ17-$BZ17)) | CC17: =IF(ISBLANK($C17),"",IF($BL17=Constants!$B$8,$AR17,"")) | CD17: =IF(ISBLANK($C17),"",IF($BL17<>Constants!$B$4,"",IF($BB17="->",2,1))) | CE17: =IF(ISBLANK($C17),"",IF($BL17<>Constants!$B$4,"",IF($BB17="->",$BE17,$AU17))) | CF17: =IF(ISBLANK($C17),"",IF($BL17<>Constants!$B$4,"",IF($BB17="->",$BF17,$AV17))) | CG17: =IF(ISBLANK($C17),"",IF($BL17<>Constants!$B$4,"",IF($BB17="->",$BG17,$AW17))) | CH17: =IF(ISBLANK($C17),"",IF($BL17<>Constants!$B$4,"",IF($BB17="->",$BH17,$AX17))) | CI17: =IF(ISBLANK($C17),"",$BO17) | CJ17: =IF(ISBLANK($C17),"",$BM17) | CK17: =IF(ISBLANK($C17),"",$CA17) | CL17: =IF(ISBLANK($C17),"",$BZ17) | CM17: =IF(ISBLANK($C17),"",IF($CL17=Constants!$B$7,COUNTA($C$9:$C$508)+2,IF($CL17=Constants!$B$6,COUNTA($C$9:$C$508)+1,IF($CL17=Constants!$B$5,COUNTA($C$9:$C$508),$CL17)))) | CO17: =IF(OR(ISNUMBER($CL17),$CL17=Constants!$B$7,$CL17=Constants!$B$5,$CL17=Constants!$B$6),1,0) -> 0 | CP17: 9 | CQ17: =IF(ISBLANK($C17),"",IF(ISNUMBER($CM17),$CM17+ROW($B17)/1000,"")) | CR17: =IF(ISNUMBER($CQ17),RANK($CQ17,$CQ$9:$CQ$508,1),"") | CS17: =IF(ISBLANK($C17),"",$B17) | CT17: =IF(ISBLANK($C17),"",$C17) | CU17: =IF(ISBLANK($C17),"",$D17) | CV17: =$CJ17 | CW17: =$CI17 | CX17: =IF(ISBLANK($C17),"",$CL17) | CY17: =IF($CP17>$CO$8,"",VLOOKUP($CP17,$CR$9:$CX$508,7,FALSE())) | CZ17: =IF($CP17>$CO$8,"",VLOOKUP($CP17,$CR$9:$CX$508,2,FALSE())) | DA17: =IF($CP17>$CO$8,"",VLOOKUP($CP17,$CR$9:$CX$508,3,FALSE())) | DB17: =IF($CP17>$CO$8,"",VLOOKUP($CP17,$CR$9:$CX$508,4,FALSE())) | DC17: =IF($CP17>$CO$8,"",VLOOKUP($CP17,$CR$9:$CX$508,5,FALSE())) | DD17: =IF($CP17>$CO$8,"",VLOOKUP($CP17,$CR$9:$CX$508,6,FALSE()))
X18: =IF(ISBLANK($C18),"",IF($E18=Constants!$B$2,TRUE(),IF($E18=Constants!$B$3,FALSE(),TRUE()))) | Y18: =IF(ISBLANK($C18),"",IF($F18=Constants!$B$2,TRUE(),IF($F18=Constants!$B$3,FALSE(),TRUE()))) | Z18: =IF(ISBLANK($C18),"",IF(ISNUMBER($G18),IF($G18>=0,$G18,""),"")) | AA18: =IF(ISBLANK($C18),"",IF(ISNUMBER($H18),IF($H18>=0,$H18,""),"")) | AB18: =IF(ISBLANK($C18),"",IF(ISNUMBER($I18),IF($I18>=0,$I18,""),"")) | AC18: =IF(ISBLANK($C18),"",IF($J18=Constants!$B$2,TRUE(),IF($J18=Constants!$B$3,FALSE(),TRUE()))) | AD18: =IF(ISBLANK($C18),"",IF($K18=Constants!$B$2,TRUE(),IF($K18=Constants!$B$3,FALSE(),TRUE()))) | AE18: =IF(ISBLANK($C18),"",IF($L18=Constants!$B$2,TRUE(),IF($L18=Constants!$B$3,FALSE(),TRUE()))) | AF18: =IF(ISBLANK($C18),"",IF(ISNUMBER($M18),IF($M18>=0,$M18,""),"")) | AG18: =IF(ISBLANK($C18),"",IF(ISBLANK($N18),0,IF(ISNUMBER($N18),IF(AND($N18>=0,$N18<=Constants!$B$17,$N18=INT($N18)),$N18,""),""))) | AH18: =IF(ISBLANK($C18),"",IF(ISBLANK($O18),0,IF(ISNUMBER($O18),IF($O18>=0,$O18,""),""))) | AI18: =IF(ISBLANK($C18),"",IF($P18=Constants!$B$2,TRUE(),IF($P18=Constants!$B$3,FALSE(),TRUE()))) | AJ18: =IF(ISBLANK($C18),"",IF($Q18=Constants!$B$2,TRUE(),IF($Q18=Constants!$B$3,FALSE(),TRUE()))) | AK18: =IF(ISBLANK($C18),"",IF($R18=Constants!$B$2,TRUE(),IF($R18=Constants!$B$3,FALSE(),TRUE()))) | AL18: =IF(ISBLANK($C18),"",IF(ISNUMBER($S18),IF($S18>=0,$S18,""),"")) | AM18: =IF(ISBLANK($C18),"",IF(ISBLANK($T18),0,IF(ISNUMBER($T18),IF(AND($T18>=0,$T18<=Constants!$B$17,$T18=INT($T18)),$T18,""),""))) | AN18: =IF(ISBLANK($C18),"",IF(ISBLANK($U18),0,IF(ISNUMBER($U18),IF($U18>=0,$U18,""),""))) | AO18: =IF(ISBLANK($C18),"",IF($V18=Constants!$B$2,TRUE(),IF($V18=Constants!$B$3,FALSE(),FALSE()))) | AQ18: =IF(ISBLANK($C18),"",AND($Y18,OR($AS18,$BC18),OR($Z18="",$AA18="",$AB18=""))) | AR18: =IF(ISBLANK($C18),"",IF(OR(NOT($Y18),NOT(OR($AS18,$BC18))),"",IF(ISBLANK($D$7),$AR$5,IF($AP$9="",$AR$6,"")))) | AS18: =IF(ISBLANK($C18),"",COUNTA($J18:$O18)>0) | AT18: =IF(ISBLANK($C18),"",AND($AS18,OR(AND($AF18="",OR($AE18,NOT(ISBLANK($M18)))),$AG18="",$AH18=""))) | AU18: =IF($BL18<>Constants!$B$4,"",IF(NOT($AS18),"",ROUND((Constants!$B$12-$AB18)+(Constants!$B$13-$Z18)+(Constants!$B$14-$AA18),1))) | AV18: =IF($BL18<>Constants!$B$4,"",IF(NOT($AS18),"",IF(NOT($AE18),0,Constants!$B$15*(INT(ROUND(MIN($AF18,$AP$9),6))-INT(ROUND(MAX(0,MIN($AF18,2*$AP$9)-$AP$9),6)))))) | AW18: =IF($BL18<>Constants!$B$4,"",IF(NOT($AS18),"",Constants!$B$16*$AG18)) | AX18: =IF($BL18<>Constants!$B$4,"",IF(NOT($AS18),"",Constants!$B$18*INT(ROUND($AH18,6)))) | AY18: =IF($BL18<>Constants!$B$4,"",IF(NOT($AS18),"",IF(NOT($X18),Constants!$B$11,IF(OR(NOT($AC18),NOT($AD18),ROUND($AB18,1)>Constants!$B$12,ROUND($Z18,1)>Constants!$B$13,ROUND($AA18,1)>Constants!$B$14),Constants!$B$10,Constants!$B$9)))) | AZ18: =IF($BL18<>Constants!$B$4,"",IF(NOT($AS18),"",ROUND($AU18+$AV18+$AW18+$AX18,1))) | BA18: =IF($BL18<>Constants!$B$4,"",IF(NOT($AS18),"",IF(ISNUMBER($AF18),$AF18,0))) | BB18: =IF($BL18<>Constants!$B$4,"",IF(NOT($BC18),"<-",IF(NOT($AS18),"->",IF(OR($BI18<$AY18,AND($BI18=$AY18,OR($BJ18>$AZ18,AND($BJ18=$AZ18,OR($BH18>$AX18,AND($BH18=$AX18,OR($BE18>$AU18,AND($BE18=$AU18,OR($BF18>$AV18,AND($BF18=$AV18,$BK18>$BA18)))))))))),"->","<-")))) | BC18: =IF(ISBLANK($C18),"",COUNTA($P18:$U18)>0) | BD18: =IF(ISBLANK($C18),"",AND($BC18,OR(AND($AL18="",OR($AK18,NOT(ISBLANK($S18)))),$AM18="",$AN18=""))) | BE18: =IF($BL18<>Constants!$B$4,"",IF(NOT($BC18),"",ROUND((Constants!$B$12-$AB18)+(Constants!$B$13-$Z18)+(Constants!$B$14-$AA18),1))) | BF18: =IF($BL18<>Constants!$B$4,"",IF(NOT($BC18),"",IF(NOT($AK18),0,Constants!$B$15*(INT(ROUND(MIN($AL18,$AP$9),6))-INT(ROUND(MAX(0,MIN($AL18,2*$AP$9)-$AP$9),6)))))) | BG18: =IF($BL18<>Constants!$B$4,"",IF(NOT($BC18),"",Constants!$B$16*$AM18)) | BH18: =IF($BL18<>Constants!$B$4,"",IF(NOT($BC18),"",Constants!$B$18*INT(ROUND($AN18,6)))) | BI18: =IF($BL18<>Constants!$B$4,"",IF(NOT($BC18),"",IF(NOT($X18),Constants!$B$11,IF(OR(NOT($AI18),NOT($AJ18),ROUND($AB18,1)>Constants!$B$12,ROUND($Z18,1)>Constants!$B$13,ROUND($AA18,1)>Constants!$B$14),Constants!$B$10,Constants!$B$9)))) | BJ18: =IF($BL18<>Constants!$B$4,"",IF(NOT($BC18),"",ROUND($BE18+$BF18+$BG18+$BH18,1))) | BK18: =IF($BL18<>Constants!$B$4,"",IF(NOT($BC18),"",IF(ISNUMBER($AL18),$AL18,0))) | BL18: =IF(ISBLANK($C18),"",IF($AO18,Constants!$B$7,IF(COUNTA($E18:$V18)=0,Constants!$B$6,IF(NOT($Y18),Constants!$B$5,IF(NOT(OR($AS18,$BC18)),Constants!$B$5,IF(OR($AT18,$BD18,$AQ18,$AR18<>""),Constants!$B$8,Constants!$B$4)))))) | BM18: =IF(ISBLANK($C18),"",IF($BL18<>Constants!$B$4,$BL18,IF($BB18="->",$BI18,$AY18))) | BN18: =IF($BL18<>Constants!$B$4,"",IF($BB18="->",$BJ18,$AZ18)) | BO18: =IF(ISBLANK($C18),"",IF($BL18<>Constants!$B$4,$BL18,$BN18)) | BP18: =IF(ISBLANK($C18),"",IF($BL18<>Constants!$B$4,$BL18,RANK($BO18,$BO$9:$BO$508,0))) | BQ18: =IF(ISBLANK($C18),"",IF($BL18<>Constants!$B$4,$BL18,COUNTIFS($BM$9:$BM$508,"<"&$BM18)+COUNTIFS($BM$9:$BM$508,$BM18,$BP$9:$BP$508,"<"&$BP18)+1)) | BR18: =IF($BL18<>Constants!$B$4,"",IF($BB18="->",$BH18,$AX18)) | BS18: =IF(ISBLANK($C18),"",IF($BL18<>Constants!$B$4,$BL18,IF(ISNUMBER($BR18),RANK($BR18,$BR$9:$BR$508,0),COUNT($BR$9:$BR$508)+1))) | BT18: =IF($BL18<>Constants!$B$4,"",IF($BB18="->",$BE18,$AU18)) | BU18: =IF(ISBLANK($C18),"",IF($BL18<>Constants!$B$4,$BL18,IF(ISNUMBER($BT18),RANK($BT18,$BT$9:$BT$508,0),COUNT($BT$9:$BT$508)+1))) | BV18: =IF($BL18<>Constants!$B$4,"",IF($BB18="->",$BF18,$AV18)) | BW18: =IF(ISBLANK($C18),"",IF($BL18<>Constants!$B$4,$BL18,IF(ISNUMBER($BV18),RANK($BV18,$BV$9:$BV$508,0),COUNT($BV$9:$BV$508)+1))) | BX18: =IF($BL18<>Constants!$B$4,"",IF($BB18="->",$BK18,$BA18)) | BY18: =IF(ISBLANK($C18),"",IF($BL18<>Constants!$B$4,$BL18,IF(ISNUMBER($BX18),RANK($BX18,$BX$9:$BX$508,0),COUNT($BX$9:$BX$508)+1))) | BZ18: =IF(ISBLANK($C18),"",IF($BL18<>Constants!$B$4,$BL18,COUNTIFS($BM$9:$BM$508,"<"&$BM18)+COUNTIFS($BM$9:$BM$508,$BM18,$BP$9:$BP$508,"<"&$BP18)+COUNTIFS($BM$9:$BM$508,$BM18,$BP$9:$BP$508,$BP18,$BS$9:$BS$508,"<"&$BS18)+COUNTIFS($BM$9:$BM$508,$BM18,$BP$9:$BP$508,$BP18,$BS$9:$BS$508,$BS18,$BU$9:$BU$508,"<"&$BU18)+COUNTIFS($BM$9:$BM$508,$BM18,$BP$9:$BP$508,$BP18,$BS$9:$BS$508,$BS18,$BU$9:$BU$508,$BU18,$BW$9:$BW$508,"<"&$BW18)+COUNTIFS($BM$9:$BM$508,$BM18,$BP$9:$BP$508,$BP18,$BS$9:$BS$508,$BS18,$BU$9:$BU$508,$BU18,$BW$9:$BW$508,$BW18,$BY$9:$BY$508,"<"&$BY18)+1)) | CA18: =IF(ISBLANK($C18),"",IF($BL18<>Constants!$B$4,$BL18,$BQ18-$BZ18)) | CC18: =IF(ISBLANK($C18),"",IF($BL18=Constants!$B$8,$AR18,"")) | CD18: =IF(ISBLANK($C18),"",IF($BL18<>Constants!$B$4,"",IF($BB18="->",2,1))) | CE18: =IF(ISBLANK($C18),"",IF($BL18<>Constants!$B$4,"",IF($BB18="->",$BE18,$AU18))) | CF18: =IF(ISBLANK($C18),"",IF($BL18<>Constants!$B$4,"",IF($BB18="->",$BF18,$AV18))) | CG18: =IF(ISBLANK($C18),"",IF($BL18<>Constants!$B$4,"",IF($BB18="->",$BG18,$AW18))) | CH18: =IF(ISBLANK($C18),"",IF($BL18<>Constants!$B$4,"",IF($BB18="->",$BH18,$AX18))) | CI18: =IF(ISBLANK($C18),"",$BO18) | CJ18: =IF(ISBLANK($C18),"",$BM18) | CK18: =IF(ISBLANK($C18),"",$CA18) | CL18: =IF(ISBLANK($C18),"",$BZ18) | CM18: =IF(ISBLANK($C18),"",IF($CL18=Constants!$B$7,COUNTA($C$9:$C$508)+2,IF($CL18=Constants!$B$6,COUNTA($C$9:$C$508)+1,IF($CL18=Constants!$B$5,COUNTA($C$9:$C$508),$CL18)))) | CO18: =IF(OR(ISNUMBER($CL18),$CL18=Constants!$B$7,$CL18=Constants!$B$5,$CL18=Constants!$B$6),1,0) -> 0 | CP18: 10 | CQ18: =IF(ISBLANK($C18),"",IF(ISNUMBER($CM18),$CM18+ROW($B18)/1000,"")) | CR18: =IF(ISNUMBER($CQ18),RANK($CQ18,$CQ$9:$CQ$508,1),"") | CS18: =IF(ISBLANK($C18),"",$B18) | CT18: =IF(ISBLANK($C18),"",$C18) | CU18: =IF(ISBLANK($C18),"",$D18) | CV18: =$CJ18 | CW18: =$CI18 | CX18: =IF(ISBLANK($C18),"",$CL18) | CY18: =IF($CP18>$CO$8,"",VLOOKUP($CP18,$CR$9:$CX$508,7,FALSE())) | CZ18: =IF($CP18>$CO$8,"",VLOOKUP($CP18,$CR$9:$CX$508,2,FALSE())) | DA18: =IF($CP18>$CO$8,"",VLOOKUP($CP18,$CR$9:$CX$508,3,FALSE())) | DB18: =IF($CP18>$CO$8,"",VLOOKUP($CP18,$CR$9:$CX$508,4,FALSE())) | DC18: =IF($CP18>$CO$8,"",VLOOKUP($CP18,$CR$9:$CX$508,5,FALSE())) | DD18: =IF($CP18>$CO$8,"",VLOOKUP($CP18,$CR$9:$CX$508,6,FALSE()))
X19: =IF(ISBLANK($C19),"",IF($E19=Constants!$B$2,TRUE(),IF($E19=Constants!$B$3,FALSE(),TRUE()))) | Y19: =IF(ISBLANK($C19),"",IF($F19=Constants!$B$2,TRUE(),IF($F19=Constants!$B$3,FALSE(),TRUE()))) | Z19: =IF(ISBLANK($C19),"",IF(ISNUMBER($G19),IF($G19>=0,$G19,""),"")) | AA19: =IF(ISBLANK($C19),"",IF(ISNUMBER($H19),IF($H19>=0,$H19,""),"")) | AB19: =IF(ISBLANK($C19),"",IF(ISNUMBER($I19),IF($I19>=0,$I19,""),"")) | AC19: =IF(ISBLANK($C19),"",IF($J19=Constants!$B$2,TRUE(),IF($J19=Constants!$B$3,FALSE(),TRUE()))) | AD19: =IF(ISBLANK($C19),"",IF($K19=Constants!$B$2,TRUE(),IF($K19=Constants!$B$3,FALSE(),TRUE()))) | AE19: =IF(ISBLANK($C19),"",IF($L19=Constants!$B$2,TRUE(),IF($L19=Constants!$B$3,FALSE(),TRUE()))) | AF19: =IF(ISBLANK($C19),"",IF(ISNUMBER($M19),IF($M19>=0,$M19,""),"")) | AG19: =IF(ISBLANK($C19),"",IF(ISBLANK($N19),0,IF(ISNUMBER($N19),IF(AND($N19>=0,$N19<=Constants!$B$17,$N19=INT($N19)),$N19,""),""))) | AH19: =IF(ISBLANK($C19),"",IF(ISBLANK($O19),0,IF(ISNUMBER($O19),IF($O19>=0,$O19,""),""))) | AI19: =IF(ISBLANK($C19),"",IF($P19=Constants!$B$2,TRUE(),IF($P19=Constants!$B$3,FALSE(),TRUE()))) | AJ19: =IF(ISBLANK($C19),"",IF($Q19=Constants!$B$2,TRUE(),IF($Q19=Constants!$B$3,FALSE(),TRUE()))) | AK19: =IF(ISBLANK($C19),"",IF($R19=Constants!$B$2,TRUE(),IF($R19=Constants!$B$3,FALSE(),TRUE()))) | AL19: =IF(ISBLANK($C19),"",IF(ISNUMBER($S19),IF($S19>=0,$S19,""),"")) | AM19: =IF(ISBLANK($C19),"",IF(ISBLANK($T19),0,IF(ISNUMBER($T19),IF(AND($T19>=0,$T19<=Constants!$B$17,$T19=INT($T19)),$T19,""),""))) | AN19: =IF(ISBLANK($C19),"",IF(ISBLANK($U19),0,IF(ISNUMBER($U19),IF($U19>=0,$U19,""),""))) | AO19: =IF(ISBLANK($C19),"",IF($V19=Constants!$B$2,TRUE(),IF($V19=Constants!$B$3,FALSE(),FALSE()))) | AQ19: =IF(ISBLANK($C19),"",AND($Y19,OR($AS19,$BC19),OR($Z19="",$AA19="",$AB19=""))) | AR19: =IF(ISBLANK($C19),"",IF(OR(NOT($Y19),NOT(OR($AS19,$BC19))),"",IF(ISBLANK($D$7),$AR$5,IF($AP$9="",$AR$6,"")))) | AS19: =IF(ISBLANK($C19),"",COUNTA($J19:$O19)>0) | AT19: =IF(ISBLANK($C19),"",AND($AS19,OR(AND($AF19="",OR($AE19,NOT(ISBLANK($M19)))),$AG19="",$AH19=""))) | AU19: =IF($BL19<>Constants!$B$4,"",IF(NOT($AS19),"",ROUND((Constants!$B$12-$AB19)+(Constants!$B$13-$Z19)+(Constants!$B$14-$AA19),1))) | AV19: =IF($BL19<>Constants!$B$4,"",IF(NOT($AS19),"",IF(NOT($AE19),0,Constants!$B$15*(INT(ROUND(MIN($AF19,$AP$9),6))-INT(ROUND(MAX(0,MIN($AF19,2*$AP$9)-$AP$9),6)))))) | AW19: =IF($BL19<>Constants!$B$4,"",IF(NOT($AS19),"",Constants!$B$16*$AG19)) | AX19: =IF($BL19<>Constants!$B$4,"",IF(NOT($AS19),"",Constants!$B$18*INT(ROUND($AH19,6)))) | AY19: =IF($BL19<>Constants!$B$4,"",IF(NOT($AS19),"",IF(NOT($X19),Constants!$B$11,IF(OR(NOT($AC19),NOT($AD19),ROUND($AB19,1)>Constants!$B$12,ROUND($Z19,1)>Constants!$B$13,ROUND($AA19,1)>Constants!$B$14),Constants!$B$10,Constants!$B$9)))) | AZ19: =IF($BL19<>Constants!$B$4,"",IF(NOT($AS19),"",ROUND($AU19+$AV19+$AW19+$AX19,1))) | BA19: =IF($BL19<>Constants!$B$4,"",IF(NOT($AS19),"",IF(ISNUMBER($AF19),$AF19,0))) | BB19: =IF($BL19<>Constants!$B$4,"",IF(NOT($BC19),"<-",IF(NOT($AS19),"->",IF(OR($BI19<$AY19,AND($BI19=$AY19,OR($BJ19>$AZ19,AND($BJ19=$AZ19,OR($BH19>$AX19,AND($BH19=$AX19,OR($BE19>$AU19,AND($BE19=$AU19,OR($BF19>$AV19,AND($BF19=$AV19,$BK19>$BA19)))))))))),"->","<-")))) | BC19: =IF(ISBLANK($C19),"",COUNTA($P19:$U19)>0) | BD19: =IF(ISBLANK($C19),"",AND($BC19,OR(AND($AL19="",OR($AK19,NOT(ISBLANK($S19)))),$AM19="",$AN19=""))) | BE19: =IF($BL19<>Constants!$B$4,"",IF(NOT($BC19),"",ROUND((Constants!$B$12-$AB19)+(Constants!$B$13-$Z19)+(Constants!$B$14-$AA19),1))) | BF19: =IF($BL19<>Constants!$B$4,"",IF(NOT($BC19),"",IF(NOT($AK19),0,Constants!$B$15*(INT(ROUND(MIN($AL19,$AP$9),6))-INT(ROUND(MAX(0,MIN($AL19,2*$AP$9)-$AP$9),6)))))) | BG19: =IF($BL19<>Constants!$B$4,"",IF(NOT($BC19),"",Constants!$B$16*$AM19)) | BH19: =IF($BL19<>Constants!$B$4,"",IF(NOT($BC19),"",Constants!$B$18*INT(ROUND($AN19,6)))) | BI19: =IF($BL19<>Constants!$B$4,"",IF(NOT($BC19),"",IF(NOT($X19),Constants!$B$11,IF(OR(NOT($AI19),NOT($AJ19),ROUND($AB19,1)>Constants!$B$12,ROUND($Z19,1)>Constants!$B$13,ROUND($AA19,1)>Constants!$B$14),Constants!$B$10,Constants!$B$9)))) | BJ19: =IF($BL19<>Constants!$B$4,"",IF(NOT($BC19),"",ROUND($BE19+$BF19+$BG19+$BH19,1))) | BK19: =IF($BL19<>Constants!$B$4,"",IF(NOT($BC19),"",IF(ISNUMBER($AL19),$AL19,0))) | BL19: =IF(ISBLANK($C19),"",IF($AO19,Constants!$B$7,IF(COUNTA($E19:$V19)=0,Constants!$B$6,IF(NOT($Y19),Constants!$B$5,IF(NOT(OR($AS19,$BC19)),Constants!$B$5,IF(OR($AT19,$BD19,$AQ19,$AR19<>""),Constants!$B$8,Constants!$B$4)))))) | BM19: =IF(ISBLANK($C19),"",IF($BL19<>Constants!$B$4,$BL19,IF($BB19="->",$BI19,$AY19))) | BN19: =IF($BL19<>Constants!$B$4,"",IF($BB19="->",$BJ19,$AZ19)) | BO19: =IF(ISBLANK($C19),"",IF($BL19<>Constants!$B$4,$BL19,$BN19)) | BP19: =IF(ISBLANK($C19),"",IF($BL19<>Constants!$B$4,$BL19,RANK($BO19,$BO$9:$BO$508,0))) | BQ19: =IF(ISBLANK($C19),"",IF($BL19<>Constants!$B$4,$BL19,COUNTIFS($BM$9:$BM$508,"<"&$BM19)+COUNTIFS($BM$9:$BM$508,$BM19,$BP$9:$BP$508,"<"&$BP19)+1)) | BR19: =IF($BL19<>Constants!$B$4,"",IF($BB19="->",$BH19,$AX19)) | BS19: =IF(ISBLANK($C19),"",IF($BL19<>Constants!$B$4,$BL19,IF(ISNUMBER($BR19),RANK($BR19,$BR$9:$BR$508,0),COUNT($BR$9:$BR$508)+1))) | BT19: =IF($BL19<>Constants!$B$4,"",IF($BB19="->",$BE19,$AU19)) | BU19: =IF(ISBLANK($C19),"",IF($BL19<>Constants!$B$4,$BL19,IF(ISNUMBER($BT19),RANK($BT19,$BT$9:$BT$508,0),COUNT($BT$9:$BT$508)+1))) | BV19: =IF($BL19<>Constants!$B$4,"",IF($BB19="->",$BF19,$AV19)) | BW19: =IF(ISBLANK($C19),"",IF($BL19<>Constants!$B$4,$BL19,IF(ISNUMBER($BV19),RANK($BV19,$BV$9:$BV$508,0),COUNT($BV$9:$BV$508)+1))) | BX19: =IF($BL19<>Constants!$B$4,"",IF($BB19="->",$BK19,$BA19)) | BY19: =IF(ISBLANK($C19),"",IF($BL19<>Constants!$B$4,$BL19,IF(ISNUMBER($BX19),RANK($BX19,$BX$9:$BX$508,0),COUNT($BX$9:$BX$508)+1))) | BZ19: =IF(ISBLANK($C19),"",IF($BL19<>Constants!$B$4,$BL19,COUNTIFS($BM$9:$BM$508,"<"&$BM19)+COUNTIFS($BM$9:$BM$508,$BM19,$BP$9:$BP$508,"<"&$BP19)+COUNTIFS($BM$9:$BM$508,$BM19,$BP$9:$BP$508,$BP19,$BS$9:$BS$508,"<"&$BS19)+COUNTIFS($BM$9:$BM$508,$BM19,$BP$9:$BP$508,$BP19,$BS$9:$BS$508,$BS19,$BU$9:$BU$508,"<"&$BU19)+COUNTIFS($BM$9:$BM$508,$BM19,$BP$9:$BP$508,$BP19,$BS$9:$BS$508,$BS19,$BU$9:$BU$508,$BU19,$BW$9:$BW$508,"<"&$BW19)+COUNTIFS($BM$9:$BM$508,$BM19,$BP$9:$BP$508,$BP19,$BS$9:$BS$508,$BS19,$BU$9:$BU$508,$BU19,$BW$9:$BW$508,$BW19,$BY$9:$BY$508,"<"&$BY19)+1)) | CA19: =IF(ISBLANK($C19),"",IF($BL19<>Constants!$B$4,$BL19,$BQ19-$BZ19)) | CC19: =IF(ISBLANK($C19),"",IF($BL19=Constants!$B$8,$AR19,"")) | CD19: =IF(ISBLANK($C19),"",IF($BL19<>Constants!$B$4,"",IF($BB19="->",2,1))) | CE19: =IF(ISBLANK($C19),"",IF($BL19<>Constants!$B$4,"",IF($BB19="->",$BE19,$AU19))) | CF19: =IF(ISBLANK($C19),"",IF($BL19<>Constants!$B$4,"",IF($BB19="->",$BF19,$AV19))) | CG19: =IF(ISBLANK($C19),"",IF($BL19<>Constants!$B$4,"",IF($BB19="->",$BG19,$AW19))) | CH19: =IF(ISBLANK($C19),"",IF($BL19<>Constants!$B$4,"",IF($BB19="->",$BH19,$AX19))) | CI19: =IF(ISBLANK($C19),"",$BO19) | CJ19: =IF(ISBLANK($C19),"",$BM19) | CK19: =IF(ISBLANK($C19),"",$CA19) | CL19: =IF(ISBLANK($C19),"",$BZ19) | CM19: =IF(ISBLANK($C19),"",IF($CL19=Constants!$B$7,COUNTA($C$9:$C$508)+2,IF($CL19=Constants!$B$6,COUNTA($C$9:$C$508)+1,IF($CL19=Constants!$B$5,COUNTA($C$9:$C$508),$CL19)))) | CO19: =IF(OR(ISNUMBER($CL19),$CL19=Constants!$B$7,$CL19=Constants!$B$5,$CL19=Constants!$B$6),1,0) -> 0 | CP19: 11 | CQ19: =IF(ISBLANK($C19),"",IF(ISNUMBER($CM19),$CM19+ROW($B19)/1000,"")) | CR19: =IF(ISNUMBER($CQ19),RANK($CQ19,$CQ$9:$CQ$508,1),"") | CS19: =IF(ISBLANK($C19),"",$B19) | CT19: =IF(ISBLANK($C19),"",$C19) | CU19: =IF(ISBLANK($C19),"",$D19) | CV19: =$CJ19 | CW19: =$CI19 | CX19: =IF(ISBLANK($C19),"",$CL19) | CY19: =IF($CP19>$CO$8,"",VLOOKUP($CP19,$CR$9:$CX$508,7,FALSE())) | CZ19: =IF($CP19>$CO$8,"",VLOOKUP($CP19,$CR$9:$CX$508,2,FALSE())) | DA19: =IF($CP19>$CO$8,"",VLOOKUP($CP19,$CR$9:$CX$508,3,FALSE())) | DB19: =IF($CP19>$CO$8,"",VLOOKUP($CP19,$CR$9:$CX$508,4,FALSE())) | DC19: =IF($CP19>$CO$8,"",VLOOKUP($CP19,$CR$9:$CX$508,5,FALSE())) | DD19: =IF($CP19>$CO$8,"",VLOOKUP($CP19,$CR$9:$CX$508,6,FALSE()))
X20: =IF(ISBLANK($C20),"",IF($E20=Constants!$B$2,TRUE(),IF($E20=Constants!$B$3,FALSE(),TRUE()))) | Y20: =IF(ISBLANK($C20),"",IF($F20=Constants!$B$2,TRUE(),IF($F20=Constants!$B$3,FALSE(),TRUE()))) | Z20: =IF(ISBLANK($C20),"",IF(ISNUMBER($G20),IF($G20>=0,$G20,""),"")) | AA20: =IF(ISBLANK($C20),"",IF(ISNUMBER($H20),IF($H20>=0,$H20,""),"")) | AB20: =IF(ISBLANK($C20),"",IF(ISNUMBER($I20),IF($I20>=0,$I20,""),"")) | AC20: =IF(ISBLANK($C20),"",IF($J20=Constants!$B$2,TRUE(),IF($J20=Constants!$B$3,FALSE(),TRUE()))) | AD20: =IF(ISBLANK($C20),"",IF($K20=Constants!$B$2,TRUE(),IF($K20=Constants!$B$3,FALSE(),TRUE()))) | AE20: =IF(ISBLANK($C20),"",IF($L20=Constants!$B$2,TRUE(),IF($L20=Constants!$B$3,FALSE(),TRUE()))) | AF20: =IF(ISBLANK($C20),"",IF(ISNUMBER($M20),IF($M20>=0,$M20,""),"")) | AG20: =IF(ISBLANK($C20),"",IF(ISBLANK($N20),0,IF(ISNUMBER($N20),IF(AND($N20>=0,$N20<=Constants!$B$17,$N20=INT($N20)),$N20,""),""))) | AH20: =IF(ISBLANK($C20),"",IF(ISBLANK($O20),0,IF(ISNUMBER($O20),IF($O20>=0,$O20,""),""))) | AI20: =IF(ISBLANK($C20),"",IF($P20=Constants!$B$2,TRUE(),IF($P20=Constants!$B$3,FALSE(),TRUE()))) | AJ20: =IF(ISBLANK($C20),"",IF($Q20=Constants!$B$2,TRUE(),IF($Q20=Constants!$B$3,FALSE(),TRUE()))) | AK20: =IF(ISBLANK($C20),"",IF($R20=Constants!$B$2,TRUE(),IF($R20=Constants!$B$3,FALSE(),TRUE()))) | AL20: =IF(ISBLANK($C20),"",IF(ISNUMBER($S20),IF($S20>=0,$S20,""),"")) | AM20: =IF(ISBLANK($C20),"",IF(ISBLANK($T20),0,IF(ISNUMBER($T20),IF(AND($T20>=0,$T20<=Constants!$B$17,$T20=INT($T20)),$T20,""),""))) | AN20: =IF(ISBLANK($C20),"",IF(ISBLANK($U20),0,IF(ISNUMBER($U20),IF($U20>=0,$U20,""),""))) | AO20: =IF(ISBLANK($C20),"",IF($V20=Constants!$B$2,TRUE(),IF($V20=Constants!$B$3,FALSE(),FALSE()))) | AQ20: =IF(ISBLANK($C20),"",AND($Y20,OR($AS20,$BC20),OR($Z20="",$AA20="",$AB20=""))) | AR20: =IF(ISBLANK($C20),"",IF(OR(NOT($Y20),NOT(OR($AS20,$BC20))),"",IF(ISBLANK($D$7),$AR$5,IF($AP$9="",$AR$6,"")))) | AS20: =IF(ISBLANK($C20),"",COUNTA($J20:$O20)>0) | AT20: =IF(ISBLANK($C20),"",AND($AS20,OR(AND($AF20="",OR($AE20,NOT(ISBLANK($M20)))),$AG20="",$AH20=""))) | AU20: =IF($BL20<>Constants!$B$4,"",IF(NOT($AS20),"",ROUND((Constants!$B$12-$AB20)+(Constants!$B$13-$Z20)+(Constants!$B$14-$AA20),1))) | AV20: =IF($BL20<>Constants!$B$4,"",IF(NOT($AS20),"",IF(NOT($AE20),0,Constants!$B$15*(INT(ROUND(MIN($AF20,$AP$9),6))-INT(ROUND(MAX(0,MIN($AF20,2*$AP$9)-$AP$9),6)))))) | AW20: =IF($BL20<>Constants!$B$4,"",IF(NOT($AS20),"",Constants!$B$16*$AG20)) | AX20: =IF($BL20<>Constants!$B$4,"",IF(NOT($AS20),"",Constants!$B$18*INT(ROUND($AH20,6)))) | AY20: =IF($BL20<>Constants!$B$4,"",IF(NOT($AS20),"",IF(NOT($X20),Constants!$B$11,IF(OR(NOT($AC20),NOT($AD20),ROUND($AB20,1)>Constants!$B$12,ROUND($Z20,1)>Constants!$B$13,ROUND($AA20,1)>Constants!$B$14),Constants!$B$10,Constants!$B$9)))) | AZ20: =IF($BL20<>Constants!$B$4,"",IF(NOT($AS20),"",ROUND($AU20+$AV20+$AW20+$AX20,1))) | BA20: =IF($BL20<>Constants!$B$4,"",IF(NOT($AS20),"",IF(ISNUMBER($AF20),$AF20,0))) | BB20: =IF($BL20<>Constants!$B$4,"",IF(NOT($BC20),"<-",IF(NOT($AS20),"->",IF(OR($BI20<$AY20,AND($BI20=$AY20,OR($BJ20>$AZ20,AND($BJ20=$AZ20,OR($BH20>$AX20,AND($BH20=$AX20,OR($BE20>$AU20,AND($BE20=$AU20,OR($BF20>$AV20,AND($BF20=$AV20,$BK20>$BA20)))))))))),"->","<-")))) | BC20: =IF(ISBLANK($C20),"",COUNTA($P20:$U20)>0) | BD20: =IF(ISBLANK($C20),"",AND($BC20,OR(AND($AL20="",OR($AK20,NOT(ISBLANK($S20)))),$AM20="",$AN20=""))) | BE20: =IF($BL20<>Constants!$B$4,"",IF(NOT($BC20),"",ROUND((Constants!$B$12-$AB20)+(Constants!$B$13-$Z20)+(Constants!$B$14-$AA20),1))) | BF20: =IF($BL20<>Constants!$B$4,"",IF(NOT($BC20),"",IF(NOT($AK20),0,Constants!$B$15*(INT(ROUND(MIN($AL20,$AP$9),6))-INT(ROUND(MAX(0,MIN($AL20,2*$AP$9)-$AP$9),6)))))) | BG20: =IF($BL20<>Constants!$B$4,"",IF(NOT($BC20),"",Constants!$B$16*$AM20)) | BH20: =IF($BL20<>Constants!$B$4,"",IF(NOT($BC20),"",Constants!$B$18*INT(ROUND($AN20,6)))) | BI20: =IF($BL20<>Constants!$B$4,"",IF(NOT($BC20),"",IF(NOT($X20),Constants!$B$11,IF(OR(NOT($AI20),NOT($AJ20),ROUND($AB20,1)>Constants!$B$12,ROUND($Z20,1)>Constants!$B$13,ROUND($AA20,1)>Constants!$B$14),Constants!$B$10,Constants!$B$9)))) | BJ20: =IF($BL20<>Constants!$B$4,"",IF(NOT($BC20),"",ROUND($BE20+$BF20+$BG20+$BH20,1))) | BK20: =IF($BL20<>Constants!$B$4,"",IF(NOT($BC20),"",IF(ISNUMBER($AL20),$AL20,0))) | BL20: =IF(ISBLANK($C20),"",IF($AO20,Constants!$B$7,IF(COUNTA($E20:$V20)=0,Constants!$B$6,IF(NOT($Y20),Constants!$B$5,IF(NOT(OR($AS20,$BC20)),Constants!$B$5,IF(OR($AT20,$BD20,$AQ20,$AR20<>""),Constants!$B$8,Constants!$B$4)))))) | BM20: =IF(ISBLANK($C20),"",IF($BL20<>Constants!$B$4,$BL20,IF($BB20="->",$BI20,$AY20))) | BN20: =IF($BL20<>Constants!$B$4,"",IF($BB20="->",$BJ20,$AZ20)) | BO20: =IF(ISBLANK($C20),"",IF($BL20<>Constants!$B$4,$BL20,$BN20)) | BP20: =IF(ISBLANK($C20),"",IF($BL20<>Constants!$B$4,$BL20,RANK($BO20,$BO$9:$BO$508,0))) | BQ20: =IF(ISBLANK($C20),"",IF($BL20<>Constants!$B$4,$BL20,COUNTIFS($BM$9:$BM$508,"<"&$BM20)+COUNTIFS($BM$9:$BM$508,$BM20,$BP$9:$BP$508,"<"&$BP20)+1)) | BR20: =IF($BL20<>Constants!$B$4,"",IF($BB20="->",$BH20,$AX20)) | BS20: =IF(ISBLANK($C20),"",IF($BL20<>Constants!$B$4,$BL20,IF(ISNUMBER($BR20),RANK($BR20,$BR$9:$BR$508,0),COUNT($BR$9:$BR$508)+1))) | BT20: =IF($BL20<>Constants!$B$4,"",IF($BB20="->",$BE20,$AU20)) | BU20: =IF(ISBLANK($C20),"",IF($BL20<>Constants!$B$4,$BL20,IF(ISNUMBER($BT20),RANK($BT20,$BT$9:$BT$508,0),COUNT($BT$9:$BT$508)+1))) | BV20: =IF($BL20<>Constants!$B$4,"",IF($BB20="->",$BF20,$AV20)) | BW20: =IF(ISBLANK($C20),"",IF($BL20<>Constants!$B$4,$BL20,IF(ISNUMBER($BV20),RANK($BV20,$BV$9:$BV$508,0),COUNT($BV$9:$BV$508)+1))) | BX20: =IF($BL20<>Constants!$B$4,"",IF($BB20="->",$BK20,$BA20)) | BY20: =IF(ISBLANK($C20),"",IF($BL20<>Constants!$B$4,$BL20,IF(ISNUMBER($BX20),RANK($BX20,$BX$9:$BX$508,0),COUNT($BX$9:$BX$508)+1))) | BZ20: =IF(ISBLANK($C20),"",IF($BL20<>Constants!$B$4,$BL20,COUNTIFS($BM$9:$BM$508,"<"&$BM20)+COUNTIFS($BM$9:$BM$508,$BM20,$BP$9:$BP$508,"<"&$BP20)+COUNTIFS($BM$9:$BM$508,$BM20,$BP$9:$BP$508,$BP20,$BS$9:$BS$508,"<"&$BS20)+COUNTIFS($BM$9:$BM$508,$BM20,$BP$9:$BP$508,$BP20,$BS$9:$BS$508,$BS20,$BU$9:$BU$508,"<"&$BU20)+COUNTIFS($BM$9:$BM$508,$BM20,$BP$9:$BP$508,$BP20,$BS$9:$BS$508,$BS20,$BU$9:$BU$508,$BU20,$BW$9:$BW$508,"<"&$BW20)+COUNTIFS($BM$9:$BM$508,$BM20,$BP$9:$BP$508,$BP20,$BS$9:$BS$508,$BS20,$BU$9:$BU$508,$BU20,$BW$9:$BW$508,$BW20,$BY$9:$BY$508,"<"&$BY20)+1)) | CA20: =IF(ISBLANK($C20),"",IF($BL20<>Constants!$B$4,$BL20,$BQ20-$BZ20)) | CC20: =IF(ISBLANK($C20),"",IF($BL20=Constants!$B$8,$AR20,"")) | CD20: =IF(ISBLANK($C20),"",IF($BL20<>Constants!$B$4,"",IF($BB20="->",2,1))) | CE20: =IF(ISBLANK($C20),"",IF($BL20<>Constants!$B$4,"",IF($BB20="->",$BE20,$AU20))) | CF20: =IF(ISBLANK($C20),"",IF($BL20<>Constants!$B$4,"",IF($BB20="->",$BF20,$AV20))) | CG20: =IF(ISBLANK($C20),"",IF($BL20<>Constants!$B$4,"",IF($BB20="->",$BG20,$AW20))) | CH20: =IF(ISBLANK($C20),"",IF($BL20<>Constants!$B$4,"",IF($BB20="->",$BH20,$AX20))) | CI20: =IF(ISBLANK($C20),"",$BO20) | CJ20: =IF(ISBLANK($C20),"",$BM20) | CK20: =IF(ISBLANK($C20),"",$CA20) | CL20: =IF(ISBLANK($C20),"",$BZ20) | CM20: =IF(ISBLANK($C20),"",IF($CL20=Constants!$B$7,COUNTA($C$9:$C$508)+2,IF($CL20=Constants!$B$6,COUNTA($C$9:$C$508)+1,IF($CL20=Constants!$B$5,COUNTA($C$9:$C$508),$CL20)))) | CO20: =IF(OR(ISNUMBER($CL20),$CL20=Constants!$B$7,$CL20=Constants!$B$5,$CL20=Constants!$B$6),1,0) -> 0 | CP20: 12 | CQ20: =IF(ISBLANK($C20),"",IF(ISNUMBER($CM20),$CM20+ROW($B20)/1000,"")) | CR20: =IF(ISNUMBER($CQ20),RANK($CQ20,$CQ$9:$CQ$508,1),"") | CS20: =IF(ISBLANK($C20),"",$B20) | CT20: =IF(ISBLANK($C20),"",$C20) | CU20: =IF(ISBLANK($C20),"",$D20) | CV20: =$CJ20 | CW20: =$CI20 | CX20: =IF(ISBLANK($C20),"",$CL20) | CY20: =IF($CP20>$CO$8,"",VLOOKUP($CP20,$CR$9:$CX$508,7,FALSE())) | CZ20: =IF($CP20>$CO$8,"",VLOOKUP($CP20,$CR$9:$CX$508,2,FALSE())) | DA20: =IF($CP20>$CO$8,"",VLOOKUP($CP20,$CR$9:$CX$508,3,FALSE())) | DB20: =IF($CP20>$CO$8,"",VLOOKUP($CP20,$CR$9:$CX$508,4,FALSE())) | DC20: =IF($CP20>$CO$8,"",VLOOKUP($CP20,$CR$9:$CX$508,5,FALSE())) | DD20: =IF($CP20>$CO$8,"",VLOOKUP($CP20,$CR$9:$CX$508,6,FALSE()))
X21: =IF(ISBLANK($C21),"",IF($E21=Constants!$B$2,TRUE(),IF($E21=Constants!$B$3,FALSE(),TRUE()))) | Y21: =IF(ISBLANK($C21),"",IF($F21=Constants!$B$2,TRUE(),IF($F21=Constants!$B$3,FALSE(),TRUE()))) | Z21: =IF(ISBLANK($C21),"",IF(ISNUMBER($G21),IF($G21>=0,$G21,""),"")) | AA21: =IF(ISBLANK($C21),"",IF(ISNUMBER($H21),IF($H21>=0,$H21,""),"")) | AB21: =IF(ISBLANK($C21),"",IF(ISNUMBER($I21),IF($I21>=0,$I21,""),"")) | AC21: =IF(ISBLANK($C21),"",IF($J21=Constants!$B$2,TRUE(),IF($J21=Constants!$B$3,FALSE(),TRUE()))) | AD21: =IF(ISBLANK($C21),"",IF($K21=Constants!$B$2,TRUE(),IF($K21=Constants!$B$3,FALSE(),TRUE()))) | AE21: =IF(ISBLANK($C21),"",IF($L21=Constants!$B$2,TRUE(),IF($L21=Constants!$B$3,FALSE(),TRUE()))) | AF21: =IF(ISBLANK($C21),"",IF(ISNUMBER($M21),IF($M21>=0,$M21,""),"")) | AG21: =IF(ISBLANK($C21),"",IF(ISBLANK($N21),0,IF(ISNUMBER($N21),IF(AND($N21>=0,$N21<=Constants!$B$17,$N21=INT($N21)),$N21,""),""))) | AH21: =IF(ISBLANK($C21),"",IF(ISBLANK($O21),0,IF(ISNUMBER($O21),IF($O21>=0,$O21,""),""))) | AI21: =IF(ISBLANK($C21),"",IF($P21=Constants!$B$2,TRUE(),IF($P21=Constants!$B$3,FALSE(),TRUE()))) | AJ21: =IF(ISBLANK($C21),"",IF($Q21=Constants!$B$2,TRUE(),IF($Q21=Constants!$B$3,FALSE(),TRUE()))) | AK21: =IF(ISBLANK($C21),"",IF($R21=Constants!$B$2,TRUE(),IF($R21=Constants!$B$3,FALSE(),TRUE()))) | AL21: =IF(ISBLANK($C21),"",IF(ISNUMBER($S21),IF($S21>=0,$S21,""),"")) | AM21: =IF(ISBLANK($C21),"",IF(ISBLANK($T21),0,IF(ISNUMBER($T21),IF(AND($T21>=0,$T21<=Constants!$B$17,$T21=INT($T21)),$T21,""),""))) | AN21: =IF(ISBLANK($C21),"",IF(ISBLANK($U21),0,IF(ISNUMBER($U21),IF($U21>=0,$U21,""),""))) | AO21: =IF(ISBLANK($C21),"",IF($V21=Constants!$B$2,TRUE(),IF($V21=Constants!$B$3,FALSE(),FALSE()))) | AQ21: =IF(ISBLANK($C21),"",AND($Y21,OR($AS21,$BC21),OR($Z21="",$AA21="",$AB21=""))) | AR21: =IF(ISBLANK($C21),"",IF(OR(NOT($Y21),NOT(OR($AS21,$BC21))),"",IF(ISBLANK($D$7),$AR$5,IF($AP$9="",$AR$6,"")))) | AS21: =IF(ISBLANK($C21),"",COUNTA($J21:$O21)>0) | AT21: =IF(ISBLANK($C21),"",AND($AS21,OR(AND($AF21="",OR($AE21,NOT(ISBLANK($M21)))),$AG21="",$AH21=""))) | AU21: =IF($BL21<>Constants!$B$4,"",IF(NOT($AS21),"",ROUND((Constants!$B$12-$AB21)+(Constants!$B$13-$Z21)+(Constants!$B$14-$AA21),1))) | AV21: =IF($BL21<>Constants!$B$4,"",IF(NOT($AS21),"",IF(NOT($AE21),0,Constants!$B$15*(INT(ROUND(MIN($AF21,$AP$9),6))-INT(ROUND(MAX(0,MIN($AF21,2*$AP$9)-$AP$9),6)))))) | AW21: =IF($BL21<>Constants!$B$4,"",IF(NOT($AS21),"",Constants!$B$16*$AG21)) | AX21: =IF($BL21<>Constants!$B$4,"",IF(NOT($AS21),"",Constants!$B$18*INT(ROUND($AH21,6)))) | AY21: =IF($BL21<>Constants!$B$4,"",IF(NOT($AS21),"",IF(NOT($X21),Constants!$B$11,IF(OR(NOT($AC21),NOT($AD21),ROUND($AB21,1)>Constants!$B$12,ROUND($Z21,1)>Constants!$B$13,ROUND($AA21,1)>Constants!$B$14),Constants!$B$10,Constants!$B$9)))) | AZ21: =IF($BL21<>Constants!$B$4,"",IF(NOT($AS21),"",ROUND($AU21+$AV21+$AW21+$AX21,1))) | BA21: =IF($BL21<>Constants!$B$4,"",IF(NOT($AS21),"",IF(ISNUMBER($AF21),$AF21,0))) | BB21: =IF($BL21<>Constants!$B$4,"",IF(NOT($BC21),"<-",IF(NOT($AS21),"->",IF(OR($BI21<$AY21,AND($BI21=$AY21,OR($BJ21>$AZ21,AND($BJ21=$AZ21,OR($BH21>$AX21,AND($BH21=$AX21,OR($BE21>$AU21,AND($BE21=$AU21,OR($BF21>$AV21,AND($BF21=$AV21,$BK21>$BA21)))))))))),"->","<-")))) | BC21: =IF(ISBLANK($C21),"",COUNTA($P21:$U21)>0) | BD21: =IF(ISBLANK($C21),"",AND($BC21,OR(AND($AL21="",OR($AK21,NOT(ISBLANK($S21)))),$AM21="",$AN21=""))) | BE21: =IF($BL21<>Constants!$B$4,"",IF(NOT($BC21),"",ROUND((Constants!$B$12-$AB21)+(Constants!$B$13-$Z21)+(Constants!$B$14-$AA21),1))) | BF21: =IF($BL21<>Constants!$B$4,"",IF(NOT($BC21),"",IF(NOT($AK21),0,Constants!$B$15*(INT(ROUND(MIN($AL21,$AP$9),6))-INT(ROUND(MAX(0,MIN($AL21,2*$AP$9)-$AP$9),6)))))) | BG21: =IF($BL21<>Constants!$B$4,"",IF(NOT($BC21),"",Constants!$B$16*$AM21)) | BH21: =IF($BL21<>Constants!$B$4,"",IF(NOT($BC21),"",Constants!$B$18*INT(ROUND($AN21,6)))) | BI21: =IF($BL21<>Constants!$B$4,"",IF(NOT($BC21),"",IF(NOT($X21),Constants!$B$11,IF(OR(NOT($AI21),NOT($AJ21),ROUND($AB21,1)>Constants!$B$12,ROUND($Z21,1)>Constants!$B$13,ROUND($AA21,1)>Constants!$B$14),Constants!$B$10,Constants!$B$9)))) | BJ21: =IF($BL21<>Constants!$B$4,"",IF(NOT($BC21),"",ROUND($BE21+$BF21+$BG21+$BH21,1))) | BK21: =IF($BL21<>Constants!$B$4,"",IF(NOT($BC21),"",IF(ISNUMBER($AL21),$AL21,0))) | BL21: =IF(ISBLANK($C21),"",IF($AO21,Constants!$B$7,IF(COUNTA($E21:$V21)=0,Constants!$B$6,IF(NOT($Y21),Constants!$B$5,IF(NOT(OR($AS21,$BC21)),Constants!$B$5,IF(OR($AT21,$BD21,$AQ21,$AR21<>""),Constants!$B$8,Constants!$B$4)))))) | BM21: =IF(ISBLANK($C21),"",IF($BL21<>Constants!$B$4,$BL21,IF($BB21="->",$BI21,$AY21))) | BN21: =IF($BL21<>Constants!$B$4,"",IF($BB21="->",$BJ21,$AZ21)) | BO21: =IF(ISBLANK($C21),"",IF($BL21<>Constants!$B$4,$BL21,$BN21)) | BP21: =IF(ISBLANK($C21),"",IF($BL21<>Constants!$B$4,$BL21,RANK($BO21,$BO$9:$BO$508,0))) | BQ21: =IF(ISBLANK($C21),"",IF($BL21<>Constants!$B$4,$BL21,COUNTIFS($BM$9:$BM$508,"<"&$BM21)+COUNTIFS($BM$9:$BM$508,$BM21,$BP$9:$BP$508,"<"&$BP21)+1)) | BR21: =IF($BL21<>Constants!$B$4,"",IF($BB21="->",$BH21,$AX21)) | BS21: =IF(ISBLANK($C21),"",IF($BL21<>Constants!$B$4,$BL21,IF(ISNUMBER($BR21),RANK($BR21,$BR$9:$BR$508,0),COUNT($BR$9:$BR$508)+1))) | BT21: =IF($BL21<>Constants!$B$4,"",IF($BB21="->",$BE21,$AU21)) | BU21: =IF(ISBLANK($C21),"",IF($BL21<>Constants!$B$4,$BL21,IF(ISNUMBER($BT21),RANK($BT21,$BT$9:$BT$508,0),COUNT($BT$9:$BT$508)+1))) | BV21: =IF($BL21<>Constants!$B$4,"",IF($BB21="->",$BF21,$AV21)) | BW21: =IF(ISBLANK($C21),"",IF($BL21<>Constants!$B$4,$BL21,IF(ISNUMBER($BV21),RANK($BV21,$BV$9:$BV$508,0),COUNT($BV$9:$BV$508)+1))) | BX21: =IF($BL21<>Constants!$B$4,"",IF($BB21="->",$BK21,$BA21)) | BY21: =IF(ISBLANK($C21),"",IF($BL21<>Constants!$B$4,$BL21,IF(ISNUMBER($BX21),RANK($BX21,$BX$9:$BX$508,0),COUNT($BX$9:$BX$508)+1))) | BZ21: =IF(ISBLANK($C21),"",IF($BL21<>Constants!$B$4,$BL21,COUNTIFS($BM$9:$BM$508,"<"&$BM21)+COUNTIFS($BM$9:$BM$508,$BM21,$BP$9:$BP$508,"<"&$BP21)+COUNTIFS($BM$9:$BM$508,$BM21,$BP$9:$BP$508,$BP21,$BS$9:$BS$508,"<"&$BS21)+COUNTIFS($BM$9:$BM$508,$BM21,$BP$9:$BP$508,$BP21,$BS$9:$BS$508,$BS21,$BU$9:$BU$508,"<"&$BU21)+COUNTIFS($BM$9:$BM$508,$BM21,$BP$9:$BP$508,$BP21,$BS$9:$BS$508,$BS21,$BU$9:$BU$508,$BU21,$BW$9:$BW$508,"<"&$BW21)+COUNTIFS($BM$9:$BM$508,$BM21,$BP$9:$BP$508,$BP21,$BS$9:$BS$508,$BS21,$BU$9:$BU$508,$BU21,$BW$9:$BW$508,$BW21,$BY$9:$BY$508,"<"&$BY21)+1)) | CA21: =IF(ISBLANK($C21),"",IF($BL21<>Constants!$B$4,$BL21,$BQ21-$BZ21)) | CC21: =IF(ISBLANK($C21),"",IF($BL21=Constants!$B$8,$AR21,"")) | CD21: =IF(ISBLANK($C21),"",IF($BL21<>Constants!$B$4,"",IF($BB21="->",2,1))) | CE21: =IF(ISBLANK($C21),"",IF($BL21<>Constants!$B$4,"",IF($BB21="->",$BE21,$AU21))) | CF21: =IF(ISBLANK($C21),"",IF($BL21<>Constants!$B$4,"",IF($BB21="->",$BF21,$AV21))) | CG21: =IF(ISBLANK($C21),"",IF($BL21<>Constants!$B$4,"",IF($BB21="->",$BG21,$AW21))) | CH21: =IF(ISBLANK($C21),"",IF($BL21<>Constants!$B$4,"",IF($BB21="->",$BH21,$AX21))) | CI21: =IF(ISBLANK($C21),"",$BO21) | CJ21: =IF(ISBLANK($C21),"",$BM21) | CK21: =IF(ISBLANK($C21),"",$CA21) | CL21: =IF(ISBLANK($C21),"",$BZ21) | CM21: =IF(ISBLANK($C21),"",IF($CL21=Constants!$B$7,COUNTA($C$9:$C$508)+2,IF($CL21=Constants!$B$6,COUNTA($C$9:$C$508)+1,IF($CL21=Constants!$B$5,COUNTA($C$9:$C$508),$CL21)))) | CO21: =IF(OR(ISNUMBER($CL21),$CL21=Constants!$B$7,$CL21=Constants!$B$5,$CL21=Constants!$B$6),1,0) -> 0 | CP21: 13 | CQ21: =IF(ISBLANK($C21),"",IF(ISNUMBER($CM21),$CM21+ROW($B21)/1000,"")) | CR21: =IF(ISNUMBER($CQ21),RANK($CQ21,$CQ$9:$CQ$508,1),"") | CS21: =IF(ISBLANK($C21),"",$B21) | CT21: =IF(ISBLANK($C21),"",$C21) | CU21: =IF(ISBLANK($C21),"",$D21) | CV21: =$CJ21 | CW21: =$CI21 | CX21: =IF(ISBLANK($C21),"",$CL21) | CY21: =IF($CP21>$CO$8,"",VLOOKUP($CP21,$CR$9:$CX$508,7,FALSE())) | CZ21: =IF($CP21>$CO$8,"",VLOOKUP($CP21,$CR$9:$CX$508,2,FALSE())) | DA21: =IF($CP21>$CO$8,"",VLOOKUP($CP21,$CR$9:$CX$508,3,FALSE())) | DB21: =IF($CP21>$CO$8,"",VLOOKUP($CP21,$CR$9:$CX$508,4,FALSE())) | DC21: =IF($CP21>$CO$8,"",VLOOKUP($CP21,$CR$9:$CX$508,5,FALSE())) | DD21: =IF($CP21>$CO$8,"",VLOOKUP($CP21,$CR$9:$CX$508,6,FALSE()))
... X508: =IF(ISBLANK($C508),"",IF($E508=Constants!$B$2,TRUE(),IF($E508=Constants!$B$3,FALSE(),TRUE()))) | Y508: =IF(ISBLANK($C508),"",IF($F508=Constants!$B$2,TRUE(),IF($F508=Constants!$B$3,FALSE(),TRUE()))) | Z508: =IF(ISBLANK($C508),"",IF(ISNUMBER($G508),IF($G508>=0,$G508,""),"")) | AA508: =IF(ISBLANK($C508),"",IF(ISNUMBER($H508),IF($H508>=0,$H508,""),"")) | AB508: =IF(ISBLANK($C508),"",IF(ISNUMBER($I508),IF($I508>=0,$I508,""),"")) | AC508: =IF(ISBLANK($C508),"",IF($J508=Constants!$B$2,TRUE(),IF($J508=Constants!$B$3,FALSE(),TRUE()))) | AD508: =IF(ISBLANK($C508),"",IF($K508=Constants!$B$2,TRUE(),IF($K508=Constants!$B$3,FALSE(),TRUE()))) | AE508: =IF(ISBLANK($C508),"",IF($L508=Constants!$B$2,TRUE(),IF($L508=Constants!$B$3,FALSE(),TRUE()))) | AF508: =IF(ISBLANK($C508),"",IF(ISNUMBER($M508),IF($M508>=0,$M508,""),"")) | AG508: =IF(ISBLANK($C508),"",IF(ISBLANK($N508),0,IF(ISNUMBER($N508),IF(AND($N508>=0,$N508<=Constants!$B$17,$N508=INT($N508)),$N508,""),""))) | AH508: =IF(ISBLANK($C508),"",IF(ISBLANK($O508),0,IF(ISNUMBER($O508),IF($O508>=0,$O508,""),""))) | AI508: =IF(ISBLANK($C508),"",IF($P508=Constants!$B$2,TRUE(),IF($P508=Constants!$B$3,FALSE(),TRUE()))) | AJ508: =IF(ISBLANK($C508),"",IF($Q508=Constants!$B$2,TRUE(),IF($Q508=Constants!$B$3,FALSE(),TRUE()))) | AK508: =IF(ISBLANK($C508),"",IF($R508=Constants!$B$2,TRUE(),IF($R508=Constants!$B$3,FALSE(),TRUE()))) | AL508: =IF(ISBLANK($C508),"",IF(ISNUMBER($S508),IF($S508>=0,$S508,""),"")) | AM508: =IF(ISBLANK($C508),"",IF(ISBLANK($T508),0,IF(ISNUMBER($T508),IF(AND($T508>=0,$T508<=Constants!$B$17,$T508=INT($T508)),$T508,""),""))) | AN508: =IF(ISBLANK($C508),"",IF(ISBLANK($U508),0,IF(ISNUMBER($U508),IF($U508>=0,$U508,""),""))) | AO508: =IF(ISBLANK($C508),"",IF($V508=Constants!$B$2,TRUE(),IF($V508=Constants!$B$3,FALSE(),FALSE()))) | AQ508: =IF(ISBLANK($C508),"",AND($Y508,OR($AS508,$BC508),OR($Z508="",$AA508="",$AB508=""))) | AR508: =IF(ISBLANK($C508),"",IF(OR(NOT($Y508),NOT(OR($AS508,$BC508))),"",IF(ISBLANK($D$7),$AR$5,IF($AP$9="",$AR$6,"")))) | AS508: =IF(ISBLANK($C508),"",COUNTA($J508:$O508)>0) | AT508: =IF(ISBLANK($C508),"",AND($AS508,OR(AND($AF508="",OR($AE508,NOT(ISBLANK($M508)))),$AG508="",$AH508=""))) | AU508: =IF($BL508<>Constants!$B$4,"",IF(NOT($AS508),"",ROUND((Constants!$B$12-$AB508)+(Constants!$B$13-$Z508)+(Constants!$B$14-$AA508),1))) | AV508: =IF($BL508<>Constants!$B$4,"",IF(NOT($AS508),"",IF(NOT($AE508),0,Constants!$B$15*(INT(ROUND(MIN($AF508,$AP$9),6))-INT(ROUND(MAX(0,MIN($AF508,2*$AP$9)-$AP$9),6)))))) | AW508: =IF($BL508<>Constants!$B$4,"",IF(NOT($AS508),"",Constants!$B$16*$AG508)) | AX508: =IF($BL508<>Constants!$B$4,"",IF(NOT($AS508),"",Constants!$B$18*INT(ROUND($AH508,6)))) | AY508: =IF($BL508<>Constants!$B$4,"",IF(NOT($AS508),"",IF(NOT($X508),Constants!$B$11,IF(OR(NOT($AC508),NOT($AD508),ROUND($AB508,1)>Constants!$B$12,ROUND($Z508,1)>Constants!$B$13,ROUND($AA508,1)>Constants!$B$14),Constants!$B$10,Constants!$B$9)))) | AZ508: =IF($BL508<>Constants!$B$4,"",IF(NOT($AS508),"",ROUND($AU508+$AV508+$AW508+$AX508,1))) | BA508: =IF($BL508<>Constants!$B$4,"",IF(NOT($AS508),"",IF(ISNUMBER($AF508),$AF508,0))) | BB508: =IF($BL508<>Constants!$B$4,"",IF(NOT($BC508),"<-",IF(NOT($AS508),"->",IF(OR($BI508<$AY508,AND($BI508=$AY508,OR($BJ508>$AZ508,AND($BJ508=$AZ508,OR($BH508>$AX508,AND($BH508=$AX508,OR($BE508>$AU508,AND($BE508=$AU508,OR($BF508>$AV508,AND($BF508=$AV508,$BK508>$BA508)))))))))),"->","<-")))) | BC508: =IF(ISBLANK($C508),"",COUNTA($P508:$U508)>0) | BD508: =IF(ISBLANK($C508),"",AND($BC508,OR(AND($AL508="",OR($AK508,NOT(ISBLANK($S508)))),$AM508="",$AN508=""))) | BE508: =IF($BL508<>Constants!$B$4,"",IF(NOT($BC508),"",ROUND((Constants!$B$12-$AB508)+(Constants!$B$13-$Z508)+(Constants!$B$14-$AA508),1))) | BF508: =IF($BL508<>Constants!$B$4,"",IF(NOT($BC508),"",IF(NOT($AK508),0,Constants!$B$15*(INT(ROUND(MIN($AL508,$AP$9),6))-INT(ROUND(MAX(0,MIN($AL508,2*$AP$9)-$AP$9),6)))))) | BG508: =IF($BL508<>Constants!$B$4,"",IF(NOT($BC508),"",Constants!$B$16*$AM508)) | BH508: =IF($BL508<>Constants!$B$4,"",IF(NOT($BC508),"",Constants!$B$18*INT(ROUND($AN508,6)))) | BI508: =IF($BL508<>Constants!$B$4,"",IF(NOT($BC508),"",IF(NOT($X508),Constants!$B$11,IF(OR(NOT($AI508),NOT($AJ508),ROUND($AB508,1)>Constants!$B$12,ROUND($Z508,1)>Constants!$B$13,ROUND($AA508,1)>Constants!$B$14),Constants!$B$10,Constants!$B$9)))) | BJ508: =IF($BL508<>Constants!$B$4,"",IF(NOT($BC508),"",ROUND($BE508+$BF508+$BG508+$BH508,1))) | BK508: =IF($BL508<>Constants!$B$4,"",IF(NOT($BC508),"",IF(ISNUMBER($AL508),$AL508,0))) | BL508: =IF(ISBLANK($C508),"",IF($AO508,Constants!$B$7,IF(COUNTA($E508:$V508)=0,Constants!$B$6,IF(NOT($Y508),Constants!$B$5,IF(NOT(OR($AS508,$BC508)),Constants!$B$5,IF(OR($AT508,$BD508,$AQ508,$AR508<>""),Constants!$B$8,Constants!$B$4)))))) | BM508: =IF(ISBLANK($C508),"",IF($BL508<>Constants!$B$4,$BL508,IF($BB508="->",$BI508,$AY508))) | BN508: =IF($BL508<>Constants!$B$4,"",IF($BB508="->",$BJ508,$AZ508)) | BO508: =IF(ISBLANK($C508),"",IF($BL508<>Constants!$B$4,$BL508,$BN508)) | BP508: =IF(ISBLANK($C508),"",IF($BL508<>Constants!$B$4,$BL508,RANK($BO508,$BO$9:$BO$508,0))) | BQ508: =IF(ISBLANK($C508),"",IF($BL508<>Constants!$B$4,$BL508,COUNTIFS($BM$9:$BM$508,"<"&$BM508)+COUNTIFS($BM$9:$BM$508,$BM508,$BP$9:$BP$508,"<"&$BP508)+1)) | BR508: =IF($BL508<>Constants!$B$4,"",IF($BB508="->",$BH508,$AX508)) | BS508: =IF(ISBLANK($C508),"",IF($BL508<>Constants!$B$4,$BL508,IF(ISNUMBER($BR508),RANK($BR508,$BR$9:$BR$508,0),COUNT($BR$9:$BR$508)+1))) | BT508: =IF($BL508<>Constants!$B$4,"",IF($BB508="->",$BE508,$AU508)) | BU508: =IF(ISBLANK($C508),"",IF($BL508<>Constants!$B$4,$BL508,IF(ISNUMBER($BT508),RANK($BT508,$BT$9:$BT$508,0),COUNT($BT$9:$BT$508)+1))) | BV508: =IF($BL508<>Constants!$B$4,"",IF($BB508="->",$BF508,$AV508)) | BW508: =IF(ISBLANK($C508),"",IF($BL508<>Constants!$B$4,$BL508,IF(ISNUMBER($BV508),RANK($BV508,$BV$9:$BV$508,0),COUNT($BV$9:$BV$508)+1))) | BX508: =IF($BL508<>Constants!$B$4,"",IF($BB508="->",$BK508,$BA508)) | BY508: =IF(ISBLANK($C508),"",IF($BL508<>Constants!$B$4,$BL508,IF(ISNUMBER($BX508),RANK($BX508,$BX$9:$BX$508,0),COUNT($BX$9:$BX$508)+1))) | BZ508: =IF(ISBLANK($C508),"",IF($BL508<>Constants!$B$4,$BL508,COUNTIFS($BM$9:$BM$508,"<"&$BM508)+COUNTIFS($BM$9:$BM$508,$BM508,$BP$9:$BP$508,"<"&$BP508)+COUNTIFS($BM$9:$BM$508,$BM508,$BP$9:$BP$508,$BP508,$BS$9:$BS$508,"<"&$BS508)+COUNTIFS($BM$9:$BM$508,$BM508,$BP$9:$BP$508,$BP508,$BS$9:$BS$508,$BS508,$BU$9:$BU$508,"<"&$BU508)+COUNTIFS($BM$9:$BM$508,$BM508,$BP$9:$BP$508,$BP508,$BS$9:$BS$508,$BS508,$BU$9:$BU$508,$BU508,$BW$9:$BW$508,"<"&$BW508)+COUNTIFS($BM$9:$BM$508,$BM508,$BP$9:$BP$508,$BP508,$BS$9:$BS$508,$BS508,$BU$9:$BU$508,$BU508,$BW$9:$BW$508,$BW508,$BY$9:$BY$508,"<"&$BY508)+1)) | CA508: =IF(ISBLANK($C508),"",IF($BL508<>Constants!$B$4,$BL508,$BQ508-$BZ508)) | CC508: =IF(ISBLANK($C508),"",IF($BL508=Constants!$B$8,$AR508,"")) | CD508: =IF(ISBLANK($C508),"",IF($BL508<>Constants!$B$4,"",IF($BB508="->",2,1))) | CE508: =IF(ISBLANK($C508),"",IF($BL508<>Constants!$B$4,"",IF($BB508="->",$BE508,$AU508))) | CF508: =IF(ISBLANK($C508),"",IF($BL508<>Constants!$B$4,"",IF($BB508="->",$BF508,$AV508))) | CG508: =IF(ISBLANK($C508),"",IF($BL508<>Constants!$B$4,"",IF($BB508="->",$BG508,$AW508))) | CH508: =IF(ISBLANK($C508),"",IF($BL508<>Constants!$B$4,"",IF($BB508="->",$BH508,$AX508))) | CI508: =IF(ISBLANK($C508),"",$BO508) | CJ508: =IF(ISBLANK($C508),"",$BM508) | CK508: =IF(ISBLANK($C508),"",$CA508) | CL508: =IF(ISBLANK($C508),"",$BZ508) | CM508: =IF(ISBLANK($C508),"",IF($CL508=Constants!$B$7,COUNTA($C$9:$C$508)+2,IF($CL508=Constants!$B$6,COUNTA($C$9:$C$508)+1,IF($CL508=Constants!$B$5,COUNTA($C$9:$C$508),$CL508)))) | CO508: =IF(OR(ISNUMBER($CL508),$CL508=Constants!$B$7,$CL508=Constants!$B$5,$CL508=Constants!$B$6),1,0) -> 0 | CP508: 500 | CQ508: =IF(ISBLANK($C508),"",IF(ISNUMBER($CM508),$CM508+ROW($B508)/1000,"")) | CR508: =IF(ISNUMBER($CQ508),RANK($CQ508,$CQ$9:$CQ$508,1),"") | CS508: =IF(ISBLANK($C508),"",$B508) | CT508: =IF(ISBLANK($C508),"",$C508) | CU508: =IF(ISBLANK($C508),"",$D508) | CV508: =$CJ508 | CW508: =$CI508 | CX508: =IF(ISBLANK($C508),"",$CL508) | CY508: =IF($CP508>$CO$8,"",VLOOKUP($CP508,$CR$9:$CX$508,7,FALSE())) | CZ508: =IF($CP508>$CO$8,"",VLOOKUP($CP508,$CR$9:$CX$508,2,FALSE())) | DA508: =IF($CP508>$CO$8,"",VLOOKUP($CP508,$CR$9:$CX$508,3,FALSE())) | DB508: =IF($CP508>$CO$8,"",VLOOKUP($CP508,$CR$9:$CX$508,4,FALSE())) | DC508: =IF($CP508>$CO$8,"",VLOOKUP($CP508,$CR$9:$CX$508,5,FALSE())) | DD508: =IF($CP508>$CO$8,"",VLOOKUP($CP508,$CR$9:$CX$508,6,FALSE()))

Sheet Constants
A1: Name Desc | B1: Value
A2: =TRUE() -> TRUE | B2: T
A3: =FALSE() -> FALSE | B3: F
A4: Competed | B4: C
A5: Participated | B5: P
A6: No-Show | B6: NS
A7: Disqualified | B7: DQ
A8: Error | B8: ERR
A9: Tier 1 | B9: 1
A10: Tier 2 | B10: 2
A11: Tier 3 | B11: 3
A12: Device Height Limit (cm) | B12: 60
A13: Device Width Limit (cm) | B13: 30
A14: Device Length Limit (cm) | B14: 80
A15: Time Bonus/Penalty (pt/s) | B15: 5
A16: Elevator Score (pt each) | B16: 50
A17: Max Elevators | B17: 2
A18: Loop Score (pt/cm) | B18: 3
A19: Target Time Min (s) | B19: 30
A20: Target Time Max (s) | B20: 60

Sheet Export
A1: Team # | B1: School Name | C1: Team Name | D1: Status | E1: Score | F1: Tiebreaker | G1: Tier | H1: Points | I1: Rank
A2: =ExportRaw!$F2 -> 0 | B2: =ExportRaw!$C2 -> 0 | C2: =ExportRaw!$G2 -> 0 | D2: =ExportRaw!$E2 | E2: =ExportRaw!$D2 | F2: =ExportRaw!$H2 | G2: =ExportRaw!$I2 | H2: =ExportRaw!$A2 | I2: =ExportRaw!$B2
A3: =ExportRaw!$F3 -> 0 | B3: =ExportRaw!$C3 -> 0 | C3: =ExportRaw!$G3 -> 0 | D3: =ExportRaw!$E3 | E3: =ExportRaw!$D3 | F3: =ExportRaw!$H3 | G3: =ExportRaw!$I3 | H3: =ExportRaw!$A3 | I3: =ExportRaw!$B3
A4: =ExportRaw!$F4 -> 0 | B4: =ExportRaw!$C4 -> 0 | C4: =ExportRaw!$G4 -> 0 | D4: =ExportRaw!$E4 | E4: =ExportRaw!$D4 | F4: =ExportRaw!$H4 | G4: =ExportRaw!$I4 | H4: =ExportRaw!$A4 | I4: =ExportRaw!$B4
A5: =ExportRaw!$F5 -> 0 | B5: =ExportRaw!$C5 -> 0 | C5: =ExportRaw!$G5 -> 0 | D5: =ExportRaw!$E5 | E5: =ExportRaw!$D5 | F5: =ExportRaw!$H5 | G5: =ExportRaw!$I5 | H5: =ExportRaw!$A5 | I5: =ExportRaw!$B5
A6: =ExportRaw!$F6 -> 0 | B6: =ExportRaw!$C6 -> 0 | C6: =ExportRaw!$G6 -> 0 | D6: =ExportRaw!$E6 | E6: =ExportRaw!$D6 | F6: =ExportRaw!$H6 | G6: =ExportRaw!$I6 | H6: =ExportRaw!$A6 | I6: =ExportRaw!$B6
A7: =ExportRaw!$F7 -> 0 | B7: =ExportRaw!$C7 -> 0 | C7: =ExportRaw!$G7 -> 0 | D7: =ExportRaw!$E7 | E7: =ExportRaw!$D7 | F7: =ExportRaw!$H7 | G7: =ExportRaw!$I7 | H7: =ExportRaw!$A7 | I7: =ExportRaw!$B7
A8: =ExportRaw!$F8 -> 0 | B8: =ExportRaw!$C8 -> 0 | C8: =ExportRaw!$G8 -> 0 | D8: =ExportRaw!$E8 | E8: =ExportRaw!$D8 | F8: =ExportRaw!$H8 | G8: =ExportRaw!$I8 | H8: =ExportRaw!$A8 | I8: =ExportRaw!$B8
A9: =ExportRaw!$F9 -> 0 | B9: =ExportRaw!$C9 -> 0 | C9: =ExportRaw!$G9 -> 0 | D9: =ExportRaw!$E9 | E9: =ExportRaw!$D9 | F9: =ExportRaw!$H9 | G9: =ExportRaw!$I9 | H9: =ExportRaw!$A9 | I9: =ExportRaw!$B9
A10: =ExportRaw!$F10 -> 0 | B10: =ExportRaw!$C10 -> 0 | C10: =ExportRaw!$G10 -> 0 | D10: =ExportRaw!$E10 | E10: =ExportRaw!$D10 | F10: =ExportRaw!$H10 | G10: =ExportRaw!$I10 | H10: =ExportRaw!$A10 | I10: =ExportRaw!$B10
A11: =ExportRaw!$F11 -> 0 | B11: =ExportRaw!$C11 -> 0 | C11: =ExportRaw!$G11 -> 0 | D11: =ExportRaw!$E11 | E11: =ExportRaw!$D11 | F11: =ExportRaw!$H11 | G11: =ExportRaw!$I11 | H11: =ExportRaw!$A11 | I11: =ExportRaw!$B11
A12: =ExportRaw!$F12 -> 0 | B12: =ExportRaw!$C12 -> 0 | C12: =ExportRaw!$G12 -> 0 | D12: =ExportRaw!$E12 | E12: =ExportRaw!$D12 | F12: =ExportRaw!$H12 | G12: =ExportRaw!$I12 | H12: =ExportRaw!$A12 | I12: =ExportRaw!$B12
A13: =ExportRaw!$F13 -> 0 | B13: =ExportRaw!$C13 -> 0 | C13: =ExportRaw!$G13 -> 0 | D13: =ExportRaw!$E13 | E13: =ExportRaw!$D13 | F13: =ExportRaw!$H13 | G13: =ExportRaw!$I13 | H13: =ExportRaw!$A13 | I13: =ExportRaw!$B13
... A501: =ExportRaw!$F501 -> 0 | B501: =ExportRaw!$C501 -> 0 | C501: =ExportRaw!$G501 -> 0 | D501: =ExportRaw!$E501 | E501: =ExportRaw!$D501 | F501: =ExportRaw!$H501 | G501: =ExportRaw!$I501 | H501: =ExportRaw!$A501 | I501: =ExportRaw!$B501

Sheet Changelog
A1: Date | B1: Version # | C1: Change
A2: 46295 | B2: 0.1.0 | C2: First draft of 2027 scoresheet completed
A3: 46296 | B3: 1.0.0 | C3: First main release of scoresheet

Sheet Vers
A1: =IFERROR(__xludf.dummyfunction("importrange(""https://docs.google.com/spreadsheets/d/1YGauecgVr6IitrGDDrOCoTXY8ruNxlmFhmS5Oas2JUg/edit?gid=0#gid=0"",""Sheet1!A1:G18"")"),"Helicopter|B/C") -> Helicopter|B/C | B1: =IFERROR(__xludf.dummyfunction("""COMPUTED_VALUE"""),"Helicopter") -> Helicopter | C1: =IFERROR(__xludf.dummyfunction("""COMPUTED_VALUE"""),"B/C") -> B/C | D1: =IFERROR(__xludf.dummyfunction("""COMPUTED_VALUE"""),"0.6.1") -> 0.6.1 | E1: =IFERROR(__xludf.dummyfunction("""COMPUTED_VALUE"""),46077) -> 46077 | G1: =IFERROR(__xludf.dummyfunction("""COMPUTED_VALUE"""),"Ready") -> Ready
A2: =IFERROR(__xludf.dummyfunction("""COMPUTED_VALUE"""),"Mission Possible|B") -> Mission Possible|B | B2: =IFERROR(__xludf.dummyfunction("""COMPUTED_VALUE"""),"Mission Possible") -> Mission Possible | C2: =IFERROR(__xludf.dummyfunction("""COMPUTED_VALUE"""),"B") -> B | D2: =IFERROR(__xludf.dummyfunction("""COMPUTED_VALUE"""),"0.5.1") -> 0.5.1 | E2: =IFERROR(__xludf.dummyfunction("""COMPUTED_VALUE"""),46077) -> 46077 | G2: =IFERROR(__xludf.dummyfunction("""COMPUTED_VALUE"""),"Ready") -> Ready
A3: =IFERROR(__xludf.dummyfunction("""COMPUTED_VALUE"""),"Scrambler|B") -> Scrambler|B | B3: =IFERROR(__xludf.dummyfunction("""COMPUTED_VALUE"""),"Scrambler") -> Scrambler | C3: =IFERROR(__xludf.dummyfunction("""COMPUTED_VALUE"""),"B") -> B | D3: =IFERROR(__xludf.dummyfunction("""COMPUTED_VALUE"""),"0.4.1") -> 0.4.1 | E3: =IFERROR(__xludf.dummyfunction("""COMPUTED_VALUE"""),46077) -> 46077 | G3: =IFERROR(__xludf.dummyfunction("""COMPUTED_VALUE"""),"Ready") -> Ready
A4: =IFERROR(__xludf.dummyfunction("""COMPUTED_VALUE"""),"Bungee Drop|C") -> Bungee Drop|C | B4: =IFERROR(__xludf.dummyfunction("""COMPUTED_VALUE"""),"Bungee Drop") -> Bungee Drop | C4: =IFERROR(__xludf.dummyfunction("""COMPUTED_VALUE"""),"C") -> C | D4: =IFERROR(__xludf.dummyfunction("""COMPUTED_VALUE"""),"0.4.3") -> 0.4.3 | E4: =IFERROR(__xludf.dummyfunction("""COMPUTED_VALUE"""),46077) -> 46077 | G4: =IFERROR(__xludf.dummyfunction("""COMPUTED_VALUE"""),"Ready") -> Ready
A5: =IFERROR(__xludf.dummyfunction("""COMPUTED_VALUE"""),"Electric Vehicle|C") -> Electric Vehicle|C | B5: =IFERROR(__xludf.dummyfunction("""COMPUTED_VALUE"""),"Electric Vehicle") -> Electric Vehicle | C5: =IFERROR(__xludf.dummyfunction("""COMPUTED_VALUE"""),"C") -> C | D5: =IFERROR(__xludf.dummyfunction("""COMPUTED_VALUE"""),"0.8.0") -> 0.8.0 | E5: =IFERROR(__xludf.dummyfunction("""COMPUTED_VALUE"""),46047) -> 46047 | G5: =IFERROR(__xludf.dummyfunction("""COMPUTED_VALUE"""),"Ready") -> Ready
A6: =IFERROR(__xludf.dummyfunction("""COMPUTED_VALUE"""),"Robot Tour|C") -> Robot Tour|C | B6: =IFERROR(__xludf.dummyfunction("""COMPUTED_VALUE"""),"Robot Tour") -> Robot Tour | C6: =IFERROR(__xludf.dummyfunction("""COMPUTED_VALUE"""),"C") -> C | D6: =IFERROR(__xludf.dummyfunction("""COMPUTED_VALUE"""),"0.6.0") -> 0.6.0 | E6: =IFERROR(__xludf.dummyfunction("""COMPUTED_VALUE"""),46077) -> 46077 | G6: =IFERROR(__xludf.dummyfunction("""COMPUTED_VALUE"""),"Ready") -> Ready
A7: =IFERROR(__xludf.dummyfunction("""COMPUTED_VALUE"""),"Hovercraft|B/C") -> Hovercraft|B/C | B7: =IFERROR(__xludf.dummyfunction("""COMPUTED_VALUE"""),"Hovercraft") -> Hovercraft | C7: =IFERROR(__xludf.dummyfunction("""COMPUTED_VALUE"""),"B/C") -> B/C | D7: =IFERROR(__xludf.dummyfunction("""COMPUTED_VALUE"""),"0.5.3") -> 0.5.3 | E7: =IFERROR(__xludf.dummyfunction("""COMPUTED_VALUE"""),46055) -> 46055 | G7: =IFERROR(__xludf.dummyfunction("""COMPUTED_VALUE"""),"Ready") -> Ready
A8: =IFERROR(__xludf.dummyfunction("""COMPUTED_VALUE"""),"Boomilever|B/C") -> Boomilever|B/C | B8: =IFERROR(__xludf.dummyfunction("""COMPUTED_VALUE"""),"Boomilever") -> Boomilever | C8: =IFERROR(__xludf.dummyfunction("""COMPUTED_VALUE"""),"B/C") -> B/C | D8: =IFERROR(__xludf.dummyfunction("""COMPUTED_VALUE"""),"0.3.0") -> 0.3.0 | E8: =IFERROR(__xludf.dummyfunction("""COMPUTED_VALUE"""),46077) -> 46077 | G8: =IFERROR(__xludf.dummyfunction("""COMPUTED_VALUE"""),"Ready") -> Ready
A9: =IFERROR(__xludf.dummyfunction("""COMPUTED_VALUE"""),"Machines|B/C") -> Machines|B/C | B9: =IFERROR(__xludf.dummyfunction("""COMPUTED_VALUE"""),"Machines") -> Machines | C9: =IFERROR(__xludf.dummyfunction("""COMPUTED_VALUE"""),"B/C") -> B/C | D9: =IFERROR(__xludf.dummyfunction("""COMPUTED_VALUE"""),"0.4.0") -> 0.4.0 | E9: =IFERROR(__xludf.dummyfunction("""COMPUTED_VALUE"""),45996) -> 45996 | G9: =IFERROR(__xludf.dummyfunction("""COMPUTED_VALUE"""),"Ready") -> Ready
A10: =IFERROR(__xludf.dummyfunction("""COMPUTED_VALUE"""),"Engineering CAD|C") -> Engineering CAD|C | B10: =IFERROR(__xludf.dummyfunction("""COMPUTED_VALUE"""),"Engineering CAD") -> Engineering CAD | C10: =IFERROR(__xludf.dummyfunction("""COMPUTED_VALUE"""),"C") -> C | D10: =IFERROR(__xludf.dummyfunction("""COMPUTED_VALUE"""),"1.0.0") -> 1.0.0 | E10: =IFERROR(__xludf.dummyfunction("""COMPUTED_VALUE"""),46095) -> 46095 | G10: =IFERROR(__xludf.dummyfunction("""COMPUTED_VALUE"""),"Ready") -> Ready
A21: =IF(ISBLANK(B21),"",B21&"|"&C21)
A22: =IF(ISBLANK(B22),"",B22&"|"&C22)
A23: =IF(ISBLANK(B23),"",B23&"|"&C23)
A24: =IF(ISBLANK(B24),"",B24&"|"&C24)
A25: =IF(ISBLANK(B25),"",B25&"|"&C25)
A26: =IF(ISBLANK(B26),"",B26&"|"&C26)
A27: =IF(ISBLANK(B27),"",B27&"|"&C27)
A28: =IF(ISBLANK(B28),"",B28&"|"&C28)
A29: =IF(ISBLANK(B29),"",B29&"|"&C29)
A30: =IF(ISBLANK(B30),"",B30&"|"&C30)
A31: =IF(ISBLANK(B31),"",B31&"|"&C31)
A32: =IF(ISBLANK(B32),"",B32&"|"&C32)
... A1000: =IF(ISBLANK(B1000),"",B1000&"|"&C1000)

Sheet Info.
A1: Event | B1: Roller Coaster
A2: Last Updated | B2: 46296 | D2: Idx of first . | E2: Idx of second . | F2: Major Version | G2: Minor Version | H2: Minor Patch
A3: Version | B3: 1.0.0 | D3: =FIND(".",B3) -> 2 | E3: =FIND(".",B3,D3+1) -> 4 | F3: =LEFT(B3,D3-1) -> 1 | G3: =MID(B3,D3+1,E3-D3-1) -> 0 | H3: =RIGHT(B3,LEN(B3)-E3) -> 0
A4: Division | B4: B
A5: Year | B5: 2027
A6: VLook | B6: =B1&"|"&B4 -> Roller Coaster|B
A7: Latest Version | B7: 1.0.0 | D7: =FIND(".",B7) -> 2 | E7: =FIND(".",B7,D7+1) -> 4 | F7: =LEFT(B7,D7-1) -> 1 | G7: =MID(B7,D7+1,E7-D7-1) -> 0 | H7: =RIGHT(B7,LEN(B7)-E7) -> 0
A8: Outdated? | B8: =IF(CONCATENATE(F7,".",G7)=CONCATENATE(F3,".",G3),"F","T") -> F

Sheet Dropdowns
A1: Compliant | B1: Complete | C1: Points
A2: Incomplete | B2: Incomplete | C2: Rank
A3: Non-Compliant | B3: No Log | C3: School Name
A4: No Log | C4: Score
C5: Status
C6: Team #
C7: Team Name
C8: Tiebreaker
C9: Tier

Sheet ExportRaw
A1: Points | B1: Rank | C1: School Name | D1: Score | E1: Status | F1: Team # | G1: Team Name | H1: Tiebreaker | I1: Tier
A2: =Scoring!CM9 | B2: =Scoring!CL9 | C2: =Scoring!C9 -> 0 | D2: =Scoring!CI9 | E2: =Scoring!BL9 | F2: =Scoring!B9 -> 0 | G2: =Scoring!D9 -> 0 | H2: =Scoring!CK9 | I2: =Scoring!CJ9
A3: =Scoring!CM10 | B3: =Scoring!CL10 | C3: =Scoring!C10 -> 0 | D3: =Scoring!CI10 | E3: =Scoring!BL10 | F3: =Scoring!B10 -> 0 | G3: =Scoring!D10 -> 0 | H3: =Scoring!CK10 | I3: =Scoring!CJ10
A4: =Scoring!CM11 | B4: =Scoring!CL11 | C4: =Scoring!C11 -> 0 | D4: =Scoring!CI11 | E4: =Scoring!BL11 | F4: =Scoring!B11 -> 0 | G4: =Scoring!D11 -> 0 | H4: =Scoring!CK11 | I4: =Scoring!CJ11
A5: =Scoring!CM12 | B5: =Scoring!CL12 | C5: =Scoring!C12 -> 0 | D5: =Scoring!CI12 | E5: =Scoring!BL12 | F5: =Scoring!B12 -> 0 | G5: =Scoring!D12 -> 0 | H5: =Scoring!CK12 | I5: =Scoring!CJ12
A6: =Scoring!CM13 | B6: =Scoring!CL13 | C6: =Scoring!C13 -> 0 | D6: =Scoring!CI13 | E6: =Scoring!BL13 | F6: =Scoring!B13 -> 0 | G6: =Scoring!D13 -> 0 | H6: =Scoring!CK13 | I6: =Scoring!CJ13
A7: =Scoring!CM14 | B7: =Scoring!CL14 | C7: =Scoring!C14 -> 0 | D7: =Scoring!CI14 | E7: =Scoring!BL14 | F7: =Scoring!B14 -> 0 | G7: =Scoring!D14 -> 0 | H7: =Scoring!CK14 | I7: =Scoring!CJ14
A8: =Scoring!CM15 | B8: =Scoring!CL15 | C8: =Scoring!C15 -> 0 | D8: =Scoring!CI15 | E8: =Scoring!BL15 | F8: =Scoring!B15 -> 0 | G8: =Scoring!D15 -> 0 | H8: =Scoring!CK15 | I8: =Scoring!CJ15
A9: =Scoring!CM16 | B9: =Scoring!CL16 | C9: =Scoring!C16 -> 0 | D9: =Scoring!CI16 | E9: =Scoring!BL16 | F9: =Scoring!B16 -> 0 | G9: =Scoring!D16 -> 0 | H9: =Scoring!CK16 | I9: =Scoring!CJ16
A10: =Scoring!CM17 | B10: =Scoring!CL17 | C10: =Scoring!C17 -> 0 | D10: =Scoring!CI17 | E10: =Scoring!BL17 | F10: =Scoring!B17 -> 0 | G10: =Scoring!D17 -> 0 | H10: =Scoring!CK17 | I10: =Scoring!CJ17
A11: =Scoring!CM18 | B11: =Scoring!CL18 | C11: =Scoring!C18 -> 0 | D11: =Scoring!CI18 | E11: =Scoring!BL18 | F11: =Scoring!B18 -> 0 | G11: =Scoring!D18 -> 0 | H11: =Scoring!CK18 | I11: =Scoring!CJ18
A12: =Scoring!CM19 | B12: =Scoring!CL19 | C12: =Scoring!C19 -> 0 | D12: =Scoring!CI19 | E12: =Scoring!BL19 | F12: =Scoring!B19 -> 0 | G12: =Scoring!D19 -> 0 | H12: =Scoring!CK19 | I12: =Scoring!CJ19
A13: =Scoring!CM20 | B13: =Scoring!CL20 | C13: =Scoring!C20 -> 0 | D13: =Scoring!CI20 | E13: =Scoring!BL20 | F13: =Scoring!B20 -> 0 | G13: =Scoring!D20 -> 0 | H13: =Scoring!CK20 | I13: =Scoring!CJ20
... A501: =Scoring!CM508 | B501: =Scoring!CL508 | C501: =Scoring!C508 -> 0 | D501: =Scoring!CI508 | E501: =Scoring!BL508 | F501: =Scoring!B508 -> 0 | G501: =Scoring!D508 -> 0 | H501: =Scoring!CK508 | I501: =Scoring!CJ508
