Workbook

Sheet Scoring
B2: ='Info.'!B1&" "&'Info.'!B4 -> Electric Vehicle C | F2: Check-In | I2: Event Time | Y2: 21. Nats Only: Event Time Left (If Regional/State-level, leave blank) | AA2: 22. Disqualify (T/F) | AF2: Check In | AJ2: Run 1 | AR2: Run 2 | CR2: Breakdown | DE2: Rank for this team with row() bump | DF2: Rank for this team with same ranks split | DG2: Team Number of this team | DH2: Name of this schoo | DI2: Name of this team | DJ2: Tier for this Team | DK2: Score for this team | DL2: Actual Rank for this team | DM2: Final Rankings
E3: 1. Impounded (T/F) | F3: 2. No batteries containing lithium or lead (T/F) | G3: 3. Conforms to kit modification requirements (T/F) | H3: 4. Bottle Pusher Width (cm) | I3: Run 1 | Q3: Run 2 | AD3: Global: Target Time | AE3: Is valid Target Time? (copied as data validation script for D7) | AF3: =E3 -> 1. Impounded (T/F) | AG3: =F3 -> 2. No batteries containing lithium or lead (T/F) | AH3: =G3 -> 3. Conforms to kit modification requirements (T/F) | AI3: =H3 -> 4. Bottle Pusher Width (cm) | AJ3: =I4 -> 5. Met all const params (T/F) | AK3: =J4 -> 6. Met all comp params (T/F) | AL3: =K4 -> 7. Successful / Failed Run | AM3: =L4 -> 8. Run Time (s) | AN3: =M4 -> 9. Vehicle Distance (cm) | AO3: =N4 -> 10. Bottle past Target Pt & Moving Water Bottle Restrictions Upheld (T/F) | AP3: =O4 -> 11. Bottle Distance (cm) | AQ3: =P4 -> 12. Bottle Bonus (T/F) | ... AY3: =X4 -> 20. Bottle Bonus (T/F) | AZ3: =Y2 -> 21. Nats Only: Event Time Left (If Regional/State-level, leave blank) | BA3: =AA2 -> 22. Disqualify (T/F) | BB3: Run 1 | BL3: Scored Run | BM3: Run 2 | BY3: Final Score | CR3: Scored Run | CS3: Distance Score | CT3: Time Score | CU3: Bonus Score | CV3: Penalty Score | CW3: Score | CX3: Tier | CY3: Tiebreaker | CZ3: Rank | DA3: Points | DM3: Rank | DN3: Team # | DO3: School Name | DP3: Team Name | DQ3: Tier | DR3: Score
B4: ="Event Scoresheet - "&'Info.'!B5&IF('Info.'!B8="T"," The scoresheet has been updated; please download version v"&'Info.'!B7&" from soinc.org/scoresheets.","") -> Event Scoresheet - 2027 | I4: 5. Met all const params (T/F) | J4: 6. Met all comp params (T/F) | K4: 7. Successful / Failed Run | L4: 8. Run Time (s) | M4: 9. Vehicle Distance (cm) | N4: 10. Bottle past Target Pt & Moving Water Bottle Restrictions Upheld (T/F) | O4: 11. Bottle Distance (cm) | P4: 12. Bottle Bonus (T/F) | Q4: 13. Met all const params (T/F) | R4: 14. Met all comp params (T/F) | S4: 15. Successful / Failed Run | T4: 16. Run Time (s) | U4: 17. Vehicle Distance (cm) | V4: 18. Bottle past Target Pt & Moving Water Bottle Restrictions Upheld (T/F) | W4: 19. Bottle Distance (cm) | X4: 20. Bottle Bonus (T/F) | BB4: Run 1 Error | BC4: Distance Score | BD4: Time Score | BE4: Bottle Bonus | BF4: Pusher Bonus | BG4: Run Penalties | BH4: Run Score | BI4: Run 1 TB1: Distance Score | BJ4: Run 1 TB2: Time Score | BK4: Run 1 TB3: Vehicle Distance | BM4: Run 2 Error | BN4: Distance Score | BO4: Time Score | BP4: Bottle Bonus | BQ4: Pusher Bonus | BR4: Run Penalties | BS4: Run Score | BT4: Run 2 TB1: Distance Score | BU4: Run 2 TB2: Time Score | BV4: Run 2 TB3: Vehicle Distance
BW5: ERROR: Set Target Time in cell D7
B6: ="Last Updated: "&TEXT('Info.'!B2, "mm/dd/yyyy")&" (v"&'Info.'!B3&") Direct all questions to scoresheets@soinc.org." -> Last Updated: 09/26/2026 (v0.1.0) Direct all questions to scoresheets@soinc.org. | BW6: ERROR: Target Time in cell D7 must be a number
B7: Target Time (s): | CE7: Tiebreaks
B8: Team # | C8: School Name | D8: Team Name | Y8: Mins | Z8: Seconds | BW8: Target Time Error | BX8: Status | BY8: Tier | BZ8: Scored Run Score | CA8: Final Score Penalties | CB8: Event Time Bonus | CC8: Final Score | CD8: Rank | CE8: Dist Score of scored run (TB1) | CF8: TB1 Rank | CG8: Time Score of scored run (TB2) | CH8: TB2 Rank | CI8: Vehicle Dist of scored run (TB3) | CJ8: TB3 Rank | CK8: Bottle Pusher Opening (TB4) | CL8: TB4 Rank | CM8: Rank w/ TB | CN8: Rank Diff | CQ8: Errors | DC8: =SUM($DC$9:$DC$508) -> 0
AD9: =IF(ISNUMBER($D$7),$D$7,"") | AE9: =IF(ISBLANK($D$7), "", IF(NOT(ISNUMBER($D$7)), FALSE(), IF($D$7<Constants!$B$27, FALSE(), IF($D$7>Constants!$B$28, FALSE(), MOD($D$7,Constants!$B$29)=0 )))) | AF9: =IF(ISBLANK($C9),"",IF(E9=Constants!$B$2,TRUE(),IF(E9=Constants!$B$3,FALSE(),TRUE()))) | AG9: =IF(ISBLANK($C9),"",IF(F9=Constants!$B$2,TRUE(),IF(F9=Constants!$B$3,FALSE(),TRUE()))) | AH9: =IF(ISBLANK($C9),"",IF(G9=Constants!$B$2,TRUE(),IF(G9=Constants!$B$3,FALSE(),TRUE()))) | AI9: =IF(ISBLANK($C9),"",IF(AND(ISNUMBER(H9),H9>=0),H9,Constants!$B$24)) | AJ9: =IF(ISBLANK($C9),"",IF(I9=Constants!$B$2,TRUE(),IF(I9=Constants!$B$3,FALSE(),TRUE()))) | AK9: =IF(ISBLANK($C9),"",IF(J9=Constants!$B$2,TRUE(),IF(J9=Constants!$B$3,FALSE(),TRUE()))) | AL9: =IF(ISBLANK($C9),"",IF(K9=Constants!$B$4,TRUE(),IF(K9=Constants!$B$5,FALSE(),COUNTA(L9:P9)>0))) | AM9: =IF(ISBLANK($C9),"",IF(ISNUMBER(L9),IF(L9>=0,L9,""),"")) | AN9: =IF(ISBLANK($C9),"",IF(ISNUMBER(M9),IF(M9>=0,M9,""),"")) | AO9: =IF(ISBLANK($C9),"",IF(N9=Constants!$B$2,TRUE(),IF(N9=Constants!$B$3,FALSE(),TRUE()))) | AP9: =IF(ISBLANK($C9),"",IF(ISNUMBER(O9),IF(O9>=0,O9,""),"")) | AQ9: =IF(ISBLANK($C9),"",IF(P9=Constants!$B$2,TRUE(),IF(P9=Constants!$B$3,FALSE(),FALSE()))) | AR9: =IF(ISBLANK($C9),"",IF(Q9=Constants!$B$2,TRUE(),IF(Q9=Constants!$B$3,FALSE(),TRUE()))) | AS9: =IF(ISBLANK($C9),"",IF(R9=Constants!$B$2,TRUE(),IF(R9=Constants!$B$3,FALSE(),TRUE()))) | AT9: =IF(ISBLANK($C9),"",IF(S9=Constants!$B$4,TRUE(),IF(S9=Constants!$B$5,FALSE(),COUNTA(T9:X9)>0))) | AU9: =IF(ISBLANK($C9),"",IF(ISNUMBER(T9),IF(T9>=0,T9,""),"")) | AV9: =IF(ISBLANK($C9),"",IF(ISNUMBER(U9),IF(U9>=0,U9,""),"")) | AW9: =IF(ISBLANK($C9),"",IF(V9=Constants!$B$2,TRUE(),IF(V9=Constants!$B$3,FALSE(),TRUE()))) | AX9: =IF(ISBLANK($C9),"",IF(ISNUMBER(W9),IF(W9>=0,W9,""),"")) | AY9: =IF(ISBLANK($C9),"",IF(X9=Constants!$B$2,TRUE(),IF(X9=Constants!$B$3,FALSE(),FALSE()))) | AZ9: =IF(ISBLANK($C9),"",MIN(Constants!$B$25,MAX(0,IF(ISNUMBER(Y9),Y9*60,0)+IF(ISNUMBER(Z9),Z9,0)))) | BA9: =IF(ISBLANK($C9),"",IF(AA9=Constants!$B$2,TRUE(),IF(AA9=Constants!$B$3,FALSE(),FALSE()))) | BB9: =IF(ISBLANK($C9),"",AND($AL9,OR($AM9="",$AN9="",AND($AO9,$AP9="")))) | BC9: =IF($BX9<>Constants!$B$6,"",IF($AL9,Constants!$B$17*$AN9+Constants!$B$18*IF($AO9,$AP9,Constants!$B$19),Constants!$B$20)) | BD9: =IF($BX9<>Constants!$B$6,"",Constants!$B$21*ABS($AD$9-IF($AL9,$AM9,0))) | BE9: =IF($BX9<>Constants!$B$6,"",IF(AND($AL9,$AQ9,$AO9),Constants!$B$22,0)) | BF9: =IF($BX9<>Constants!$B$6,"",IF($AL9,($AI9-Constants!$B$24)*Constants!$B$23,0)) | BG9: =IF($BX9<>Constants!$B$6,"",IF($AK9,0,Constants!$B$12)+IF($AJ9,0,Constants!$B$13)+IF($AH9,0,Constants!$B$14)) | BH9: =IF($BX9<>Constants!$B$6,"",Constants!$B$16+SUM($BC9:$BG9)) | BI9: =IF($BX9<>Constants!$B$6,"",$BC9) | BJ9: =IF($BX9<>Constants!$B$6,"",$BD9) | BK9: =IF($BX9<>Constants!$B$6,"",IF($AL9,$AN9,"")) | BL9: =IF($BX9<>Constants!$B$6,"",IF(OR($BS9<$BH9,AND($BS9=$BH9,OR($BT9<$BI9,AND($BT9=$BI9,OR($BU9<$BJ9,AND($BU9=$BJ9,AND(ISNUMBER($BV9),OR(NOT(ISNUMBER($BK9)),$BV9<$BK9)))))))),"->","<-")) | BM9: =IF(ISBLANK($C9),"",AND($AT9,OR($AU9="",$AV9="",AND($AW9,$AX9="")))) | BN9: =IF($BX9<>Constants!$B$6,"",IF($AT9,Constants!$B$17*$AV9+Constants!$B$18*IF($AW9,$AX9,Constants!$B$19),Constants!$B$20)) | BO9: =IF($BX9<>Constants!$B$6,"",Constants!$B$21*ABS($AD$9-IF($AT9,$AU9,0))) | BP9: =IF($BX9<>Constants!$B$6,"",IF(AND($AT9,$AY9,$AW9),Constants!$B$22,0)) | BQ9: =IF($BX9<>Constants!$B$6,"",IF($AT9,($AI9-Constants!$B$24)*Constants!$B$23,0)) | BR9: =IF($BX9<>Constants!$B$6,"",IF($AS9,0,Constants!$B$12)+IF($AR9,0,Constants!$B$13)+IF($AH9,0,Constants!$B$14)) | BS9: =IF($BX9<>Constants!$B$6,"",Constants!$B$16+SUM($BN9:$BR9)) | BT9: =IF($BX9<>Constants!$B$6,"",$BN9) | BU9: =IF($BX9<>Constants!$B$6,"",$BO9) | BV9: =IF($BX9<>Constants!$B$6,"",IF($AT9,$AV9,"")) | BW9: =IF(ISBLANK($C9),"",IF(ISBLANK($D$7),$BW$5,IF(NOT(ISNUMBER($D$7)),$BW$6,""))) | BX9: =IF(ISBLANK($C9),"",IF($BA9,Constants!$B$9,IF(COUNTA($E9:$AA9)=0,Constants!$B$8,IF(NOT($AG9),Constants!$B$7,IF(OR($BW9<>"",$BB9,$BM9),Constants!$B$10,Constants!$B$6))))) | BY9: =IF(ISBLANK($C9),"",IF($BX9<>Constants!$B$6,$BX9,Constants!$B$11)) | BZ9: =IF($BX9<>Constants!$B$6,"",IF($BL9="->",$BS9,$BH9)) | CA9: =IF($BX9<>Constants!$B$6,"",IF($AF9,0,Constants!$B$15)) | CB9: =IF($BX9<>Constants!$B$6,"",((Constants!$B$25-$AZ9)-Constants!$B$25)/Constants!$B$26) | CC9: =IF(ISBLANK($C9),"",IF($BX9<>Constants!$B$6,$BX9,SUM($BZ9:$CB9))) | CD9: =IF(ISBLANK($C9),"",IF($BX9<>Constants!$B$6,$BX9,RANK($CC9,$CC$9:$CC$508,1))) | CE9: =IF($BX9<>Constants!$B$6,"",IF($BL9="->",$BT9,$BI9)) | CF9: =IF(ISBLANK($C9),"",IF($BX9<>Constants!$B$6,$BX9,IF(ISNUMBER($CE9),RANK($CE9,$CE$9:$CE$508,1),COUNT($CE$9:$CE$508)+1))) | CG9: =IF($BX9<>Constants!$B$6,"",IF($BL9="->",$BU9,$BJ9)) | CH9: =IF(ISBLANK($C9),"",IF($BX9<>Constants!$B$6,$BX9,IF(ISNUMBER($CG9),RANK($CG9,$CG$9:$CG$508,1),COUNT($CG$9:$CG$508)+1))) | CI9: =IF($BX9<>Constants!$B$6,"",IF($BL9="->",$BV9,$BK9)) | CJ9: =IF(ISBLANK($C9),"",IF($BX9<>Constants!$B$6,$BX9,IF(ISNUMBER($CI9),RANK($CI9,$CI$9:$CI$508,1),COUNT($CI$9:$CI$508)+1))) | CK9: =IF($BX9<>Constants!$B$6,"",$AI9) | CL9: =IF(ISBLANK($C9),"",IF($BX9<>Constants!$B$6,$BX9,IF(ISNUMBER($CK9),RANK($CK9,$CK$9:$CK$508,1),COUNT($CK$9:$CK$508)+1))) | CM9: =IF(ISBLANK($C9),"",IF($BX9<>Constants!$B$6,$BX9,COUNTIFS($CD$9:$CD$508,"<"&$CD9)+COUNTIFS($CD$9:$CD$508,$CD9,$CF$9:$CF$508,"<"&$CF9)+COUNTIFS($CD$9:$CD$508,$CD9,$CF$9:$CF$508,$CF9,$CH$9:$CH$508,"<"&$CH9)+COUNTIFS($CD$9:$CD$508,$CD9,$CF$9:$CF$508,$CF9,$CH$9:$CH$508,$CH9,$CJ$9:$CJ$508,"<"&$CJ9)+COUNTIFS($CD$9:$CD$508,$CD9,$CF$9:$CF$508,$CF9,$CH$9:$CH$508,$CH9,$CJ$9:$CJ$508,$CJ9,$CL$9:$CL$508,"<"&$CL9)+1)) | CN9: =IF(ISBLANK($C9),"",IF($BX9<>Constants!$B$6,$BX9,$CD9-$CM9)) | CQ9: =IF(ISBLANK($C9),"",IF($BX9=Constants!$B$10,$BW9,"")) | CR9: =IF(ISBLANK($C9),"",IF($BX9<>Constants!$B$6,"",IF($BL9="->",2,1))) | CS9: =IF(ISBLANK($C9),"",IF($BX9<>Constants!$B$6,"",IF($BL9="->",$BN9,$BC9))) | CT9: =IF(ISBLANK($C9),"",IF($BX9<>Constants!$B$6,"",IF($BL9="->",$BO9,$BD9))) | CU9: =IF(ISBLANK($C9),"",IF($BX9<>Constants!$B$6,"",IF($BL9="->",$BP9+$BQ9,$BE9+$BF9)+$CB9)) | CV9: =IF(ISBLANK($C9),"",IF($BX9<>Constants!$B$6,"",IF($BL9="->",$BR9,$BG9)+$CA9)) | CW9: =IF(ISBLANK($C9),"",IF($BX9<>Constants!$B$6,$BX9,$CC9)) | CX9: =IF(ISBLANK($C9),"",$BY9) | CY9: =IF(ISBLANK($C9),"",$CN9) | CZ9: =IF(ISBLANK($C9),"",$CM9) | DA9: =IF(ISBLANK($C9),"",IFERROR(_xlfn.SWITCH($CZ9,Constants!$B$9,COUNTA($C$9:$C$508)+2,Constants!$B$8,COUNTA($C$9:$C$508)+1,Constants!$B$7,COUNTA($C$9:$C$508)),$CZ9)) | DC9: =IF(OR(ISNUMBER($CZ9),$CZ9=Constants!$B$9,$CZ9=Constants!$B$7,$CZ9=Constants!$B$8),1,0) -> 0 | DD9: 1 | DE9: =IF(ISBLANK($C9),"",IF(ISNUMBER($DA9),$DA9+ROW($B9)/1000,"")) | DF9: =IF(ISNUMBER($DE9),RANK($DE9,$DE$9:$DE$508,1),"") | DG9: =IF(ISBLANK($C9),"",$B9) | DH9: =IF(ISBLANK($C9),"",$C9) | DI9: =IF(ISBLANK($C9),"",$D9) | DJ9: =$CX9 | DK9: =$CW9 | DL9: =IF(ISBLANK($C9),"",$CZ9) | DM9: =IF($DD9>$DC$8,"",VLOOKUP($DD9,$DF$9:$DL$508,7,FALSE())) | DN9: =IF($DD9>$DC$8,"",VLOOKUP($DD9,$DF$9:$DL$508,2,FALSE())) | DO9: =IF($DD9>$DC$8,"",VLOOKUP($DD9,$DF$9:$DL$508,3,FALSE())) | DP9: =IF($DD9>$DC$8,"",VLOOKUP($DD9,$DF$9:$DL$508,4,FALSE())) | DQ9: =IF($DD9>$DC$8,"",VLOOKUP($DD9,$DF$9:$DL$508,5,FALSE())) | DR9: =IF($DD9>$DC$8,"",VLOOKUP($DD9,$DF$9:$DL$508,6,FALSE()))
AF10: =IF(ISBLANK($C10),"",IF(E10=Constants!$B$2,TRUE(),IF(E10=Constants!$B$3,FALSE(),TRUE()))) | AG10: =IF(ISBLANK($C10),"",IF(F10=Constants!$B$2,TRUE(),IF(F10=Constants!$B$3,FALSE(),TRUE()))) | AH10: =IF(ISBLANK($C10),"",IF(G10=Constants!$B$2,TRUE(),IF(G10=Constants!$B$3,FALSE(),TRUE()))) | AI10: =IF(ISBLANK($C10),"",IF(AND(ISNUMBER(H10),H10>=0),H10,Constants!$B$24)) | AJ10: =IF(ISBLANK($C10),"",IF(I10=Constants!$B$2,TRUE(),IF(I10=Constants!$B$3,FALSE(),TRUE()))) | AK10: =IF(ISBLANK($C10),"",IF(J10=Constants!$B$2,TRUE(),IF(J10=Constants!$B$3,FALSE(),TRUE()))) | AL10: =IF(ISBLANK($C10),"",IF(K10=Constants!$B$4,TRUE(),IF(K10=Constants!$B$5,FALSE(),COUNTA(L10:P10)>0))) | AM10: =IF(ISBLANK($C10),"",IF(ISNUMBER(L10),IF(L10>=0,L10,""),"")) | AN10: =IF(ISBLANK($C10),"",IF(ISNUMBER(M10),IF(M10>=0,M10,""),"")) | AO10: =IF(ISBLANK($C10),"",IF(N10=Constants!$B$2,TRUE(),IF(N10=Constants!$B$3,FALSE(),TRUE()))) | AP10: =IF(ISBLANK($C10),"",IF(ISNUMBER(O10),IF(O10>=0,O10,""),"")) | AQ10: =IF(ISBLANK($C10),"",IF(P10=Constants!$B$2,TRUE(),IF(P10=Constants!$B$3,FALSE(),FALSE()))) | AR10: =IF(ISBLANK($C10),"",IF(Q10=Constants!$B$2,TRUE(),IF(Q10=Constants!$B$3,FALSE(),TRUE()))) | AS10: =IF(ISBLANK($C10),"",IF(R10=Constants!$B$2,TRUE(),IF(R10=Constants!$B$3,FALSE(),TRUE()))) | AT10: =IF(ISBLANK($C10),"",IF(S10=Constants!$B$4,TRUE(),IF(S10=Constants!$B$5,FALSE(),COUNTA(T10:X10)>0))) | AU10: =IF(ISBLANK($C10),"",IF(ISNUMBER(T10),IF(T10>=0,T10,""),"")) | AV10: =IF(ISBLANK($C10),"",IF(ISNUMBER(U10),IF(U10>=0,U10,""),"")) | AW10: =IF(ISBLANK($C10),"",IF(V10=Constants!$B$2,TRUE(),IF(V10=Constants!$B$3,FALSE(),TRUE()))) | AX10: =IF(ISBLANK($C10),"",IF(ISNUMBER(W10),IF(W10>=0,W10,""),"")) | AY10: =IF(ISBLANK($C10),"",IF(X10=Constants!$B$2,TRUE(),IF(X10=Constants!$B$3,FALSE(),FALSE()))) | AZ10: =IF(ISBLANK($C10),"",MIN(Constants!$B$25,MAX(0,IF(ISNUMBER(Y10),Y10*60,0)+IF(ISNUMBER(Z10),Z10,0)))) | BA10: =IF(ISBLANK($C10),"",IF(AA10=Constants!$B$2,TRUE(),IF(AA10=Constants!$B$3,FALSE(),FALSE()))) | BB10: =IF(ISBLANK($C10),"",AND($AL10,OR($AM10="",$AN10="",AND($AO10,$AP10="")))) | BC10: =IF($BX10<>Constants!$B$6,"",IF($AL10,Constants!$B$17*$AN10+Constants!$B$18*IF($AO10,$AP10,Constants!$B$19),Constants!$B$20)) | BD10: =IF($BX10<>Constants!$B$6,"",Constants!$B$21*ABS($AD$9-IF($AL10,$AM10,0))) | BE10: =IF($BX10<>Constants!$B$6,"",IF(AND($AL10,$AQ10,$AO10),Constants!$B$22,0)) | BF10: =IF($BX10<>Constants!$B$6,"",IF($AL10,($AI10-Constants!$B$24)*Constants!$B$23,0)) | BG10: =IF($BX10<>Constants!$B$6,"",IF($AK10,0,Constants!$B$12)+IF($AJ10,0,Constants!$B$13)+IF($AH10,0,Constants!$B$14)) | BH10: =IF($BX10<>Constants!$B$6,"",Constants!$B$16+SUM($BC10:$BG10)) | BI10: =IF($BX10<>Constants!$B$6,"",$BC10) | BJ10: =IF($BX10<>Constants!$B$6,"",$BD10) | BK10: =IF($BX10<>Constants!$B$6,"",IF($AL10,$AN10,"")) | BL10: =IF($BX10<>Constants!$B$6,"",IF(OR($BS10<$BH10,AND($BS10=$BH10,OR($BT10<$BI10,AND($BT10=$BI10,OR($BU10<$BJ10,AND($BU10=$BJ10,AND(ISNUMBER($BV10),OR(NOT(ISNUMBER($BK10)),$BV10<$BK10)))))))),"->","<-")) | BM10: =IF(ISBLANK($C10),"",AND($AT10,OR($AU10="",$AV10="",AND($AW10,$AX10="")))) | BN10: =IF($BX10<>Constants!$B$6,"",IF($AT10,Constants!$B$17*$AV10+Constants!$B$18*IF($AW10,$AX10,Constants!$B$19),Constants!$B$20)) | BO10: =IF($BX10<>Constants!$B$6,"",Constants!$B$21*ABS($AD$9-IF($AT10,$AU10,0))) | BP10: =IF($BX10<>Constants!$B$6,"",IF(AND($AT10,$AY10,$AW10),Constants!$B$22,0)) | BQ10: =IF($BX10<>Constants!$B$6,"",IF($AT10,($AI10-Constants!$B$24)*Constants!$B$23,0)) | BR10: =IF($BX10<>Constants!$B$6,"",IF($AS10,0,Constants!$B$12)+IF($AR10,0,Constants!$B$13)+IF($AH10,0,Constants!$B$14)) | BS10: =IF($BX10<>Constants!$B$6,"",Constants!$B$16+SUM($BN10:$BR10)) | BT10: =IF($BX10<>Constants!$B$6,"",$BN10) | BU10: =IF($BX10<>Constants!$B$6,"",$BO10) | BV10: =IF($BX10<>Constants!$B$6,"",IF($AT10,$AV10,"")) | BW10: =IF(ISBLANK($C10),"",IF(ISBLANK($D$7),$BW$5,IF(NOT(ISNUMBER($D$7)),$BW$6,""))) | BX10: =IF(ISBLANK($C10),"",IF($BA10,Constants!$B$9,IF(COUNTA($E10:$AA10)=0,Constants!$B$8,IF(NOT($AG10),Constants!$B$7,IF(OR($BW10<>"",$BB10,$BM10),Constants!$B$10,Constants!$B$6))))) | BY10: =IF(ISBLANK($C10),"",IF($BX10<>Constants!$B$6,$BX10,Constants!$B$11)) | BZ10: =IF($BX10<>Constants!$B$6,"",IF($BL10="->",$BS10,$BH10)) | CA10: =IF($BX10<>Constants!$B$6,"",IF($AF10,0,Constants!$B$15)) | CB10: =IF($BX10<>Constants!$B$6,"",((Constants!$B$25-$AZ10)-Constants!$B$25)/Constants!$B$26) | CC10: =IF(ISBLANK($C10),"",IF($BX10<>Constants!$B$6,$BX10,SUM($BZ10:$CB10))) | CD10: =IF(ISBLANK($C10),"",IF($BX10<>Constants!$B$6,$BX10,RANK($CC10,$CC$9:$CC$508,1))) | CE10: =IF($BX10<>Constants!$B$6,"",IF($BL10="->",$BT10,$BI10)) | CF10: =IF(ISBLANK($C10),"",IF($BX10<>Constants!$B$6,$BX10,IF(ISNUMBER($CE10),RANK($CE10,$CE$9:$CE$508,1),COUNT($CE$9:$CE$508)+1))) | CG10: =IF($BX10<>Constants!$B$6,"",IF($BL10="->",$BU10,$BJ10)) | CH10: =IF(ISBLANK($C10),"",IF($BX10<>Constants!$B$6,$BX10,IF(ISNUMBER($CG10),RANK($CG10,$CG$9:$CG$508,1),COUNT($CG$9:$CG$508)+1))) | CI10: =IF($BX10<>Constants!$B$6,"",IF($BL10="->",$BV10,$BK10)) | CJ10: =IF(ISBLANK($C10),"",IF($BX10<>Constants!$B$6,$BX10,IF(ISNUMBER($CI10),RANK($CI10,$CI$9:$CI$508,1),COUNT($CI$9:$CI$508)+1))) | CK10: =IF($BX10<>Constants!$B$6,"",$AI10) | CL10: =IF(ISBLANK($C10),"",IF($BX10<>Constants!$B$6,$BX10,IF(ISNUMBER($CK10),RANK($CK10,$CK$9:$CK$508,1),COUNT($CK$9:$CK$508)+1))) | CM10: =IF(ISBLANK($C10),"",IF($BX10<>Constants!$B$6,$BX10,COUNTIFS($CD$9:$CD$508,"<"&$CD10)+COUNTIFS($CD$9:$CD$508,$CD10,$CF$9:$CF$508,"<"&$CF10)+COUNTIFS($CD$9:$CD$508,$CD10,$CF$9:$CF$508,$CF10,$CH$9:$CH$508,"<"&$CH10)+COUNTIFS($CD$9:$CD$508,$CD10,$CF$9:$CF$508,$CF10,$CH$9:$CH$508,$CH10,$CJ$9:$CJ$508,"<"&$CJ10)+COUNTIFS($CD$9:$CD$508,$CD10,$CF$9:$CF$508,$CF10,$CH$9:$CH$508,$CH10,$CJ$9:$CJ$508,$CJ10,$CL$9:$CL$508,"<"&$CL10)+1)) | CN10: =IF(ISBLANK($C10),"",IF($BX10<>Constants!$B$6,$BX10,$CD10-$CM10)) | CQ10: =IF(ISBLANK($C10),"",IF($BX10=Constants!$B$10,$BW10,"")) | CR10: =IF(ISBLANK($C10),"",IF($BX10<>Constants!$B$6,"",IF($BL10="->",2,1))) | CS10: =IF(ISBLANK($C10),"",IF($BX10<>Constants!$B$6,"",IF($BL10="->",$BN10,$BC10))) | CT10: =IF(ISBLANK($C10),"",IF($BX10<>Constants!$B$6,"",IF($BL10="->",$BO10,$BD10))) | CU10: =IF(ISBLANK($C10),"",IF($BX10<>Constants!$B$6,"",IF($BL10="->",$BP10+$BQ10,$BE10+$BF10)+$CB10)) | CV10: =IF(ISBLANK($C10),"",IF($BX10<>Constants!$B$6,"",IF($BL10="->",$BR10,$BG10)+$CA10)) | CW10: =IF(ISBLANK($C10),"",IF($BX10<>Constants!$B$6,$BX10,$CC10)) | CX10: =IF(ISBLANK($C10),"",$BY10) | CY10: =IF(ISBLANK($C10),"",$CN10) | CZ10: =IF(ISBLANK($C10),"",$CM10) | DA10: =IF(ISBLANK($C10),"",IFERROR(_xlfn.SWITCH($CZ10,Constants!$B$9,COUNTA($C$9:$C$508)+2,Constants!$B$8,COUNTA($C$9:$C$508)+1,Constants!$B$7,COUNTA($C$9:$C$508)),$CZ10)) | DC10: =IF(OR(ISNUMBER($CZ10),$CZ10=Constants!$B$9,$CZ10=Constants!$B$7,$CZ10=Constants!$B$8),1,0) -> 0 | DD10: 2 | DE10: =IF(ISBLANK($C10),"",IF(ISNUMBER($DA10),$DA10+ROW($B10)/1000,"")) | DF10: =IF(ISNUMBER($DE10),RANK($DE10,$DE$9:$DE$508,1),"") | DG10: =IF(ISBLANK($C10),"",$B10) | DH10: =IF(ISBLANK($C10),"",$C10) | DI10: =IF(ISBLANK($C10),"",$D10) | DJ10: =$CX10 | DK10: =$CW10 | DL10: =IF(ISBLANK($C10),"",$CZ10) | DM10: =IF($DD10>$DC$8,"",VLOOKUP($DD10,$DF$9:$DL$508,7,FALSE())) | DN10: =IF($DD10>$DC$8,"",VLOOKUP($DD10,$DF$9:$DL$508,2,FALSE())) | DO10: =IF($DD10>$DC$8,"",VLOOKUP($DD10,$DF$9:$DL$508,3,FALSE())) | DP10: =IF($DD10>$DC$8,"",VLOOKUP($DD10,$DF$9:$DL$508,4,FALSE())) | DQ10: =IF($DD10>$DC$8,"",VLOOKUP($DD10,$DF$9:$DL$508,5,FALSE())) | DR10: =IF($DD10>$DC$8,"",VLOOKUP($DD10,$DF$9:$DL$508,6,FALSE()))
AF11: =IF(ISBLANK($C11),"",IF(E11=Constants!$B$2,TRUE(),IF(E11=Constants!$B$3,FALSE(),TRUE()))) | AG11: =IF(ISBLANK($C11),"",IF(F11=Constants!$B$2,TRUE(),IF(F11=Constants!$B$3,FALSE(),TRUE()))) | AH11: =IF(ISBLANK($C11),"",IF(G11=Constants!$B$2,TRUE(),IF(G11=Constants!$B$3,FALSE(),TRUE()))) | AI11: =IF(ISBLANK($C11),"",IF(AND(ISNUMBER(H11),H11>=0),H11,Constants!$B$24)) | AJ11: =IF(ISBLANK($C11),"",IF(I11=Constants!$B$2,TRUE(),IF(I11=Constants!$B$3,FALSE(),TRUE()))) | AK11: =IF(ISBLANK($C11),"",IF(J11=Constants!$B$2,TRUE(),IF(J11=Constants!$B$3,FALSE(),TRUE()))) | AL11: =IF(ISBLANK($C11),"",IF(K11=Constants!$B$4,TRUE(),IF(K11=Constants!$B$5,FALSE(),COUNTA(L11:P11)>0))) | AM11: =IF(ISBLANK($C11),"",IF(ISNUMBER(L11),IF(L11>=0,L11,""),"")) | AN11: =IF(ISBLANK($C11),"",IF(ISNUMBER(M11),IF(M11>=0,M11,""),"")) | AO11: =IF(ISBLANK($C11),"",IF(N11=Constants!$B$2,TRUE(),IF(N11=Constants!$B$3,FALSE(),TRUE()))) | AP11: =IF(ISBLANK($C11),"",IF(ISNUMBER(O11),IF(O11>=0,O11,""),"")) | AQ11: =IF(ISBLANK($C11),"",IF(P11=Constants!$B$2,TRUE(),IF(P11=Constants!$B$3,FALSE(),FALSE()))) | AR11: =IF(ISBLANK($C11),"",IF(Q11=Constants!$B$2,TRUE(),IF(Q11=Constants!$B$3,FALSE(),TRUE()))) | AS11: =IF(ISBLANK($C11),"",IF(R11=Constants!$B$2,TRUE(),IF(R11=Constants!$B$3,FALSE(),TRUE()))) | AT11: =IF(ISBLANK($C11),"",IF(S11=Constants!$B$4,TRUE(),IF(S11=Constants!$B$5,FALSE(),COUNTA(T11:X11)>0))) | AU11: =IF(ISBLANK($C11),"",IF(ISNUMBER(T11),IF(T11>=0,T11,""),"")) | AV11: =IF(ISBLANK($C11),"",IF(ISNUMBER(U11),IF(U11>=0,U11,""),"")) | AW11: =IF(ISBLANK($C11),"",IF(V11=Constants!$B$2,TRUE(),IF(V11=Constants!$B$3,FALSE(),TRUE()))) | AX11: =IF(ISBLANK($C11),"",IF(ISNUMBER(W11),IF(W11>=0,W11,""),"")) | AY11: =IF(ISBLANK($C11),"",IF(X11=Constants!$B$2,TRUE(),IF(X11=Constants!$B$3,FALSE(),FALSE()))) | AZ11: =IF(ISBLANK($C11),"",MIN(Constants!$B$25,MAX(0,IF(ISNUMBER(Y11),Y11*60,0)+IF(ISNUMBER(Z11),Z11,0)))) | BA11: =IF(ISBLANK($C11),"",IF(AA11=Constants!$B$2,TRUE(),IF(AA11=Constants!$B$3,FALSE(),FALSE()))) | BB11: =IF(ISBLANK($C11),"",AND($AL11,OR($AM11="",$AN11="",AND($AO11,$AP11="")))) | BC11: =IF($BX11<>Constants!$B$6,"",IF($AL11,Constants!$B$17*$AN11+Constants!$B$18*IF($AO11,$AP11,Constants!$B$19),Constants!$B$20)) | BD11: =IF($BX11<>Constants!$B$6,"",Constants!$B$21*ABS($AD$9-IF($AL11,$AM11,0))) | BE11: =IF($BX11<>Constants!$B$6,"",IF(AND($AL11,$AQ11,$AO11),Constants!$B$22,0)) | BF11: =IF($BX11<>Constants!$B$6,"",IF($AL11,($AI11-Constants!$B$24)*Constants!$B$23,0)) | BG11: =IF($BX11<>Constants!$B$6,"",IF($AK11,0,Constants!$B$12)+IF($AJ11,0,Constants!$B$13)+IF($AH11,0,Constants!$B$14)) | BH11: =IF($BX11<>Constants!$B$6,"",Constants!$B$16+SUM($BC11:$BG11)) | BI11: =IF($BX11<>Constants!$B$6,"",$BC11) | BJ11: =IF($BX11<>Constants!$B$6,"",$BD11) | BK11: =IF($BX11<>Constants!$B$6,"",IF($AL11,$AN11,"")) | BL11: =IF($BX11<>Constants!$B$6,"",IF(OR($BS11<$BH11,AND($BS11=$BH11,OR($BT11<$BI11,AND($BT11=$BI11,OR($BU11<$BJ11,AND($BU11=$BJ11,AND(ISNUMBER($BV11),OR(NOT(ISNUMBER($BK11)),$BV11<$BK11)))))))),"->","<-")) | BM11: =IF(ISBLANK($C11),"",AND($AT11,OR($AU11="",$AV11="",AND($AW11,$AX11="")))) | BN11: =IF($BX11<>Constants!$B$6,"",IF($AT11,Constants!$B$17*$AV11+Constants!$B$18*IF($AW11,$AX11,Constants!$B$19),Constants!$B$20)) | BO11: =IF($BX11<>Constants!$B$6,"",Constants!$B$21*ABS($AD$9-IF($AT11,$AU11,0))) | BP11: =IF($BX11<>Constants!$B$6,"",IF(AND($AT11,$AY11,$AW11),Constants!$B$22,0)) | BQ11: =IF($BX11<>Constants!$B$6,"",IF($AT11,($AI11-Constants!$B$24)*Constants!$B$23,0)) | BR11: =IF($BX11<>Constants!$B$6,"",IF($AS11,0,Constants!$B$12)+IF($AR11,0,Constants!$B$13)+IF($AH11,0,Constants!$B$14)) | BS11: =IF($BX11<>Constants!$B$6,"",Constants!$B$16+SUM($BN11:$BR11)) | BT11: =IF($BX11<>Constants!$B$6,"",$BN11) | BU11: =IF($BX11<>Constants!$B$6,"",$BO11) | BV11: =IF($BX11<>Constants!$B$6,"",IF($AT11,$AV11,"")) | BW11: =IF(ISBLANK($C11),"",IF(ISBLANK($D$7),$BW$5,IF(NOT(ISNUMBER($D$7)),$BW$6,""))) | BX11: =IF(ISBLANK($C11),"",IF($BA11,Constants!$B$9,IF(COUNTA($E11:$AA11)=0,Constants!$B$8,IF(NOT($AG11),Constants!$B$7,IF(OR($BW11<>"",$BB11,$BM11),Constants!$B$10,Constants!$B$6))))) | BY11: =IF(ISBLANK($C11),"",IF($BX11<>Constants!$B$6,$BX11,Constants!$B$11)) | BZ11: =IF($BX11<>Constants!$B$6,"",IF($BL11="->",$BS11,$BH11)) | CA11: =IF($BX11<>Constants!$B$6,"",IF($AF11,0,Constants!$B$15)) | CB11: =IF($BX11<>Constants!$B$6,"",((Constants!$B$25-$AZ11)-Constants!$B$25)/Constants!$B$26) | CC11: =IF(ISBLANK($C11),"",IF($BX11<>Constants!$B$6,$BX11,SUM($BZ11:$CB11))) | CD11: =IF(ISBLANK($C11),"",IF($BX11<>Constants!$B$6,$BX11,RANK($CC11,$CC$9:$CC$508,1))) | CE11: =IF($BX11<>Constants!$B$6,"",IF($BL11="->",$BT11,$BI11)) | CF11: =IF(ISBLANK($C11),"",IF($BX11<>Constants!$B$6,$BX11,IF(ISNUMBER($CE11),RANK($CE11,$CE$9:$CE$508,1),COUNT($CE$9:$CE$508)+1))) | CG11: =IF($BX11<>Constants!$B$6,"",IF($BL11="->",$BU11,$BJ11)) | CH11: =IF(ISBLANK($C11),"",IF($BX11<>Constants!$B$6,$BX11,IF(ISNUMBER($CG11),RANK($CG11,$CG$9:$CG$508,1),COUNT($CG$9:$CG$508)+1))) | CI11: =IF($BX11<>Constants!$B$6,"",IF($BL11="->",$BV11,$BK11)) | CJ11: =IF(ISBLANK($C11),"",IF($BX11<>Constants!$B$6,$BX11,IF(ISNUMBER($CI11),RANK($CI11,$CI$9:$CI$508,1),COUNT($CI$9:$CI$508)+1))) | CK11: =IF($BX11<>Constants!$B$6,"",$AI11) | CL11: =IF(ISBLANK($C11),"",IF($BX11<>Constants!$B$6,$BX11,IF(ISNUMBER($CK11),RANK($CK11,$CK$9:$CK$508,1),COUNT($CK$9:$CK$508)+1))) | CM11: =IF(ISBLANK($C11),"",IF($BX11<>Constants!$B$6,$BX11,COUNTIFS($CD$9:$CD$508,"<"&$CD11)+COUNTIFS($CD$9:$CD$508,$CD11,$CF$9:$CF$508,"<"&$CF11)+COUNTIFS($CD$9:$CD$508,$CD11,$CF$9:$CF$508,$CF11,$CH$9:$CH$508,"<"&$CH11)+COUNTIFS($CD$9:$CD$508,$CD11,$CF$9:$CF$508,$CF11,$CH$9:$CH$508,$CH11,$CJ$9:$CJ$508,"<"&$CJ11)+COUNTIFS($CD$9:$CD$508,$CD11,$CF$9:$CF$508,$CF11,$CH$9:$CH$508,$CH11,$CJ$9:$CJ$508,$CJ11,$CL$9:$CL$508,"<"&$CL11)+1)) | CN11: =IF(ISBLANK($C11),"",IF($BX11<>Constants!$B$6,$BX11,$CD11-$CM11)) | CQ11: =IF(ISBLANK($C11),"",IF($BX11=Constants!$B$10,$BW11,"")) | CR11: =IF(ISBLANK($C11),"",IF($BX11<>Constants!$B$6,"",IF($BL11="->",2,1))) | CS11: =IF(ISBLANK($C11),"",IF($BX11<>Constants!$B$6,"",IF($BL11="->",$BN11,$BC11))) | CT11: =IF(ISBLANK($C11),"",IF($BX11<>Constants!$B$6,"",IF($BL11="->",$BO11,$BD11))) | CU11: =IF(ISBLANK($C11),"",IF($BX11<>Constants!$B$6,"",IF($BL11="->",$BP11+$BQ11,$BE11+$BF11)+$CB11)) | CV11: =IF(ISBLANK($C11),"",IF($BX11<>Constants!$B$6,"",IF($BL11="->",$BR11,$BG11)+$CA11)) | CW11: =IF(ISBLANK($C11),"",IF($BX11<>Constants!$B$6,$BX11,$CC11)) | CX11: =IF(ISBLANK($C11),"",$BY11) | CY11: =IF(ISBLANK($C11),"",$CN11) | CZ11: =IF(ISBLANK($C11),"",$CM11) | DA11: =IF(ISBLANK($C11),"",IFERROR(_xlfn.SWITCH($CZ11,Constants!$B$9,COUNTA($C$9:$C$508)+2,Constants!$B$8,COUNTA($C$9:$C$508)+1,Constants!$B$7,COUNTA($C$9:$C$508)),$CZ11)) | DC11: =IF(OR(ISNUMBER($CZ11),$CZ11=Constants!$B$9,$CZ11=Constants!$B$7,$CZ11=Constants!$B$8),1,0) -> 0 | DD11: 3 | DE11: =IF(ISBLANK($C11),"",IF(ISNUMBER($DA11),$DA11+ROW($B11)/1000,"")) | DF11: =IF(ISNUMBER($DE11),RANK($DE11,$DE$9:$DE$508,1),"") | DG11: =IF(ISBLANK($C11),"",$B11) | DH11: =IF(ISBLANK($C11),"",$C11) | DI11: =IF(ISBLANK($C11),"",$D11) | DJ11: =$CX11 | DK11: =$CW11 | DL11: =IF(ISBLANK($C11),"",$CZ11) | DM11: =IF($DD11>$DC$8,"",VLOOKUP($DD11,$DF$9:$DL$508,7,FALSE())) | DN11: =IF($DD11>$DC$8,"",VLOOKUP($DD11,$DF$9:$DL$508,2,FALSE())) | DO11: =IF($DD11>$DC$8,"",VLOOKUP($DD11,$DF$9:$DL$508,3,FALSE())) | DP11: =IF($DD11>$DC$8,"",VLOOKUP($DD11,$DF$9:$DL$508,4,FALSE())) | DQ11: =IF($DD11>$DC$8,"",VLOOKUP($DD11,$DF$9:$DL$508,5,FALSE())) | DR11: =IF($DD11>$DC$8,"",VLOOKUP($DD11,$DF$9:$DL$508,6,FALSE()))
AF12: =IF(ISBLANK($C12),"",IF(E12=Constants!$B$2,TRUE(),IF(E12=Constants!$B$3,FALSE(),TRUE()))) | AG12: =IF(ISBLANK($C12),"",IF(F12=Constants!$B$2,TRUE(),IF(F12=Constants!$B$3,FALSE(),TRUE()))) | AH12: =IF(ISBLANK($C12),"",IF(G12=Constants!$B$2,TRUE(),IF(G12=Constants!$B$3,FALSE(),TRUE()))) | AI12: =IF(ISBLANK($C12),"",IF(AND(ISNUMBER(H12),H12>=0),H12,Constants!$B$24)) | AJ12: =IF(ISBLANK($C12),"",IF(I12=Constants!$B$2,TRUE(),IF(I12=Constants!$B$3,FALSE(),TRUE()))) | AK12: =IF(ISBLANK($C12),"",IF(J12=Constants!$B$2,TRUE(),IF(J12=Constants!$B$3,FALSE(),TRUE()))) | AL12: =IF(ISBLANK($C12),"",IF(K12=Constants!$B$4,TRUE(),IF(K12=Constants!$B$5,FALSE(),COUNTA(L12:P12)>0))) | AM12: =IF(ISBLANK($C12),"",IF(ISNUMBER(L12),IF(L12>=0,L12,""),"")) | AN12: =IF(ISBLANK($C12),"",IF(ISNUMBER(M12),IF(M12>=0,M12,""),"")) | AO12: =IF(ISBLANK($C12),"",IF(N12=Constants!$B$2,TRUE(),IF(N12=Constants!$B$3,FALSE(),TRUE()))) | AP12: =IF(ISBLANK($C12),"",IF(ISNUMBER(O12),IF(O12>=0,O12,""),"")) | AQ12: =IF(ISBLANK($C12),"",IF(P12=Constants!$B$2,TRUE(),IF(P12=Constants!$B$3,FALSE(),FALSE()))) | AR12: =IF(ISBLANK($C12),"",IF(Q12=Constants!$B$2,TRUE(),IF(Q12=Constants!$B$3,FALSE(),TRUE()))) | AS12: =IF(ISBLANK($C12),"",IF(R12=Constants!$B$2,TRUE(),IF(R12=Constants!$B$3,FALSE(),TRUE()))) | AT12: =IF(ISBLANK($C12),"",IF(S12=Constants!$B$4,TRUE(),IF(S12=Constants!$B$5,FALSE(),COUNTA(T12:X12)>0))) | AU12: =IF(ISBLANK($C12),"",IF(ISNUMBER(T12),IF(T12>=0,T12,""),"")) | AV12: =IF(ISBLANK($C12),"",IF(ISNUMBER(U12),IF(U12>=0,U12,""),"")) | AW12: =IF(ISBLANK($C12),"",IF(V12=Constants!$B$2,TRUE(),IF(V12=Constants!$B$3,FALSE(),TRUE()))) | AX12: =IF(ISBLANK($C12),"",IF(ISNUMBER(W12),IF(W12>=0,W12,""),"")) | AY12: =IF(ISBLANK($C12),"",IF(X12=Constants!$B$2,TRUE(),IF(X12=Constants!$B$3,FALSE(),FALSE()))) | AZ12: =IF(ISBLANK($C12),"",MIN(Constants!$B$25,MAX(0,IF(ISNUMBER(Y12),Y12*60,0)+IF(ISNUMBER(Z12),Z12,0)))) | BA12: =IF(ISBLANK($C12),"",IF(AA12=Constants!$B$2,TRUE(),IF(AA12=Constants!$B$3,FALSE(),FALSE()))) | BB12: =IF(ISBLANK($C12),"",AND($AL12,OR($AM12="",$AN12="",AND($AO12,$AP12="")))) | BC12: =IF($BX12<>Constants!$B$6,"",IF($AL12,Constants!$B$17*$AN12+Constants!$B$18*IF($AO12,$AP12,Constants!$B$19),Constants!$B$20)) | BD12: =IF($BX12<>Constants!$B$6,"",Constants!$B$21*ABS($AD$9-IF($AL12,$AM12,0))) | BE12: =IF($BX12<>Constants!$B$6,"",IF(AND($AL12,$AQ12,$AO12),Constants!$B$22,0)) | BF12: =IF($BX12<>Constants!$B$6,"",IF($AL12,($AI12-Constants!$B$24)*Constants!$B$23,0)) | BG12: =IF($BX12<>Constants!$B$6,"",IF($AK12,0,Constants!$B$12)+IF($AJ12,0,Constants!$B$13)+IF($AH12,0,Constants!$B$14)) | BH12: =IF($BX12<>Constants!$B$6,"",Constants!$B$16+SUM($BC12:$BG12)) | BI12: =IF($BX12<>Constants!$B$6,"",$BC12) | BJ12: =IF($BX12<>Constants!$B$6,"",$BD12) | BK12: =IF($BX12<>Constants!$B$6,"",IF($AL12,$AN12,"")) | BL12: =IF($BX12<>Constants!$B$6,"",IF(OR($BS12<$BH12,AND($BS12=$BH12,OR($BT12<$BI12,AND($BT12=$BI12,OR($BU12<$BJ12,AND($BU12=$BJ12,AND(ISNUMBER($BV12),OR(NOT(ISNUMBER($BK12)),$BV12<$BK12)))))))),"->","<-")) | BM12: =IF(ISBLANK($C12),"",AND($AT12,OR($AU12="",$AV12="",AND($AW12,$AX12="")))) | BN12: =IF($BX12<>Constants!$B$6,"",IF($AT12,Constants!$B$17*$AV12+Constants!$B$18*IF($AW12,$AX12,Constants!$B$19),Constants!$B$20)) | BO12: =IF($BX12<>Constants!$B$6,"",Constants!$B$21*ABS($AD$9-IF($AT12,$AU12,0))) | BP12: =IF($BX12<>Constants!$B$6,"",IF(AND($AT12,$AY12,$AW12),Constants!$B$22,0)) | BQ12: =IF($BX12<>Constants!$B$6,"",IF($AT12,($AI12-Constants!$B$24)*Constants!$B$23,0)) | BR12: =IF($BX12<>Constants!$B$6,"",IF($AS12,0,Constants!$B$12)+IF($AR12,0,Constants!$B$13)+IF($AH12,0,Constants!$B$14)) | BS12: =IF($BX12<>Constants!$B$6,"",Constants!$B$16+SUM($BN12:$BR12)) | BT12: =IF($BX12<>Constants!$B$6,"",$BN12) | BU12: =IF($BX12<>Constants!$B$6,"",$BO12) | BV12: =IF($BX12<>Constants!$B$6,"",IF($AT12,$AV12,"")) | BW12: =IF(ISBLANK($C12),"",IF(ISBLANK($D$7),$BW$5,IF(NOT(ISNUMBER($D$7)),$BW$6,""))) | BX12: =IF(ISBLANK($C12),"",IF($BA12,Constants!$B$9,IF(COUNTA($E12:$AA12)=0,Constants!$B$8,IF(NOT($AG12),Constants!$B$7,IF(OR($BW12<>"",$BB12,$BM12),Constants!$B$10,Constants!$B$6))))) | BY12: =IF(ISBLANK($C12),"",IF($BX12<>Constants!$B$6,$BX12,Constants!$B$11)) | BZ12: =IF($BX12<>Constants!$B$6,"",IF($BL12="->",$BS12,$BH12)) | CA12: =IF($BX12<>Constants!$B$6,"",IF($AF12,0,Constants!$B$15)) | CB12: =IF($BX12<>Constants!$B$6,"",((Constants!$B$25-$AZ12)-Constants!$B$25)/Constants!$B$26) | CC12: =IF(ISBLANK($C12),"",IF($BX12<>Constants!$B$6,$BX12,SUM($BZ12:$CB12))) | CD12: =IF(ISBLANK($C12),"",IF($BX12<>Constants!$B$6,$BX12,RANK($CC12,$CC$9:$CC$508,1))) | CE12: =IF($BX12<>Constants!$B$6,"",IF($BL12="->",$BT12,$BI12)) | CF12: =IF(ISBLANK($C12),"",IF($BX12<>Constants!$B$6,$BX12,IF(ISNUMBER($CE12),RANK($CE12,$CE$9:$CE$508,1),COUNT($CE$9:$CE$508)+1))) | CG12: =IF($BX12<>Constants!$B$6,"",IF($BL12="->",$BU12,$BJ12)) | CH12: =IF(ISBLANK($C12),"",IF($BX12<>Constants!$B$6,$BX12,IF(ISNUMBER($CG12),RANK($CG12,$CG$9:$CG$508,1),COUNT($CG$9:$CG$508)+1))) | CI12: =IF($BX12<>Constants!$B$6,"",IF($BL12="->",$BV12,$BK12)) | CJ12: =IF(ISBLANK($C12),"",IF($BX12<>Constants!$B$6,$BX12,IF(ISNUMBER($CI12),RANK($CI12,$CI$9:$CI$508,1),COUNT($CI$9:$CI$508)+1))) | CK12: =IF($BX12<>Constants!$B$6,"",$AI12) | CL12: =IF(ISBLANK($C12),"",IF($BX12<>Constants!$B$6,$BX12,IF(ISNUMBER($CK12),RANK($CK12,$CK$9:$CK$508,1),COUNT($CK$9:$CK$508)+1))) | CM12: =IF(ISBLANK($C12),"",IF($BX12<>Constants!$B$6,$BX12,COUNTIFS($CD$9:$CD$508,"<"&$CD12)+COUNTIFS($CD$9:$CD$508,$CD12,$CF$9:$CF$508,"<"&$CF12)+COUNTIFS($CD$9:$CD$508,$CD12,$CF$9:$CF$508,$CF12,$CH$9:$CH$508,"<"&$CH12)+COUNTIFS($CD$9:$CD$508,$CD12,$CF$9:$CF$508,$CF12,$CH$9:$CH$508,$CH12,$CJ$9:$CJ$508,"<"&$CJ12)+COUNTIFS($CD$9:$CD$508,$CD12,$CF$9:$CF$508,$CF12,$CH$9:$CH$508,$CH12,$CJ$9:$CJ$508,$CJ12,$CL$9:$CL$508,"<"&$CL12)+1)) | CN12: =IF(ISBLANK($C12),"",IF($BX12<>Constants!$B$6,$BX12,$CD12-$CM12)) | CQ12: =IF(ISBLANK($C12),"",IF($BX12=Constants!$B$10,$BW12,"")) | CR12: =IF(ISBLANK($C12),"",IF($BX12<>Constants!$B$6,"",IF($BL12="->",2,1))) | CS12: =IF(ISBLANK($C12),"",IF($BX12<>Constants!$B$6,"",IF($BL12="->",$BN12,$BC12))) | CT12: =IF(ISBLANK($C12),"",IF($BX12<>Constants!$B$6,"",IF($BL12="->",$BO12,$BD12))) | CU12: =IF(ISBLANK($C12),"",IF($BX12<>Constants!$B$6,"",IF($BL12="->",$BP12+$BQ12,$BE12+$BF12)+$CB12)) | CV12: =IF(ISBLANK($C12),"",IF($BX12<>Constants!$B$6,"",IF($BL12="->",$BR12,$BG12)+$CA12)) | CW12: =IF(ISBLANK($C12),"",IF($BX12<>Constants!$B$6,$BX12,$CC12)) | CX12: =IF(ISBLANK($C12),"",$BY12) | CY12: =IF(ISBLANK($C12),"",$CN12) | CZ12: =IF(ISBLANK($C12),"",$CM12) | DA12: =IF(ISBLANK($C12),"",IFERROR(_xlfn.SWITCH($CZ12,Constants!$B$9,COUNTA($C$9:$C$508)+2,Constants!$B$8,COUNTA($C$9:$C$508)+1,Constants!$B$7,COUNTA($C$9:$C$508)),$CZ12)) | DC12: =IF(OR(ISNUMBER($CZ12),$CZ12=Constants!$B$9,$CZ12=Constants!$B$7,$CZ12=Constants!$B$8),1,0) -> 0 | DD12: 4 | DE12: =IF(ISBLANK($C12),"",IF(ISNUMBER($DA12),$DA12+ROW($B12)/1000,"")) | DF12: =IF(ISNUMBER($DE12),RANK($DE12,$DE$9:$DE$508,1),"") | DG12: =IF(ISBLANK($C12),"",$B12) | DH12: =IF(ISBLANK($C12),"",$C12) | DI12: =IF(ISBLANK($C12),"",$D12) | DJ12: =$CX12 | DK12: =$CW12 | DL12: =IF(ISBLANK($C12),"",$CZ12) | DM12: =IF($DD12>$DC$8,"",VLOOKUP($DD12,$DF$9:$DL$508,7,FALSE())) | DN12: =IF($DD12>$DC$8,"",VLOOKUP($DD12,$DF$9:$DL$508,2,FALSE())) | DO12: =IF($DD12>$DC$8,"",VLOOKUP($DD12,$DF$9:$DL$508,3,FALSE())) | DP12: =IF($DD12>$DC$8,"",VLOOKUP($DD12,$DF$9:$DL$508,4,FALSE())) | DQ12: =IF($DD12>$DC$8,"",VLOOKUP($DD12,$DF$9:$DL$508,5,FALSE())) | DR12: =IF($DD12>$DC$8,"",VLOOKUP($DD12,$DF$9:$DL$508,6,FALSE()))
AF13: =IF(ISBLANK($C13),"",IF(E13=Constants!$B$2,TRUE(),IF(E13=Constants!$B$3,FALSE(),TRUE()))) | AG13: =IF(ISBLANK($C13),"",IF(F13=Constants!$B$2,TRUE(),IF(F13=Constants!$B$3,FALSE(),TRUE()))) | AH13: =IF(ISBLANK($C13),"",IF(G13=Constants!$B$2,TRUE(),IF(G13=Constants!$B$3,FALSE(),TRUE()))) | AI13: =IF(ISBLANK($C13),"",IF(AND(ISNUMBER(H13),H13>=0),H13,Constants!$B$24)) | AJ13: =IF(ISBLANK($C13),"",IF(I13=Constants!$B$2,TRUE(),IF(I13=Constants!$B$3,FALSE(),TRUE()))) | AK13: =IF(ISBLANK($C13),"",IF(J13=Constants!$B$2,TRUE(),IF(J13=Constants!$B$3,FALSE(),TRUE()))) | AL13: =IF(ISBLANK($C13),"",IF(K13=Constants!$B$4,TRUE(),IF(K13=Constants!$B$5,FALSE(),COUNTA(L13:P13)>0))) | AM13: =IF(ISBLANK($C13),"",IF(ISNUMBER(L13),IF(L13>=0,L13,""),"")) | AN13: =IF(ISBLANK($C13),"",IF(ISNUMBER(M13),IF(M13>=0,M13,""),"")) | AO13: =IF(ISBLANK($C13),"",IF(N13=Constants!$B$2,TRUE(),IF(N13=Constants!$B$3,FALSE(),TRUE()))) | AP13: =IF(ISBLANK($C13),"",IF(ISNUMBER(O13),IF(O13>=0,O13,""),"")) | AQ13: =IF(ISBLANK($C13),"",IF(P13=Constants!$B$2,TRUE(),IF(P13=Constants!$B$3,FALSE(),FALSE()))) | AR13: =IF(ISBLANK($C13),"",IF(Q13=Constants!$B$2,TRUE(),IF(Q13=Constants!$B$3,FALSE(),TRUE()))) | AS13: =IF(ISBLANK($C13),"",IF(R13=Constants!$B$2,TRUE(),IF(R13=Constants!$B$3,FALSE(),TRUE()))) | AT13: =IF(ISBLANK($C13),"",IF(S13=Constants!$B$4,TRUE(),IF(S13=Constants!$B$5,FALSE(),COUNTA(T13:X13)>0))) | AU13: =IF(ISBLANK($C13),"",IF(ISNUMBER(T13),IF(T13>=0,T13,""),"")) | AV13: =IF(ISBLANK($C13),"",IF(ISNUMBER(U13),IF(U13>=0,U13,""),"")) | AW13: =IF(ISBLANK($C13),"",IF(V13=Constants!$B$2,TRUE(),IF(V13=Constants!$B$3,FALSE(),TRUE()))) | AX13: =IF(ISBLANK($C13),"",IF(ISNUMBER(W13),IF(W13>=0,W13,""),"")) | AY13: =IF(ISBLANK($C13),"",IF(X13=Constants!$B$2,TRUE(),IF(X13=Constants!$B$3,FALSE(),FALSE()))) | AZ13: =IF(ISBLANK($C13),"",MIN(Constants!$B$25,MAX(0,IF(ISNUMBER(Y13),Y13*60,0)+IF(ISNUMBER(Z13),Z13,0)))) | BA13: =IF(ISBLANK($C13),"",IF(AA13=Constants!$B$2,TRUE(),IF(AA13=Constants!$B$3,FALSE(),FALSE()))) | BB13: =IF(ISBLANK($C13),"",AND($AL13,OR($AM13="",$AN13="",AND($AO13,$AP13="")))) | BC13: =IF($BX13<>Constants!$B$6,"",IF($AL13,Constants!$B$17*$AN13+Constants!$B$18*IF($AO13,$AP13,Constants!$B$19),Constants!$B$20)) | BD13: =IF($BX13<>Constants!$B$6,"",Constants!$B$21*ABS($AD$9-IF($AL13,$AM13,0))) | BE13: =IF($BX13<>Constants!$B$6,"",IF(AND($AL13,$AQ13,$AO13),Constants!$B$22,0)) | BF13: =IF($BX13<>Constants!$B$6,"",IF($AL13,($AI13-Constants!$B$24)*Constants!$B$23,0)) | BG13: =IF($BX13<>Constants!$B$6,"",IF($AK13,0,Constants!$B$12)+IF($AJ13,0,Constants!$B$13)+IF($AH13,0,Constants!$B$14)) | BH13: =IF($BX13<>Constants!$B$6,"",Constants!$B$16+SUM($BC13:$BG13)) | BI13: =IF($BX13<>Constants!$B$6,"",$BC13) | BJ13: =IF($BX13<>Constants!$B$6,"",$BD13) | BK13: =IF($BX13<>Constants!$B$6,"",IF($AL13,$AN13,"")) | BL13: =IF($BX13<>Constants!$B$6,"",IF(OR($BS13<$BH13,AND($BS13=$BH13,OR($BT13<$BI13,AND($BT13=$BI13,OR($BU13<$BJ13,AND($BU13=$BJ13,AND(ISNUMBER($BV13),OR(NOT(ISNUMBER($BK13)),$BV13<$BK13)))))))),"->","<-")) | BM13: =IF(ISBLANK($C13),"",AND($AT13,OR($AU13="",$AV13="",AND($AW13,$AX13="")))) | BN13: =IF($BX13<>Constants!$B$6,"",IF($AT13,Constants!$B$17*$AV13+Constants!$B$18*IF($AW13,$AX13,Constants!$B$19),Constants!$B$20)) | BO13: =IF($BX13<>Constants!$B$6,"",Constants!$B$21*ABS($AD$9-IF($AT13,$AU13,0))) | BP13: =IF($BX13<>Constants!$B$6,"",IF(AND($AT13,$AY13,$AW13),Constants!$B$22,0)) | BQ13: =IF($BX13<>Constants!$B$6,"",IF($AT13,($AI13-Constants!$B$24)*Constants!$B$23,0)) | BR13: =IF($BX13<>Constants!$B$6,"",IF($AS13,0,Constants!$B$12)+IF($AR13,0,Constants!$B$13)+IF($AH13,0,Constants!$B$14)) | BS13: =IF($BX13<>Constants!$B$6,"",Constants!$B$16+SUM($BN13:$BR13)) | BT13: =IF($BX13<>Constants!$B$6,"",$BN13) | BU13: =IF($BX13<>Constants!$B$6,"",$BO13) | BV13: =IF($BX13<>Constants!$B$6,"",IF($AT13,$AV13,"")) | BW13: =IF(ISBLANK($C13),"",IF(ISBLANK($D$7),$BW$5,IF(NOT(ISNUMBER($D$7)),$BW$6,""))) | BX13: =IF(ISBLANK($C13),"",IF($BA13,Constants!$B$9,IF(COUNTA($E13:$AA13)=0,Constants!$B$8,IF(NOT($AG13),Constants!$B$7,IF(OR($BW13<>"",$BB13,$BM13),Constants!$B$10,Constants!$B$6))))) | BY13: =IF(ISBLANK($C13),"",IF($BX13<>Constants!$B$6,$BX13,Constants!$B$11)) | BZ13: =IF($BX13<>Constants!$B$6,"",IF($BL13="->",$BS13,$BH13)) | CA13: =IF($BX13<>Constants!$B$6,"",IF($AF13,0,Constants!$B$15)) | CB13: =IF($BX13<>Constants!$B$6,"",((Constants!$B$25-$AZ13)-Constants!$B$25)/Constants!$B$26) | CC13: =IF(ISBLANK($C13),"",IF($BX13<>Constants!$B$6,$BX13,SUM($BZ13:$CB13))) | CD13: =IF(ISBLANK($C13),"",IF($BX13<>Constants!$B$6,$BX13,RANK($CC13,$CC$9:$CC$508,1))) | CE13: =IF($BX13<>Constants!$B$6,"",IF($BL13="->",$BT13,$BI13)) | CF13: =IF(ISBLANK($C13),"",IF($BX13<>Constants!$B$6,$BX13,IF(ISNUMBER($CE13),RANK($CE13,$CE$9:$CE$508,1),COUNT($CE$9:$CE$508)+1))) | CG13: =IF($BX13<>Constants!$B$6,"",IF($BL13="->",$BU13,$BJ13)) | CH13: =IF(ISBLANK($C13),"",IF($BX13<>Constants!$B$6,$BX13,IF(ISNUMBER($CG13),RANK($CG13,$CG$9:$CG$508,1),COUNT($CG$9:$CG$508)+1))) | CI13: =IF($BX13<>Constants!$B$6,"",IF($BL13="->",$BV13,$BK13)) | CJ13: =IF(ISBLANK($C13),"",IF($BX13<>Constants!$B$6,$BX13,IF(ISNUMBER($CI13),RANK($CI13,$CI$9:$CI$508,1),COUNT($CI$9:$CI$508)+1))) | CK13: =IF($BX13<>Constants!$B$6,"",$AI13) | CL13: =IF(ISBLANK($C13),"",IF($BX13<>Constants!$B$6,$BX13,IF(ISNUMBER($CK13),RANK($CK13,$CK$9:$CK$508,1),COUNT($CK$9:$CK$508)+1))) | CM13: =IF(ISBLANK($C13),"",IF($BX13<>Constants!$B$6,$BX13,COUNTIFS($CD$9:$CD$508,"<"&$CD13)+COUNTIFS($CD$9:$CD$508,$CD13,$CF$9:$CF$508,"<"&$CF13)+COUNTIFS($CD$9:$CD$508,$CD13,$CF$9:$CF$508,$CF13,$CH$9:$CH$508,"<"&$CH13)+COUNTIFS($CD$9:$CD$508,$CD13,$CF$9:$CF$508,$CF13,$CH$9:$CH$508,$CH13,$CJ$9:$CJ$508,"<"&$CJ13)+COUNTIFS($CD$9:$CD$508,$CD13,$CF$9:$CF$508,$CF13,$CH$9:$CH$508,$CH13,$CJ$9:$CJ$508,$CJ13,$CL$9:$CL$508,"<"&$CL13)+1)) | CN13: =IF(ISBLANK($C13),"",IF($BX13<>Constants!$B$6,$BX13,$CD13-$CM13)) | CQ13: =IF(ISBLANK($C13),"",IF($BX13=Constants!$B$10,$BW13,"")) | CR13: =IF(ISBLANK($C13),"",IF($BX13<>Constants!$B$6,"",IF($BL13="->",2,1))) | CS13: =IF(ISBLANK($C13),"",IF($BX13<>Constants!$B$6,"",IF($BL13="->",$BN13,$BC13))) | CT13: =IF(ISBLANK($C13),"",IF($BX13<>Constants!$B$6,"",IF($BL13="->",$BO13,$BD13))) | CU13: =IF(ISBLANK($C13),"",IF($BX13<>Constants!$B$6,"",IF($BL13="->",$BP13+$BQ13,$BE13+$BF13)+$CB13)) | CV13: =IF(ISBLANK($C13),"",IF($BX13<>Constants!$B$6,"",IF($BL13="->",$BR13,$BG13)+$CA13)) | CW13: =IF(ISBLANK($C13),"",IF($BX13<>Constants!$B$6,$BX13,$CC13)) | CX13: =IF(ISBLANK($C13),"",$BY13) | CY13: =IF(ISBLANK($C13),"",$CN13) | CZ13: =IF(ISBLANK($C13),"",$CM13) | DA13: =IF(ISBLANK($C13),"",IFERROR(_xlfn.SWITCH($CZ13,Constants!$B$9,COUNTA($C$9:$C$508)+2,Constants!$B$8,COUNTA($C$9:$C$508)+1,Constants!$B$7,COUNTA($C$9:$C$508)),$CZ13)) | DC13: =IF(OR(ISNUMBER($CZ13),$CZ13=Constants!$B$9,$CZ13=Constants!$B$7,$CZ13=Constants!$B$8),1,0) -> 0 | DD13: 5 | DE13: =IF(ISBLANK($C13),"",IF(ISNUMBER($DA13),$DA13+ROW($B13)/1000,"")) | DF13: =IF(ISNUMBER($DE13),RANK($DE13,$DE$9:$DE$508,1),"") | DG13: =IF(ISBLANK($C13),"",$B13) | DH13: =IF(ISBLANK($C13),"",$C13) | DI13: =IF(ISBLANK($C13),"",$D13) | DJ13: =$CX13 | DK13: =$CW13 | DL13: =IF(ISBLANK($C13),"",$CZ13) | DM13: =IF($DD13>$DC$8,"",VLOOKUP($DD13,$DF$9:$DL$508,7,FALSE())) | DN13: =IF($DD13>$DC$8,"",VLOOKUP($DD13,$DF$9:$DL$508,2,FALSE())) | DO13: =IF($DD13>$DC$8,"",VLOOKUP($DD13,$DF$9:$DL$508,3,FALSE())) | DP13: =IF($DD13>$DC$8,"",VLOOKUP($DD13,$DF$9:$DL$508,4,FALSE())) | DQ13: =IF($DD13>$DC$8,"",VLOOKUP($DD13,$DF$9:$DL$508,5,FALSE())) | DR13: =IF($DD13>$DC$8,"",VLOOKUP($DD13,$DF$9:$DL$508,6,FALSE()))
AF14: =IF(ISBLANK($C14),"",IF(E14=Constants!$B$2,TRUE(),IF(E14=Constants!$B$3,FALSE(),TRUE()))) | AG14: =IF(ISBLANK($C14),"",IF(F14=Constants!$B$2,TRUE(),IF(F14=Constants!$B$3,FALSE(),TRUE()))) | AH14: =IF(ISBLANK($C14),"",IF(G14=Constants!$B$2,TRUE(),IF(G14=Constants!$B$3,FALSE(),TRUE()))) | AI14: =IF(ISBLANK($C14),"",IF(AND(ISNUMBER(H14),H14>=0),H14,Constants!$B$24)) | AJ14: =IF(ISBLANK($C14),"",IF(I14=Constants!$B$2,TRUE(),IF(I14=Constants!$B$3,FALSE(),TRUE()))) | AK14: =IF(ISBLANK($C14),"",IF(J14=Constants!$B$2,TRUE(),IF(J14=Constants!$B$3,FALSE(),TRUE()))) | AL14: =IF(ISBLANK($C14),"",IF(K14=Constants!$B$4,TRUE(),IF(K14=Constants!$B$5,FALSE(),COUNTA(L14:P14)>0))) | AM14: =IF(ISBLANK($C14),"",IF(ISNUMBER(L14),IF(L14>=0,L14,""),"")) | AN14: =IF(ISBLANK($C14),"",IF(ISNUMBER(M14),IF(M14>=0,M14,""),"")) | AO14: =IF(ISBLANK($C14),"",IF(N14=Constants!$B$2,TRUE(),IF(N14=Constants!$B$3,FALSE(),TRUE()))) | AP14: =IF(ISBLANK($C14),"",IF(ISNUMBER(O14),IF(O14>=0,O14,""),"")) | AQ14: =IF(ISBLANK($C14),"",IF(P14=Constants!$B$2,TRUE(),IF(P14=Constants!$B$3,FALSE(),FALSE()))) | AR14: =IF(ISBLANK($C14),"",IF(Q14=Constants!$B$2,TRUE(),IF(Q14=Constants!$B$3,FALSE(),TRUE()))) | AS14: =IF(ISBLANK($C14),"",IF(R14=Constants!$B$2,TRUE(),IF(R14=Constants!$B$3,FALSE(),TRUE()))) | AT14: =IF(ISBLANK($C14),"",IF(S14=Constants!$B$4,TRUE(),IF(S14=Constants!$B$5,FALSE(),COUNTA(T14:X14)>0))) | AU14: =IF(ISBLANK($C14),"",IF(ISNUMBER(T14),IF(T14>=0,T14,""),"")) | AV14: =IF(ISBLANK($C14),"",IF(ISNUMBER(U14),IF(U14>=0,U14,""),"")) | AW14: =IF(ISBLANK($C14),"",IF(V14=Constants!$B$2,TRUE(),IF(V14=Constants!$B$3,FALSE(),TRUE()))) | AX14: =IF(ISBLANK($C14),"",IF(ISNUMBER(W14),IF(W14>=0,W14,""),"")) | AY14: =IF(ISBLANK($C14),"",IF(X14=Constants!$B$2,TRUE(),IF(X14=Constants!$B$3,FALSE(),FALSE()))) | AZ14: =IF(ISBLANK($C14),"",MIN(Constants!$B$25,MAX(0,IF(ISNUMBER(Y14),Y14*60,0)+IF(ISNUMBER(Z14),Z14,0)))) | BA14: =IF(ISBLANK($C14),"",IF(AA14=Constants!$B$2,TRUE(),IF(AA14=Constants!$B$3,FALSE(),FALSE()))) | BB14: =IF(ISBLANK($C14),"",AND($AL14,OR($AM14="",$AN14="",AND($AO14,$AP14="")))) | BC14: =IF($BX14<>Constants!$B$6,"",IF($AL14,Constants!$B$17*$AN14+Constants!$B$18*IF($AO14,$AP14,Constants!$B$19),Constants!$B$20)) | BD14: =IF($BX14<>Constants!$B$6,"",Constants!$B$21*ABS($AD$9-IF($AL14,$AM14,0))) | BE14: =IF($BX14<>Constants!$B$6,"",IF(AND($AL14,$AQ14,$AO14),Constants!$B$22,0)) | BF14: =IF($BX14<>Constants!$B$6,"",IF($AL14,($AI14-Constants!$B$24)*Constants!$B$23,0)) | BG14: =IF($BX14<>Constants!$B$6,"",IF($AK14,0,Constants!$B$12)+IF($AJ14,0,Constants!$B$13)+IF($AH14,0,Constants!$B$14)) | BH14: =IF($BX14<>Constants!$B$6,"",Constants!$B$16+SUM($BC14:$BG14)) | BI14: =IF($BX14<>Constants!$B$6,"",$BC14) | BJ14: =IF($BX14<>Constants!$B$6,"",$BD14) | BK14: =IF($BX14<>Constants!$B$6,"",IF($AL14,$AN14,"")) | BL14: =IF($BX14<>Constants!$B$6,"",IF(OR($BS14<$BH14,AND($BS14=$BH14,OR($BT14<$BI14,AND($BT14=$BI14,OR($BU14<$BJ14,AND($BU14=$BJ14,AND(ISNUMBER($BV14),OR(NOT(ISNUMBER($BK14)),$BV14<$BK14)))))))),"->","<-")) | BM14: =IF(ISBLANK($C14),"",AND($AT14,OR($AU14="",$AV14="",AND($AW14,$AX14="")))) | BN14: =IF($BX14<>Constants!$B$6,"",IF($AT14,Constants!$B$17*$AV14+Constants!$B$18*IF($AW14,$AX14,Constants!$B$19),Constants!$B$20)) | BO14: =IF($BX14<>Constants!$B$6,"",Constants!$B$21*ABS($AD$9-IF($AT14,$AU14,0))) | BP14: =IF($BX14<>Constants!$B$6,"",IF(AND($AT14,$AY14,$AW14),Constants!$B$22,0)) | BQ14: =IF($BX14<>Constants!$B$6,"",IF($AT14,($AI14-Constants!$B$24)*Constants!$B$23,0)) | BR14: =IF($BX14<>Constants!$B$6,"",IF($AS14,0,Constants!$B$12)+IF($AR14,0,Constants!$B$13)+IF($AH14,0,Constants!$B$14)) | BS14: =IF($BX14<>Constants!$B$6,"",Constants!$B$16+SUM($BN14:$BR14)) | BT14: =IF($BX14<>Constants!$B$6,"",$BN14) | BU14: =IF($BX14<>Constants!$B$6,"",$BO14) | BV14: =IF($BX14<>Constants!$B$6,"",IF($AT14,$AV14,"")) | BW14: =IF(ISBLANK($C14),"",IF(ISBLANK($D$7),$BW$5,IF(NOT(ISNUMBER($D$7)),$BW$6,""))) | BX14: =IF(ISBLANK($C14),"",IF($BA14,Constants!$B$9,IF(COUNTA($E14:$AA14)=0,Constants!$B$8,IF(NOT($AG14),Constants!$B$7,IF(OR($BW14<>"",$BB14,$BM14),Constants!$B$10,Constants!$B$6))))) | BY14: =IF(ISBLANK($C14),"",IF($BX14<>Constants!$B$6,$BX14,Constants!$B$11)) | BZ14: =IF($BX14<>Constants!$B$6,"",IF($BL14="->",$BS14,$BH14)) | CA14: =IF($BX14<>Constants!$B$6,"",IF($AF14,0,Constants!$B$15)) | CB14: =IF($BX14<>Constants!$B$6,"",((Constants!$B$25-$AZ14)-Constants!$B$25)/Constants!$B$26) | CC14: =IF(ISBLANK($C14),"",IF($BX14<>Constants!$B$6,$BX14,SUM($BZ14:$CB14))) | CD14: =IF(ISBLANK($C14),"",IF($BX14<>Constants!$B$6,$BX14,RANK($CC14,$CC$9:$CC$508,1))) | CE14: =IF($BX14<>Constants!$B$6,"",IF($BL14="->",$BT14,$BI14)) | CF14: =IF(ISBLANK($C14),"",IF($BX14<>Constants!$B$6,$BX14,IF(ISNUMBER($CE14),RANK($CE14,$CE$9:$CE$508,1),COUNT($CE$9:$CE$508)+1))) | CG14: =IF($BX14<>Constants!$B$6,"",IF($BL14="->",$BU14,$BJ14)) | CH14: =IF(ISBLANK($C14),"",IF($BX14<>Constants!$B$6,$BX14,IF(ISNUMBER($CG14),RANK($CG14,$CG$9:$CG$508,1),COUNT($CG$9:$CG$508)+1))) | CI14: =IF($BX14<>Constants!$B$6,"",IF($BL14="->",$BV14,$BK14)) | CJ14: =IF(ISBLANK($C14),"",IF($BX14<>Constants!$B$6,$BX14,IF(ISNUMBER($CI14),RANK($CI14,$CI$9:$CI$508,1),COUNT($CI$9:$CI$508)+1))) | CK14: =IF($BX14<>Constants!$B$6,"",$AI14) | CL14: =IF(ISBLANK($C14),"",IF($BX14<>Constants!$B$6,$BX14,IF(ISNUMBER($CK14),RANK($CK14,$CK$9:$CK$508,1),COUNT($CK$9:$CK$508)+1))) | CM14: =IF(ISBLANK($C14),"",IF($BX14<>Constants!$B$6,$BX14,COUNTIFS($CD$9:$CD$508,"<"&$CD14)+COUNTIFS($CD$9:$CD$508,$CD14,$CF$9:$CF$508,"<"&$CF14)+COUNTIFS($CD$9:$CD$508,$CD14,$CF$9:$CF$508,$CF14,$CH$9:$CH$508,"<"&$CH14)+COUNTIFS($CD$9:$CD$508,$CD14,$CF$9:$CF$508,$CF14,$CH$9:$CH$508,$CH14,$CJ$9:$CJ$508,"<"&$CJ14)+COUNTIFS($CD$9:$CD$508,$CD14,$CF$9:$CF$508,$CF14,$CH$9:$CH$508,$CH14,$CJ$9:$CJ$508,$CJ14,$CL$9:$CL$508,"<"&$CL14)+1)) | CN14: =IF(ISBLANK($C14),"",IF($BX14<>Constants!$B$6,$BX14,$CD14-$CM14)) | CQ14: =IF(ISBLANK($C14),"",IF($BX14=Constants!$B$10,$BW14,"")) | CR14: =IF(ISBLANK($C14),"",IF($BX14<>Constants!$B$6,"",IF($BL14="->",2,1))) | CS14: =IF(ISBLANK($C14),"",IF($BX14<>Constants!$B$6,"",IF($BL14="->",$BN14,$BC14))) | CT14: =IF(ISBLANK($C14),"",IF($BX14<>Constants!$B$6,"",IF($BL14="->",$BO14,$BD14))) | CU14: =IF(ISBLANK($C14),"",IF($BX14<>Constants!$B$6,"",IF($BL14="->",$BP14+$BQ14,$BE14+$BF14)+$CB14)) | CV14: =IF(ISBLANK($C14),"",IF($BX14<>Constants!$B$6,"",IF($BL14="->",$BR14,$BG14)+$CA14)) | CW14: =IF(ISBLANK($C14),"",IF($BX14<>Constants!$B$6,$BX14,$CC14)) | CX14: =IF(ISBLANK($C14),"",$BY14) | CY14: =IF(ISBLANK($C14),"",$CN14) | CZ14: =IF(ISBLANK($C14),"",$CM14) | DA14: =IF(ISBLANK($C14),"",IFERROR(_xlfn.SWITCH($CZ14,Constants!$B$9,COUNTA($C$9:$C$508)+2,Constants!$B$8,COUNTA($C$9:$C$508)+1,Constants!$B$7,COUNTA($C$9:$C$508)),$CZ14)) | DC14: =IF(OR(ISNUMBER($CZ14),$CZ14=Constants!$B$9,$CZ14=Constants!$B$7,$CZ14=Constants!$B$8),1,0) -> 0 | DD14: 6 | DE14: =IF(ISBLANK($C14),"",IF(ISNUMBER($DA14),$DA14+ROW($B14)/1000,"")) | DF14: =IF(ISNUMBER($DE14),RANK($DE14,$DE$9:$DE$508,1),"") | DG14: =IF(ISBLANK($C14),"",$B14) | DH14: =IF(ISBLANK($C14),"",$C14) | DI14: =IF(ISBLANK($C14),"",$D14) | DJ14: =$CX14 | DK14: =$CW14 | DL14: =IF(ISBLANK($C14),"",$CZ14) | DM14: =IF($DD14>$DC$8,"",VLOOKUP($DD14,$DF$9:$DL$508,7,FALSE())) | DN14: =IF($DD14>$DC$8,"",VLOOKUP($DD14,$DF$9:$DL$508,2,FALSE())) | DO14: =IF($DD14>$DC$8,"",VLOOKUP($DD14,$DF$9:$DL$508,3,FALSE())) | DP14: =IF($DD14>$DC$8,"",VLOOKUP($DD14,$DF$9:$DL$508,4,FALSE())) | DQ14: =IF($DD14>$DC$8,"",VLOOKUP($DD14,$DF$9:$DL$508,5,FALSE())) | DR14: =IF($DD14>$DC$8,"",VLOOKUP($DD14,$DF$9:$DL$508,6,FALSE()))
AF15: =IF(ISBLANK($C15),"",IF(E15=Constants!$B$2,TRUE(),IF(E15=Constants!$B$3,FALSE(),TRUE()))) | AG15: =IF(ISBLANK($C15),"",IF(F15=Constants!$B$2,TRUE(),IF(F15=Constants!$B$3,FALSE(),TRUE()))) | AH15: =IF(ISBLANK($C15),"",IF(G15=Constants!$B$2,TRUE(),IF(G15=Constants!$B$3,FALSE(),TRUE()))) | AI15: =IF(ISBLANK($C15),"",IF(AND(ISNUMBER(H15),H15>=0),H15,Constants!$B$24)) | AJ15: =IF(ISBLANK($C15),"",IF(I15=Constants!$B$2,TRUE(),IF(I15=Constants!$B$3,FALSE(),TRUE()))) | AK15: =IF(ISBLANK($C15),"",IF(J15=Constants!$B$2,TRUE(),IF(J15=Constants!$B$3,FALSE(),TRUE()))) | AL15: =IF(ISBLANK($C15),"",IF(K15=Constants!$B$4,TRUE(),IF(K15=Constants!$B$5,FALSE(),COUNTA(L15:P15)>0))) | AM15: =IF(ISBLANK($C15),"",IF(ISNUMBER(L15),IF(L15>=0,L15,""),"")) | AN15: =IF(ISBLANK($C15),"",IF(ISNUMBER(M15),IF(M15>=0,M15,""),"")) | AO15: =IF(ISBLANK($C15),"",IF(N15=Constants!$B$2,TRUE(),IF(N15=Constants!$B$3,FALSE(),TRUE()))) | AP15: =IF(ISBLANK($C15),"",IF(ISNUMBER(O15),IF(O15>=0,O15,""),"")) | AQ15: =IF(ISBLANK($C15),"",IF(P15=Constants!$B$2,TRUE(),IF(P15=Constants!$B$3,FALSE(),FALSE()))) | AR15: =IF(ISBLANK($C15),"",IF(Q15=Constants!$B$2,TRUE(),IF(Q15=Constants!$B$3,FALSE(),TRUE()))) | AS15: =IF(ISBLANK($C15),"",IF(R15=Constants!$B$2,TRUE(),IF(R15=Constants!$B$3,FALSE(),TRUE()))) | AT15: =IF(ISBLANK($C15),"",IF(S15=Constants!$B$4,TRUE(),IF(S15=Constants!$B$5,FALSE(),COUNTA(T15:X15)>0))) | AU15: =IF(ISBLANK($C15),"",IF(ISNUMBER(T15),IF(T15>=0,T15,""),"")) | AV15: =IF(ISBLANK($C15),"",IF(ISNUMBER(U15),IF(U15>=0,U15,""),"")) | AW15: =IF(ISBLANK($C15),"",IF(V15=Constants!$B$2,TRUE(),IF(V15=Constants!$B$3,FALSE(),TRUE()))) | AX15: =IF(ISBLANK($C15),"",IF(ISNUMBER(W15),IF(W15>=0,W15,""),"")) | AY15: =IF(ISBLANK($C15),"",IF(X15=Constants!$B$2,TRUE(),IF(X15=Constants!$B$3,FALSE(),FALSE()))) | AZ15: =IF(ISBLANK($C15),"",MIN(Constants!$B$25,MAX(0,IF(ISNUMBER(Y15),Y15*60,0)+IF(ISNUMBER(Z15),Z15,0)))) | BA15: =IF(ISBLANK($C15),"",IF(AA15=Constants!$B$2,TRUE(),IF(AA15=Constants!$B$3,FALSE(),FALSE()))) | BB15: =IF(ISBLANK($C15),"",AND($AL15,OR($AM15="",$AN15="",AND($AO15,$AP15="")))) | BC15: =IF($BX15<>Constants!$B$6,"",IF($AL15,Constants!$B$17*$AN15+Constants!$B$18*IF($AO15,$AP15,Constants!$B$19),Constants!$B$20)) | BD15: =IF($BX15<>Constants!$B$6,"",Constants!$B$21*ABS($AD$9-IF($AL15,$AM15,0))) | BE15: =IF($BX15<>Constants!$B$6,"",IF(AND($AL15,$AQ15,$AO15),Constants!$B$22,0)) | BF15: =IF($BX15<>Constants!$B$6,"",IF($AL15,($AI15-Constants!$B$24)*Constants!$B$23,0)) | BG15: =IF($BX15<>Constants!$B$6,"",IF($AK15,0,Constants!$B$12)+IF($AJ15,0,Constants!$B$13)+IF($AH15,0,Constants!$B$14)) | BH15: =IF($BX15<>Constants!$B$6,"",Constants!$B$16+SUM($BC15:$BG15)) | BI15: =IF($BX15<>Constants!$B$6,"",$BC15) | BJ15: =IF($BX15<>Constants!$B$6,"",$BD15) | BK15: =IF($BX15<>Constants!$B$6,"",IF($AL15,$AN15,"")) | BL15: =IF($BX15<>Constants!$B$6,"",IF(OR($BS15<$BH15,AND($BS15=$BH15,OR($BT15<$BI15,AND($BT15=$BI15,OR($BU15<$BJ15,AND($BU15=$BJ15,AND(ISNUMBER($BV15),OR(NOT(ISNUMBER($BK15)),$BV15<$BK15)))))))),"->","<-")) | BM15: =IF(ISBLANK($C15),"",AND($AT15,OR($AU15="",$AV15="",AND($AW15,$AX15="")))) | BN15: =IF($BX15<>Constants!$B$6,"",IF($AT15,Constants!$B$17*$AV15+Constants!$B$18*IF($AW15,$AX15,Constants!$B$19),Constants!$B$20)) | BO15: =IF($BX15<>Constants!$B$6,"",Constants!$B$21*ABS($AD$9-IF($AT15,$AU15,0))) | BP15: =IF($BX15<>Constants!$B$6,"",IF(AND($AT15,$AY15,$AW15),Constants!$B$22,0)) | BQ15: =IF($BX15<>Constants!$B$6,"",IF($AT15,($AI15-Constants!$B$24)*Constants!$B$23,0)) | BR15: =IF($BX15<>Constants!$B$6,"",IF($AS15,0,Constants!$B$12)+IF($AR15,0,Constants!$B$13)+IF($AH15,0,Constants!$B$14)) | BS15: =IF($BX15<>Constants!$B$6,"",Constants!$B$16+SUM($BN15:$BR15)) | BT15: =IF($BX15<>Constants!$B$6,"",$BN15) | BU15: =IF($BX15<>Constants!$B$6,"",$BO15) | BV15: =IF($BX15<>Constants!$B$6,"",IF($AT15,$AV15,"")) | BW15: =IF(ISBLANK($C15),"",IF(ISBLANK($D$7),$BW$5,IF(NOT(ISNUMBER($D$7)),$BW$6,""))) | BX15: =IF(ISBLANK($C15),"",IF($BA15,Constants!$B$9,IF(COUNTA($E15:$AA15)=0,Constants!$B$8,IF(NOT($AG15),Constants!$B$7,IF(OR($BW15<>"",$BB15,$BM15),Constants!$B$10,Constants!$B$6))))) | BY15: =IF(ISBLANK($C15),"",IF($BX15<>Constants!$B$6,$BX15,Constants!$B$11)) | BZ15: =IF($BX15<>Constants!$B$6,"",IF($BL15="->",$BS15,$BH15)) | CA15: =IF($BX15<>Constants!$B$6,"",IF($AF15,0,Constants!$B$15)) | CB15: =IF($BX15<>Constants!$B$6,"",((Constants!$B$25-$AZ15)-Constants!$B$25)/Constants!$B$26) | CC15: =IF(ISBLANK($C15),"",IF($BX15<>Constants!$B$6,$BX15,SUM($BZ15:$CB15))) | CD15: =IF(ISBLANK($C15),"",IF($BX15<>Constants!$B$6,$BX15,RANK($CC15,$CC$9:$CC$508,1))) | CE15: =IF($BX15<>Constants!$B$6,"",IF($BL15="->",$BT15,$BI15)) | CF15: =IF(ISBLANK($C15),"",IF($BX15<>Constants!$B$6,$BX15,IF(ISNUMBER($CE15),RANK($CE15,$CE$9:$CE$508,1),COUNT($CE$9:$CE$508)+1))) | CG15: =IF($BX15<>Constants!$B$6,"",IF($BL15="->",$BU15,$BJ15)) | CH15: =IF(ISBLANK($C15),"",IF($BX15<>Constants!$B$6,$BX15,IF(ISNUMBER($CG15),RANK($CG15,$CG$9:$CG$508,1),COUNT($CG$9:$CG$508)+1))) | CI15: =IF($BX15<>Constants!$B$6,"",IF($BL15="->",$BV15,$BK15)) | CJ15: =IF(ISBLANK($C15),"",IF($BX15<>Constants!$B$6,$BX15,IF(ISNUMBER($CI15),RANK($CI15,$CI$9:$CI$508,1),COUNT($CI$9:$CI$508)+1))) | CK15: =IF($BX15<>Constants!$B$6,"",$AI15) | CL15: =IF(ISBLANK($C15),"",IF($BX15<>Constants!$B$6,$BX15,IF(ISNUMBER($CK15),RANK($CK15,$CK$9:$CK$508,1),COUNT($CK$9:$CK$508)+1))) | CM15: =IF(ISBLANK($C15),"",IF($BX15<>Constants!$B$6,$BX15,COUNTIFS($CD$9:$CD$508,"<"&$CD15)+COUNTIFS($CD$9:$CD$508,$CD15,$CF$9:$CF$508,"<"&$CF15)+COUNTIFS($CD$9:$CD$508,$CD15,$CF$9:$CF$508,$CF15,$CH$9:$CH$508,"<"&$CH15)+COUNTIFS($CD$9:$CD$508,$CD15,$CF$9:$CF$508,$CF15,$CH$9:$CH$508,$CH15,$CJ$9:$CJ$508,"<"&$CJ15)+COUNTIFS($CD$9:$CD$508,$CD15,$CF$9:$CF$508,$CF15,$CH$9:$CH$508,$CH15,$CJ$9:$CJ$508,$CJ15,$CL$9:$CL$508,"<"&$CL15)+1)) | CN15: =IF(ISBLANK($C15),"",IF($BX15<>Constants!$B$6,$BX15,$CD15-$CM15)) | CQ15: =IF(ISBLANK($C15),"",IF($BX15=Constants!$B$10,$BW15,"")) | CR15: =IF(ISBLANK($C15),"",IF($BX15<>Constants!$B$6,"",IF($BL15="->",2,1))) | CS15: =IF(ISBLANK($C15),"",IF($BX15<>Constants!$B$6,"",IF($BL15="->",$BN15,$BC15))) | CT15: =IF(ISBLANK($C15),"",IF($BX15<>Constants!$B$6,"",IF($BL15="->",$BO15,$BD15))) | CU15: =IF(ISBLANK($C15),"",IF($BX15<>Constants!$B$6,"",IF($BL15="->",$BP15+$BQ15,$BE15+$BF15)+$CB15)) | CV15: =IF(ISBLANK($C15),"",IF($BX15<>Constants!$B$6,"",IF($BL15="->",$BR15,$BG15)+$CA15)) | CW15: =IF(ISBLANK($C15),"",IF($BX15<>Constants!$B$6,$BX15,$CC15)) | CX15: =IF(ISBLANK($C15),"",$BY15) | CY15: =IF(ISBLANK($C15),"",$CN15) | CZ15: =IF(ISBLANK($C15),"",$CM15) | DA15: =IF(ISBLANK($C15),"",IFERROR(_xlfn.SWITCH($CZ15,Constants!$B$9,COUNTA($C$9:$C$508)+2,Constants!$B$8,COUNTA($C$9:$C$508)+1,Constants!$B$7,COUNTA($C$9:$C$508)),$CZ15)) | DC15: =IF(OR(ISNUMBER($CZ15),$CZ15=Constants!$B$9,$CZ15=Constants!$B$7,$CZ15=Constants!$B$8),1,0) -> 0 | DD15: 7 | DE15: =IF(ISBLANK($C15),"",IF(ISNUMBER($DA15),$DA15+ROW($B15)/1000,"")) | DF15: =IF(ISNUMBER($DE15),RANK($DE15,$DE$9:$DE$508,1),"") | DG15: =IF(ISBLANK($C15),"",$B15) | DH15: =IF(ISBLANK($C15),"",$C15) | DI15: =IF(ISBLANK($C15),"",$D15) | DJ15: =$CX15 | DK15: =$CW15 | DL15: =IF(ISBLANK($C15),"",$CZ15) | DM15: =IF($DD15>$DC$8,"",VLOOKUP($DD15,$DF$9:$DL$508,7,FALSE())) | DN15: =IF($DD15>$DC$8,"",VLOOKUP($DD15,$DF$9:$DL$508,2,FALSE())) | DO15: =IF($DD15>$DC$8,"",VLOOKUP($DD15,$DF$9:$DL$508,3,FALSE())) | DP15: =IF($DD15>$DC$8,"",VLOOKUP($DD15,$DF$9:$DL$508,4,FALSE())) | DQ15: =IF($DD15>$DC$8,"",VLOOKUP($DD15,$DF$9:$DL$508,5,FALSE())) | DR15: =IF($DD15>$DC$8,"",VLOOKUP($DD15,$DF$9:$DL$508,6,FALSE()))
AF16: =IF(ISBLANK($C16),"",IF(E16=Constants!$B$2,TRUE(),IF(E16=Constants!$B$3,FALSE(),TRUE()))) | AG16: =IF(ISBLANK($C16),"",IF(F16=Constants!$B$2,TRUE(),IF(F16=Constants!$B$3,FALSE(),TRUE()))) | AH16: =IF(ISBLANK($C16),"",IF(G16=Constants!$B$2,TRUE(),IF(G16=Constants!$B$3,FALSE(),TRUE()))) | AI16: =IF(ISBLANK($C16),"",IF(AND(ISNUMBER(H16),H16>=0),H16,Constants!$B$24)) | AJ16: =IF(ISBLANK($C16),"",IF(I16=Constants!$B$2,TRUE(),IF(I16=Constants!$B$3,FALSE(),TRUE()))) | AK16: =IF(ISBLANK($C16),"",IF(J16=Constants!$B$2,TRUE(),IF(J16=Constants!$B$3,FALSE(),TRUE()))) | AL16: =IF(ISBLANK($C16),"",IF(K16=Constants!$B$4,TRUE(),IF(K16=Constants!$B$5,FALSE(),COUNTA(L16:P16)>0))) | AM16: =IF(ISBLANK($C16),"",IF(ISNUMBER(L16),IF(L16>=0,L16,""),"")) | AN16: =IF(ISBLANK($C16),"",IF(ISNUMBER(M16),IF(M16>=0,M16,""),"")) | AO16: =IF(ISBLANK($C16),"",IF(N16=Constants!$B$2,TRUE(),IF(N16=Constants!$B$3,FALSE(),TRUE()))) | AP16: =IF(ISBLANK($C16),"",IF(ISNUMBER(O16),IF(O16>=0,O16,""),"")) | AQ16: =IF(ISBLANK($C16),"",IF(P16=Constants!$B$2,TRUE(),IF(P16=Constants!$B$3,FALSE(),FALSE()))) | AR16: =IF(ISBLANK($C16),"",IF(Q16=Constants!$B$2,TRUE(),IF(Q16=Constants!$B$3,FALSE(),TRUE()))) | AS16: =IF(ISBLANK($C16),"",IF(R16=Constants!$B$2,TRUE(),IF(R16=Constants!$B$3,FALSE(),TRUE()))) | AT16: =IF(ISBLANK($C16),"",IF(S16=Constants!$B$4,TRUE(),IF(S16=Constants!$B$5,FALSE(),COUNTA(T16:X16)>0))) | AU16: =IF(ISBLANK($C16),"",IF(ISNUMBER(T16),IF(T16>=0,T16,""),"")) | AV16: =IF(ISBLANK($C16),"",IF(ISNUMBER(U16),IF(U16>=0,U16,""),"")) | AW16: =IF(ISBLANK($C16),"",IF(V16=Constants!$B$2,TRUE(),IF(V16=Constants!$B$3,FALSE(),TRUE()))) | AX16: =IF(ISBLANK($C16),"",IF(ISNUMBER(W16),IF(W16>=0,W16,""),"")) | AY16: =IF(ISBLANK($C16),"",IF(X16=Constants!$B$2,TRUE(),IF(X16=Constants!$B$3,FALSE(),FALSE()))) | AZ16: =IF(ISBLANK($C16),"",MIN(Constants!$B$25,MAX(0,IF(ISNUMBER(Y16),Y16*60,0)+IF(ISNUMBER(Z16),Z16,0)))) | BA16: =IF(ISBLANK($C16),"",IF(AA16=Constants!$B$2,TRUE(),IF(AA16=Constants!$B$3,FALSE(),FALSE()))) | BB16: =IF(ISBLANK($C16),"",AND($AL16,OR($AM16="",$AN16="",AND($AO16,$AP16="")))) | BC16: =IF($BX16<>Constants!$B$6,"",IF($AL16,Constants!$B$17*$AN16+Constants!$B$18*IF($AO16,$AP16,Constants!$B$19),Constants!$B$20)) | BD16: =IF($BX16<>Constants!$B$6,"",Constants!$B$21*ABS($AD$9-IF($AL16,$AM16,0))) | BE16: =IF($BX16<>Constants!$B$6,"",IF(AND($AL16,$AQ16,$AO16),Constants!$B$22,0)) | BF16: =IF($BX16<>Constants!$B$6,"",IF($AL16,($AI16-Constants!$B$24)*Constants!$B$23,0)) | BG16: =IF($BX16<>Constants!$B$6,"",IF($AK16,0,Constants!$B$12)+IF($AJ16,0,Constants!$B$13)+IF($AH16,0,Constants!$B$14)) | BH16: =IF($BX16<>Constants!$B$6,"",Constants!$B$16+SUM($BC16:$BG16)) | BI16: =IF($BX16<>Constants!$B$6,"",$BC16) | BJ16: =IF($BX16<>Constants!$B$6,"",$BD16) | BK16: =IF($BX16<>Constants!$B$6,"",IF($AL16,$AN16,"")) | BL16: =IF($BX16<>Constants!$B$6,"",IF(OR($BS16<$BH16,AND($BS16=$BH16,OR($BT16<$BI16,AND($BT16=$BI16,OR($BU16<$BJ16,AND($BU16=$BJ16,AND(ISNUMBER($BV16),OR(NOT(ISNUMBER($BK16)),$BV16<$BK16)))))))),"->","<-")) | BM16: =IF(ISBLANK($C16),"",AND($AT16,OR($AU16="",$AV16="",AND($AW16,$AX16="")))) | BN16: =IF($BX16<>Constants!$B$6,"",IF($AT16,Constants!$B$17*$AV16+Constants!$B$18*IF($AW16,$AX16,Constants!$B$19),Constants!$B$20)) | BO16: =IF($BX16<>Constants!$B$6,"",Constants!$B$21*ABS($AD$9-IF($AT16,$AU16,0))) | BP16: =IF($BX16<>Constants!$B$6,"",IF(AND($AT16,$AY16,$AW16),Constants!$B$22,0)) | BQ16: =IF($BX16<>Constants!$B$6,"",IF($AT16,($AI16-Constants!$B$24)*Constants!$B$23,0)) | BR16: =IF($BX16<>Constants!$B$6,"",IF($AS16,0,Constants!$B$12)+IF($AR16,0,Constants!$B$13)+IF($AH16,0,Constants!$B$14)) | BS16: =IF($BX16<>Constants!$B$6,"",Constants!$B$16+SUM($BN16:$BR16)) | BT16: =IF($BX16<>Constants!$B$6,"",$BN16) | BU16: =IF($BX16<>Constants!$B$6,"",$BO16) | BV16: =IF($BX16<>Constants!$B$6,"",IF($AT16,$AV16,"")) | BW16: =IF(ISBLANK($C16),"",IF(ISBLANK($D$7),$BW$5,IF(NOT(ISNUMBER($D$7)),$BW$6,""))) | BX16: =IF(ISBLANK($C16),"",IF($BA16,Constants!$B$9,IF(COUNTA($E16:$AA16)=0,Constants!$B$8,IF(NOT($AG16),Constants!$B$7,IF(OR($BW16<>"",$BB16,$BM16),Constants!$B$10,Constants!$B$6))))) | BY16: =IF(ISBLANK($C16),"",IF($BX16<>Constants!$B$6,$BX16,Constants!$B$11)) | BZ16: =IF($BX16<>Constants!$B$6,"",IF($BL16="->",$BS16,$BH16)) | CA16: =IF($BX16<>Constants!$B$6,"",IF($AF16,0,Constants!$B$15)) | CB16: =IF($BX16<>Constants!$B$6,"",((Constants!$B$25-$AZ16)-Constants!$B$25)/Constants!$B$26) | CC16: =IF(ISBLANK($C16),"",IF($BX16<>Constants!$B$6,$BX16,SUM($BZ16:$CB16))) | CD16: =IF(ISBLANK($C16),"",IF($BX16<>Constants!$B$6,$BX16,RANK($CC16,$CC$9:$CC$508,1))) | CE16: =IF($BX16<>Constants!$B$6,"",IF($BL16="->",$BT16,$BI16)) | CF16: =IF(ISBLANK($C16),"",IF($BX16<>Constants!$B$6,$BX16,IF(ISNUMBER($CE16),RANK($CE16,$CE$9:$CE$508,1),COUNT($CE$9:$CE$508)+1))) | CG16: =IF($BX16<>Constants!$B$6,"",IF($BL16="->",$BU16,$BJ16)) | CH16: =IF(ISBLANK($C16),"",IF($BX16<>Constants!$B$6,$BX16,IF(ISNUMBER($CG16),RANK($CG16,$CG$9:$CG$508,1),COUNT($CG$9:$CG$508)+1))) | CI16: =IF($BX16<>Constants!$B$6,"",IF($BL16="->",$BV16,$BK16)) | CJ16: =IF(ISBLANK($C16),"",IF($BX16<>Constants!$B$6,$BX16,IF(ISNUMBER($CI16),RANK($CI16,$CI$9:$CI$508,1),COUNT($CI$9:$CI$508)+1))) | CK16: =IF($BX16<>Constants!$B$6,"",$AI16) | CL16: =IF(ISBLANK($C16),"",IF($BX16<>Constants!$B$6,$BX16,IF(ISNUMBER($CK16),RANK($CK16,$CK$9:$CK$508,1),COUNT($CK$9:$CK$508)+1))) | CM16: =IF(ISBLANK($C16),"",IF($BX16<>Constants!$B$6,$BX16,COUNTIFS($CD$9:$CD$508,"<"&$CD16)+COUNTIFS($CD$9:$CD$508,$CD16,$CF$9:$CF$508,"<"&$CF16)+COUNTIFS($CD$9:$CD$508,$CD16,$CF$9:$CF$508,$CF16,$CH$9:$CH$508,"<"&$CH16)+COUNTIFS($CD$9:$CD$508,$CD16,$CF$9:$CF$508,$CF16,$CH$9:$CH$508,$CH16,$CJ$9:$CJ$508,"<"&$CJ16)+COUNTIFS($CD$9:$CD$508,$CD16,$CF$9:$CF$508,$CF16,$CH$9:$CH$508,$CH16,$CJ$9:$CJ$508,$CJ16,$CL$9:$CL$508,"<"&$CL16)+1)) | CN16: =IF(ISBLANK($C16),"",IF($BX16<>Constants!$B$6,$BX16,$CD16-$CM16)) | CQ16: =IF(ISBLANK($C16),"",IF($BX16=Constants!$B$10,$BW16,"")) | CR16: =IF(ISBLANK($C16),"",IF($BX16<>Constants!$B$6,"",IF($BL16="->",2,1))) | CS16: =IF(ISBLANK($C16),"",IF($BX16<>Constants!$B$6,"",IF($BL16="->",$BN16,$BC16))) | CT16: =IF(ISBLANK($C16),"",IF($BX16<>Constants!$B$6,"",IF($BL16="->",$BO16,$BD16))) | CU16: =IF(ISBLANK($C16),"",IF($BX16<>Constants!$B$6,"",IF($BL16="->",$BP16+$BQ16,$BE16+$BF16)+$CB16)) | CV16: =IF(ISBLANK($C16),"",IF($BX16<>Constants!$B$6,"",IF($BL16="->",$BR16,$BG16)+$CA16)) | CW16: =IF(ISBLANK($C16),"",IF($BX16<>Constants!$B$6,$BX16,$CC16)) | CX16: =IF(ISBLANK($C16),"",$BY16) | CY16: =IF(ISBLANK($C16),"",$CN16) | CZ16: =IF(ISBLANK($C16),"",$CM16) | DA16: =IF(ISBLANK($C16),"",IFERROR(_xlfn.SWITCH($CZ16,Constants!$B$9,COUNTA($C$9:$C$508)+2,Constants!$B$8,COUNTA($C$9:$C$508)+1,Constants!$B$7,COUNTA($C$9:$C$508)),$CZ16)) | DC16: =IF(OR(ISNUMBER($CZ16),$CZ16=Constants!$B$9,$CZ16=Constants!$B$7,$CZ16=Constants!$B$8),1,0) -> 0 | DD16: 8 | DE16: =IF(ISBLANK($C16),"",IF(ISNUMBER($DA16),$DA16+ROW($B16)/1000,"")) | DF16: =IF(ISNUMBER($DE16),RANK($DE16,$DE$9:$DE$508,1),"") | DG16: =IF(ISBLANK($C16),"",$B16) | DH16: =IF(ISBLANK($C16),"",$C16) | DI16: =IF(ISBLANK($C16),"",$D16) | DJ16: =$CX16 | DK16: =$CW16 | DL16: =IF(ISBLANK($C16),"",$CZ16) | DM16: =IF($DD16>$DC$8,"",VLOOKUP($DD16,$DF$9:$DL$508,7,FALSE())) | DN16: =IF($DD16>$DC$8,"",VLOOKUP($DD16,$DF$9:$DL$508,2,FALSE())) | DO16: =IF($DD16>$DC$8,"",VLOOKUP($DD16,$DF$9:$DL$508,3,FALSE())) | DP16: =IF($DD16>$DC$8,"",VLOOKUP($DD16,$DF$9:$DL$508,4,FALSE())) | DQ16: =IF($DD16>$DC$8,"",VLOOKUP($DD16,$DF$9:$DL$508,5,FALSE())) | DR16: =IF($DD16>$DC$8,"",VLOOKUP($DD16,$DF$9:$DL$508,6,FALSE()))
AF17: =IF(ISBLANK($C17),"",IF(E17=Constants!$B$2,TRUE(),IF(E17=Constants!$B$3,FALSE(),TRUE()))) | AG17: =IF(ISBLANK($C17),"",IF(F17=Constants!$B$2,TRUE(),IF(F17=Constants!$B$3,FALSE(),TRUE()))) | AH17: =IF(ISBLANK($C17),"",IF(G17=Constants!$B$2,TRUE(),IF(G17=Constants!$B$3,FALSE(),TRUE()))) | AI17: =IF(ISBLANK($C17),"",IF(AND(ISNUMBER(H17),H17>=0),H17,Constants!$B$24)) | AJ17: =IF(ISBLANK($C17),"",IF(I17=Constants!$B$2,TRUE(),IF(I17=Constants!$B$3,FALSE(),TRUE()))) | AK17: =IF(ISBLANK($C17),"",IF(J17=Constants!$B$2,TRUE(),IF(J17=Constants!$B$3,FALSE(),TRUE()))) | AL17: =IF(ISBLANK($C17),"",IF(K17=Constants!$B$4,TRUE(),IF(K17=Constants!$B$5,FALSE(),COUNTA(L17:P17)>0))) | AM17: =IF(ISBLANK($C17),"",IF(ISNUMBER(L17),IF(L17>=0,L17,""),"")) | AN17: =IF(ISBLANK($C17),"",IF(ISNUMBER(M17),IF(M17>=0,M17,""),"")) | AO17: =IF(ISBLANK($C17),"",IF(N17=Constants!$B$2,TRUE(),IF(N17=Constants!$B$3,FALSE(),TRUE()))) | AP17: =IF(ISBLANK($C17),"",IF(ISNUMBER(O17),IF(O17>=0,O17,""),"")) | AQ17: =IF(ISBLANK($C17),"",IF(P17=Constants!$B$2,TRUE(),IF(P17=Constants!$B$3,FALSE(),FALSE()))) | AR17: =IF(ISBLANK($C17),"",IF(Q17=Constants!$B$2,TRUE(),IF(Q17=Constants!$B$3,FALSE(),TRUE()))) | AS17: =IF(ISBLANK($C17),"",IF(R17=Constants!$B$2,TRUE(),IF(R17=Constants!$B$3,FALSE(),TRUE()))) | AT17: =IF(ISBLANK($C17),"",IF(S17=Constants!$B$4,TRUE(),IF(S17=Constants!$B$5,FALSE(),COUNTA(T17:X17)>0))) | AU17: =IF(ISBLANK($C17),"",IF(ISNUMBER(T17),IF(T17>=0,T17,""),"")) | AV17: =IF(ISBLANK($C17),"",IF(ISNUMBER(U17),IF(U17>=0,U17,""),"")) | AW17: =IF(ISBLANK($C17),"",IF(V17=Constants!$B$2,TRUE(),IF(V17=Constants!$B$3,FALSE(),TRUE()))) | AX17: =IF(ISBLANK($C17),"",IF(ISNUMBER(W17),IF(W17>=0,W17,""),"")) | AY17: =IF(ISBLANK($C17),"",IF(X17=Constants!$B$2,TRUE(),IF(X17=Constants!$B$3,FALSE(),FALSE()))) | AZ17: =IF(ISBLANK($C17),"",MIN(Constants!$B$25,MAX(0,IF(ISNUMBER(Y17),Y17*60,0)+IF(ISNUMBER(Z17),Z17,0)))) | BA17: =IF(ISBLANK($C17),"",IF(AA17=Constants!$B$2,TRUE(),IF(AA17=Constants!$B$3,FALSE(),FALSE()))) | BB17: =IF(ISBLANK($C17),"",AND($AL17,OR($AM17="",$AN17="",AND($AO17,$AP17="")))) | BC17: =IF($BX17<>Constants!$B$6,"",IF($AL17,Constants!$B$17*$AN17+Constants!$B$18*IF($AO17,$AP17,Constants!$B$19),Constants!$B$20)) | BD17: =IF($BX17<>Constants!$B$6,"",Constants!$B$21*ABS($AD$9-IF($AL17,$AM17,0))) | BE17: =IF($BX17<>Constants!$B$6,"",IF(AND($AL17,$AQ17,$AO17),Constants!$B$22,0)) | BF17: =IF($BX17<>Constants!$B$6,"",IF($AL17,($AI17-Constants!$B$24)*Constants!$B$23,0)) | BG17: =IF($BX17<>Constants!$B$6,"",IF($AK17,0,Constants!$B$12)+IF($AJ17,0,Constants!$B$13)+IF($AH17,0,Constants!$B$14)) | BH17: =IF($BX17<>Constants!$B$6,"",Constants!$B$16+SUM($BC17:$BG17)) | BI17: =IF($BX17<>Constants!$B$6,"",$BC17) | BJ17: =IF($BX17<>Constants!$B$6,"",$BD17) | BK17: =IF($BX17<>Constants!$B$6,"",IF($AL17,$AN17,"")) | BL17: =IF($BX17<>Constants!$B$6,"",IF(OR($BS17<$BH17,AND($BS17=$BH17,OR($BT17<$BI17,AND($BT17=$BI17,OR($BU17<$BJ17,AND($BU17=$BJ17,AND(ISNUMBER($BV17),OR(NOT(ISNUMBER($BK17)),$BV17<$BK17)))))))),"->","<-")) | BM17: =IF(ISBLANK($C17),"",AND($AT17,OR($AU17="",$AV17="",AND($AW17,$AX17="")))) | BN17: =IF($BX17<>Constants!$B$6,"",IF($AT17,Constants!$B$17*$AV17+Constants!$B$18*IF($AW17,$AX17,Constants!$B$19),Constants!$B$20)) | BO17: =IF($BX17<>Constants!$B$6,"",Constants!$B$21*ABS($AD$9-IF($AT17,$AU17,0))) | BP17: =IF($BX17<>Constants!$B$6,"",IF(AND($AT17,$AY17,$AW17),Constants!$B$22,0)) | BQ17: =IF($BX17<>Constants!$B$6,"",IF($AT17,($AI17-Constants!$B$24)*Constants!$B$23,0)) | BR17: =IF($BX17<>Constants!$B$6,"",IF($AS17,0,Constants!$B$12)+IF($AR17,0,Constants!$B$13)+IF($AH17,0,Constants!$B$14)) | BS17: =IF($BX17<>Constants!$B$6,"",Constants!$B$16+SUM($BN17:$BR17)) | BT17: =IF($BX17<>Constants!$B$6,"",$BN17) | BU17: =IF($BX17<>Constants!$B$6,"",$BO17) | BV17: =IF($BX17<>Constants!$B$6,"",IF($AT17,$AV17,"")) | BW17: =IF(ISBLANK($C17),"",IF(ISBLANK($D$7),$BW$5,IF(NOT(ISNUMBER($D$7)),$BW$6,""))) | BX17: =IF(ISBLANK($C17),"",IF($BA17,Constants!$B$9,IF(COUNTA($E17:$AA17)=0,Constants!$B$8,IF(NOT($AG17),Constants!$B$7,IF(OR($BW17<>"",$BB17,$BM17),Constants!$B$10,Constants!$B$6))))) | BY17: =IF(ISBLANK($C17),"",IF($BX17<>Constants!$B$6,$BX17,Constants!$B$11)) | BZ17: =IF($BX17<>Constants!$B$6,"",IF($BL17="->",$BS17,$BH17)) | CA17: =IF($BX17<>Constants!$B$6,"",IF($AF17,0,Constants!$B$15)) | CB17: =IF($BX17<>Constants!$B$6,"",((Constants!$B$25-$AZ17)-Constants!$B$25)/Constants!$B$26) | CC17: =IF(ISBLANK($C17),"",IF($BX17<>Constants!$B$6,$BX17,SUM($BZ17:$CB17))) | CD17: =IF(ISBLANK($C17),"",IF($BX17<>Constants!$B$6,$BX17,RANK($CC17,$CC$9:$CC$508,1))) | CE17: =IF($BX17<>Constants!$B$6,"",IF($BL17="->",$BT17,$BI17)) | CF17: =IF(ISBLANK($C17),"",IF($BX17<>Constants!$B$6,$BX17,IF(ISNUMBER($CE17),RANK($CE17,$CE$9:$CE$508,1),COUNT($CE$9:$CE$508)+1))) | CG17: =IF($BX17<>Constants!$B$6,"",IF($BL17="->",$BU17,$BJ17)) | CH17: =IF(ISBLANK($C17),"",IF($BX17<>Constants!$B$6,$BX17,IF(ISNUMBER($CG17),RANK($CG17,$CG$9:$CG$508,1),COUNT($CG$9:$CG$508)+1))) | CI17: =IF($BX17<>Constants!$B$6,"",IF($BL17="->",$BV17,$BK17)) | CJ17: =IF(ISBLANK($C17),"",IF($BX17<>Constants!$B$6,$BX17,IF(ISNUMBER($CI17),RANK($CI17,$CI$9:$CI$508,1),COUNT($CI$9:$CI$508)+1))) | CK17: =IF($BX17<>Constants!$B$6,"",$AI17) | CL17: =IF(ISBLANK($C17),"",IF($BX17<>Constants!$B$6,$BX17,IF(ISNUMBER($CK17),RANK($CK17,$CK$9:$CK$508,1),COUNT($CK$9:$CK$508)+1))) | CM17: =IF(ISBLANK($C17),"",IF($BX17<>Constants!$B$6,$BX17,COUNTIFS($CD$9:$CD$508,"<"&$CD17)+COUNTIFS($CD$9:$CD$508,$CD17,$CF$9:$CF$508,"<"&$CF17)+COUNTIFS($CD$9:$CD$508,$CD17,$CF$9:$CF$508,$CF17,$CH$9:$CH$508,"<"&$CH17)+COUNTIFS($CD$9:$CD$508,$CD17,$CF$9:$CF$508,$CF17,$CH$9:$CH$508,$CH17,$CJ$9:$CJ$508,"<"&$CJ17)+COUNTIFS($CD$9:$CD$508,$CD17,$CF$9:$CF$508,$CF17,$CH$9:$CH$508,$CH17,$CJ$9:$CJ$508,$CJ17,$CL$9:$CL$508,"<"&$CL17)+1)) | CN17: =IF(ISBLANK($C17),"",IF($BX17<>Constants!$B$6,$BX17,$CD17-$CM17)) | CQ17: =IF(ISBLANK($C17),"",IF($BX17=Constants!$B$10,$BW17,"")) | CR17: =IF(ISBLANK($C17),"",IF($BX17<>Constants!$B$6,"",IF($BL17="->",2,1))) | CS17: =IF(ISBLANK($C17),"",IF($BX17<>Constants!$B$6,"",IF($BL17="->",$BN17,$BC17))) | CT17: =IF(ISBLANK($C17),"",IF($BX17<>Constants!$B$6,"",IF($BL17="->",$BO17,$BD17))) | CU17: =IF(ISBLANK($C17),"",IF($BX17<>Constants!$B$6,"",IF($BL17="->",$BP17+$BQ17,$BE17+$BF17)+$CB17)) | CV17: =IF(ISBLANK($C17),"",IF($BX17<>Constants!$B$6,"",IF($BL17="->",$BR17,$BG17)+$CA17)) | CW17: =IF(ISBLANK($C17),"",IF($BX17<>Constants!$B$6,$BX17,$CC17)) | CX17: =IF(ISBLANK($C17),"",$BY17) | CY17: =IF(ISBLANK($C17),"",$CN17) | CZ17: =IF(ISBLANK($C17),"",$CM17) | DA17: =IF(ISBLANK($C17),"",IFERROR(_xlfn.SWITCH($CZ17,Constants!$B$9,COUNTA($C$9:$C$508)+2,Constants!$B$8,COUNTA($C$9:$C$508)+1,Constants!$B$7,COUNTA($C$9:$C$508)),$CZ17)) | DC17: =IF(OR(ISNUMBER($CZ17),$CZ17=Constants!$B$9,$CZ17=Constants!$B$7,$CZ17=Constants!$B$8),1,0) -> 0 | DD17: 9 | DE17: =IF(ISBLANK($C17),"",IF(ISNUMBER($DA17),$DA17+ROW($B17)/1000,"")) | DF17: =IF(ISNUMBER($DE17),RANK($DE17,$DE$9:$DE$508,1),"") | DG17: =IF(ISBLANK($C17),"",$B17) | DH17: =IF(ISBLANK($C17),"",$C17) | DI17: =IF(ISBLANK($C17),"",$D17) | DJ17: =$CX17 | DK17: =$CW17 | DL17: =IF(ISBLANK($C17),"",$CZ17) | DM17: =IF($DD17>$DC$8,"",VLOOKUP($DD17,$DF$9:$DL$508,7,FALSE())) | DN17: =IF($DD17>$DC$8,"",VLOOKUP($DD17,$DF$9:$DL$508,2,FALSE())) | DO17: =IF($DD17>$DC$8,"",VLOOKUP($DD17,$DF$9:$DL$508,3,FALSE())) | DP17: =IF($DD17>$DC$8,"",VLOOKUP($DD17,$DF$9:$DL$508,4,FALSE())) | DQ17: =IF($DD17>$DC$8,"",VLOOKUP($DD17,$DF$9:$DL$508,5,FALSE())) | DR17: =IF($DD17>$DC$8,"",VLOOKUP($DD17,$DF$9:$DL$508,6,FALSE()))
AF18: =IF(ISBLANK($C18),"",IF(E18=Constants!$B$2,TRUE(),IF(E18=Constants!$B$3,FALSE(),TRUE()))) | AG18: =IF(ISBLANK($C18),"",IF(F18=Constants!$B$2,TRUE(),IF(F18=Constants!$B$3,FALSE(),TRUE()))) | AH18: =IF(ISBLANK($C18),"",IF(G18=Constants!$B$2,TRUE(),IF(G18=Constants!$B$3,FALSE(),TRUE()))) | AI18: =IF(ISBLANK($C18),"",IF(AND(ISNUMBER(H18),H18>=0),H18,Constants!$B$24)) | AJ18: =IF(ISBLANK($C18),"",IF(I18=Constants!$B$2,TRUE(),IF(I18=Constants!$B$3,FALSE(),TRUE()))) | AK18: =IF(ISBLANK($C18),"",IF(J18=Constants!$B$2,TRUE(),IF(J18=Constants!$B$3,FALSE(),TRUE()))) | AL18: =IF(ISBLANK($C18),"",IF(K18=Constants!$B$4,TRUE(),IF(K18=Constants!$B$5,FALSE(),COUNTA(L18:P18)>0))) | AM18: =IF(ISBLANK($C18),"",IF(ISNUMBER(L18),IF(L18>=0,L18,""),"")) | AN18: =IF(ISBLANK($C18),"",IF(ISNUMBER(M18),IF(M18>=0,M18,""),"")) | AO18: =IF(ISBLANK($C18),"",IF(N18=Constants!$B$2,TRUE(),IF(N18=Constants!$B$3,FALSE(),TRUE()))) | AP18: =IF(ISBLANK($C18),"",IF(ISNUMBER(O18),IF(O18>=0,O18,""),"")) | AQ18: =IF(ISBLANK($C18),"",IF(P18=Constants!$B$2,TRUE(),IF(P18=Constants!$B$3,FALSE(),FALSE()))) | AR18: =IF(ISBLANK($C18),"",IF(Q18=Constants!$B$2,TRUE(),IF(Q18=Constants!$B$3,FALSE(),TRUE()))) | AS18: =IF(ISBLANK($C18),"",IF(R18=Constants!$B$2,TRUE(),IF(R18=Constants!$B$3,FALSE(),TRUE()))) | AT18: =IF(ISBLANK($C18),"",IF(S18=Constants!$B$4,TRUE(),IF(S18=Constants!$B$5,FALSE(),COUNTA(T18:X18)>0))) | AU18: =IF(ISBLANK($C18),"",IF(ISNUMBER(T18),IF(T18>=0,T18,""),"")) | AV18: =IF(ISBLANK($C18),"",IF(ISNUMBER(U18),IF(U18>=0,U18,""),"")) | AW18: =IF(ISBLANK($C18),"",IF(V18=Constants!$B$2,TRUE(),IF(V18=Constants!$B$3,FALSE(),TRUE()))) | AX18: =IF(ISBLANK($C18),"",IF(ISNUMBER(W18),IF(W18>=0,W18,""),"")) | AY18: =IF(ISBLANK($C18),"",IF(X18=Constants!$B$2,TRUE(),IF(X18=Constants!$B$3,FALSE(),FALSE()))) | AZ18: =IF(ISBLANK($C18),"",MIN(Constants!$B$25,MAX(0,IF(ISNUMBER(Y18),Y18*60,0)+IF(ISNUMBER(Z18),Z18,0)))) | BA18: =IF(ISBLANK($C18),"",IF(AA18=Constants!$B$2,TRUE(),IF(AA18=Constants!$B$3,FALSE(),FALSE()))) | BB18: =IF(ISBLANK($C18),"",AND($AL18,OR($AM18="",$AN18="",AND($AO18,$AP18="")))) | BC18: =IF($BX18<>Constants!$B$6,"",IF($AL18,Constants!$B$17*$AN18+Constants!$B$18*IF($AO18,$AP18,Constants!$B$19),Constants!$B$20)) | BD18: =IF($BX18<>Constants!$B$6,"",Constants!$B$21*ABS($AD$9-IF($AL18,$AM18,0))) | BE18: =IF($BX18<>Constants!$B$6,"",IF(AND($AL18,$AQ18,$AO18),Constants!$B$22,0)) | BF18: =IF($BX18<>Constants!$B$6,"",IF($AL18,($AI18-Constants!$B$24)*Constants!$B$23,0)) | BG18: =IF($BX18<>Constants!$B$6,"",IF($AK18,0,Constants!$B$12)+IF($AJ18,0,Constants!$B$13)+IF($AH18,0,Constants!$B$14)) | BH18: =IF($BX18<>Constants!$B$6,"",Constants!$B$16+SUM($BC18:$BG18)) | BI18: =IF($BX18<>Constants!$B$6,"",$BC18) | BJ18: =IF($BX18<>Constants!$B$6,"",$BD18) | BK18: =IF($BX18<>Constants!$B$6,"",IF($AL18,$AN18,"")) | BL18: =IF($BX18<>Constants!$B$6,"",IF(OR($BS18<$BH18,AND($BS18=$BH18,OR($BT18<$BI18,AND($BT18=$BI18,OR($BU18<$BJ18,AND($BU18=$BJ18,AND(ISNUMBER($BV18),OR(NOT(ISNUMBER($BK18)),$BV18<$BK18)))))))),"->","<-")) | BM18: =IF(ISBLANK($C18),"",AND($AT18,OR($AU18="",$AV18="",AND($AW18,$AX18="")))) | BN18: =IF($BX18<>Constants!$B$6,"",IF($AT18,Constants!$B$17*$AV18+Constants!$B$18*IF($AW18,$AX18,Constants!$B$19),Constants!$B$20)) | BO18: =IF($BX18<>Constants!$B$6,"",Constants!$B$21*ABS($AD$9-IF($AT18,$AU18,0))) | BP18: =IF($BX18<>Constants!$B$6,"",IF(AND($AT18,$AY18,$AW18),Constants!$B$22,0)) | BQ18: =IF($BX18<>Constants!$B$6,"",IF($AT18,($AI18-Constants!$B$24)*Constants!$B$23,0)) | BR18: =IF($BX18<>Constants!$B$6,"",IF($AS18,0,Constants!$B$12)+IF($AR18,0,Constants!$B$13)+IF($AH18,0,Constants!$B$14)) | BS18: =IF($BX18<>Constants!$B$6,"",Constants!$B$16+SUM($BN18:$BR18)) | BT18: =IF($BX18<>Constants!$B$6,"",$BN18) | BU18: =IF($BX18<>Constants!$B$6,"",$BO18) | BV18: =IF($BX18<>Constants!$B$6,"",IF($AT18,$AV18,"")) | BW18: =IF(ISBLANK($C18),"",IF(ISBLANK($D$7),$BW$5,IF(NOT(ISNUMBER($D$7)),$BW$6,""))) | BX18: =IF(ISBLANK($C18),"",IF($BA18,Constants!$B$9,IF(COUNTA($E18:$AA18)=0,Constants!$B$8,IF(NOT($AG18),Constants!$B$7,IF(OR($BW18<>"",$BB18,$BM18),Constants!$B$10,Constants!$B$6))))) | BY18: =IF(ISBLANK($C18),"",IF($BX18<>Constants!$B$6,$BX18,Constants!$B$11)) | BZ18: =IF($BX18<>Constants!$B$6,"",IF($BL18="->",$BS18,$BH18)) | CA18: =IF($BX18<>Constants!$B$6,"",IF($AF18,0,Constants!$B$15)) | CB18: =IF($BX18<>Constants!$B$6,"",((Constants!$B$25-$AZ18)-Constants!$B$25)/Constants!$B$26) | CC18: =IF(ISBLANK($C18),"",IF($BX18<>Constants!$B$6,$BX18,SUM($BZ18:$CB18))) | CD18: =IF(ISBLANK($C18),"",IF($BX18<>Constants!$B$6,$BX18,RANK($CC18,$CC$9:$CC$508,1))) | CE18: =IF($BX18<>Constants!$B$6,"",IF($BL18="->",$BT18,$BI18)) | CF18: =IF(ISBLANK($C18),"",IF($BX18<>Constants!$B$6,$BX18,IF(ISNUMBER($CE18),RANK($CE18,$CE$9:$CE$508,1),COUNT($CE$9:$CE$508)+1))) | CG18: =IF($BX18<>Constants!$B$6,"",IF($BL18="->",$BU18,$BJ18)) | CH18: =IF(ISBLANK($C18),"",IF($BX18<>Constants!$B$6,$BX18,IF(ISNUMBER($CG18),RANK($CG18,$CG$9:$CG$508,1),COUNT($CG$9:$CG$508)+1))) | CI18: =IF($BX18<>Constants!$B$6,"",IF($BL18="->",$BV18,$BK18)) | CJ18: =IF(ISBLANK($C18),"",IF($BX18<>Constants!$B$6,$BX18,IF(ISNUMBER($CI18),RANK($CI18,$CI$9:$CI$508,1),COUNT($CI$9:$CI$508)+1))) | CK18: =IF($BX18<>Constants!$B$6,"",$AI18) | CL18: =IF(ISBLANK($C18),"",IF($BX18<>Constants!$B$6,$BX18,IF(ISNUMBER($CK18),RANK($CK18,$CK$9:$CK$508,1),COUNT($CK$9:$CK$508)+1))) | CM18: =IF(ISBLANK($C18),"",IF($BX18<>Constants!$B$6,$BX18,COUNTIFS($CD$9:$CD$508,"<"&$CD18)+COUNTIFS($CD$9:$CD$508,$CD18,$CF$9:$CF$508,"<"&$CF18)+COUNTIFS($CD$9:$CD$508,$CD18,$CF$9:$CF$508,$CF18,$CH$9:$CH$508,"<"&$CH18)+COUNTIFS($CD$9:$CD$508,$CD18,$CF$9:$CF$508,$CF18,$CH$9:$CH$508,$CH18,$CJ$9:$CJ$508,"<"&$CJ18)+COUNTIFS($CD$9:$CD$508,$CD18,$CF$9:$CF$508,$CF18,$CH$9:$CH$508,$CH18,$CJ$9:$CJ$508,$CJ18,$CL$9:$CL$508,"<"&$CL18)+1)) | CN18: =IF(ISBLANK($C18),"",IF($BX18<>Constants!$B$6,$BX18,$CD18-$CM18)) | CQ18: =IF(ISBLANK($C18),"",IF($BX18=Constants!$B$10,$BW18,"")) | CR18: =IF(ISBLANK($C18),"",IF($BX18<>Constants!$B$6,"",IF($BL18="->",2,1))) | CS18: =IF(ISBLANK($C18),"",IF($BX18<>Constants!$B$6,"",IF($BL18="->",$BN18,$BC18))) | CT18: =IF(ISBLANK($C18),"",IF($BX18<>Constants!$B$6,"",IF($BL18="->",$BO18,$BD18))) | CU18: =IF(ISBLANK($C18),"",IF($BX18<>Constants!$B$6,"",IF($BL18="->",$BP18+$BQ18,$BE18+$BF18)+$CB18)) | CV18: =IF(ISBLANK($C18),"",IF($BX18<>Constants!$B$6,"",IF($BL18="->",$BR18,$BG18)+$CA18)) | CW18: =IF(ISBLANK($C18),"",IF($BX18<>Constants!$B$6,$BX18,$CC18)) | CX18: =IF(ISBLANK($C18),"",$BY18) | CY18: =IF(ISBLANK($C18),"",$CN18) | CZ18: =IF(ISBLANK($C18),"",$CM18) | DA18: =IF(ISBLANK($C18),"",IFERROR(_xlfn.SWITCH($CZ18,Constants!$B$9,COUNTA($C$9:$C$508)+2,Constants!$B$8,COUNTA($C$9:$C$508)+1,Constants!$B$7,COUNTA($C$9:$C$508)),$CZ18)) | DC18: =IF(OR(ISNUMBER($CZ18),$CZ18=Constants!$B$9,$CZ18=Constants!$B$7,$CZ18=Constants!$B$8),1,0) -> 0 | DD18: 10 | DE18: =IF(ISBLANK($C18),"",IF(ISNUMBER($DA18),$DA18+ROW($B18)/1000,"")) | DF18: =IF(ISNUMBER($DE18),RANK($DE18,$DE$9:$DE$508,1),"") | DG18: =IF(ISBLANK($C18),"",$B18) | DH18: =IF(ISBLANK($C18),"",$C18) | DI18: =IF(ISBLANK($C18),"",$D18) | DJ18: =$CX18 | DK18: =$CW18 | DL18: =IF(ISBLANK($C18),"",$CZ18) | DM18: =IF($DD18>$DC$8,"",VLOOKUP($DD18,$DF$9:$DL$508,7,FALSE())) | DN18: =IF($DD18>$DC$8,"",VLOOKUP($DD18,$DF$9:$DL$508,2,FALSE())) | DO18: =IF($DD18>$DC$8,"",VLOOKUP($DD18,$DF$9:$DL$508,3,FALSE())) | DP18: =IF($DD18>$DC$8,"",VLOOKUP($DD18,$DF$9:$DL$508,4,FALSE())) | DQ18: =IF($DD18>$DC$8,"",VLOOKUP($DD18,$DF$9:$DL$508,5,FALSE())) | DR18: =IF($DD18>$DC$8,"",VLOOKUP($DD18,$DF$9:$DL$508,6,FALSE()))
AF19: =IF(ISBLANK($C19),"",IF(E19=Constants!$B$2,TRUE(),IF(E19=Constants!$B$3,FALSE(),TRUE()))) | AG19: =IF(ISBLANK($C19),"",IF(F19=Constants!$B$2,TRUE(),IF(F19=Constants!$B$3,FALSE(),TRUE()))) | AH19: =IF(ISBLANK($C19),"",IF(G19=Constants!$B$2,TRUE(),IF(G19=Constants!$B$3,FALSE(),TRUE()))) | AI19: =IF(ISBLANK($C19),"",IF(AND(ISNUMBER(H19),H19>=0),H19,Constants!$B$24)) | AJ19: =IF(ISBLANK($C19),"",IF(I19=Constants!$B$2,TRUE(),IF(I19=Constants!$B$3,FALSE(),TRUE()))) | AK19: =IF(ISBLANK($C19),"",IF(J19=Constants!$B$2,TRUE(),IF(J19=Constants!$B$3,FALSE(),TRUE()))) | AL19: =IF(ISBLANK($C19),"",IF(K19=Constants!$B$4,TRUE(),IF(K19=Constants!$B$5,FALSE(),COUNTA(L19:P19)>0))) | AM19: =IF(ISBLANK($C19),"",IF(ISNUMBER(L19),IF(L19>=0,L19,""),"")) | AN19: =IF(ISBLANK($C19),"",IF(ISNUMBER(M19),IF(M19>=0,M19,""),"")) | AO19: =IF(ISBLANK($C19),"",IF(N19=Constants!$B$2,TRUE(),IF(N19=Constants!$B$3,FALSE(),TRUE()))) | AP19: =IF(ISBLANK($C19),"",IF(ISNUMBER(O19),IF(O19>=0,O19,""),"")) | AQ19: =IF(ISBLANK($C19),"",IF(P19=Constants!$B$2,TRUE(),IF(P19=Constants!$B$3,FALSE(),FALSE()))) | AR19: =IF(ISBLANK($C19),"",IF(Q19=Constants!$B$2,TRUE(),IF(Q19=Constants!$B$3,FALSE(),TRUE()))) | AS19: =IF(ISBLANK($C19),"",IF(R19=Constants!$B$2,TRUE(),IF(R19=Constants!$B$3,FALSE(),TRUE()))) | AT19: =IF(ISBLANK($C19),"",IF(S19=Constants!$B$4,TRUE(),IF(S19=Constants!$B$5,FALSE(),COUNTA(T19:X19)>0))) | AU19: =IF(ISBLANK($C19),"",IF(ISNUMBER(T19),IF(T19>=0,T19,""),"")) | AV19: =IF(ISBLANK($C19),"",IF(ISNUMBER(U19),IF(U19>=0,U19,""),"")) | AW19: =IF(ISBLANK($C19),"",IF(V19=Constants!$B$2,TRUE(),IF(V19=Constants!$B$3,FALSE(),TRUE()))) | AX19: =IF(ISBLANK($C19),"",IF(ISNUMBER(W19),IF(W19>=0,W19,""),"")) | AY19: =IF(ISBLANK($C19),"",IF(X19=Constants!$B$2,TRUE(),IF(X19=Constants!$B$3,FALSE(),FALSE()))) | AZ19: =IF(ISBLANK($C19),"",MIN(Constants!$B$25,MAX(0,IF(ISNUMBER(Y19),Y19*60,0)+IF(ISNUMBER(Z19),Z19,0)))) | BA19: =IF(ISBLANK($C19),"",IF(AA19=Constants!$B$2,TRUE(),IF(AA19=Constants!$B$3,FALSE(),FALSE()))) | BB19: =IF(ISBLANK($C19),"",AND($AL19,OR($AM19="",$AN19="",AND($AO19,$AP19="")))) | BC19: =IF($BX19<>Constants!$B$6,"",IF($AL19,Constants!$B$17*$AN19+Constants!$B$18*IF($AO19,$AP19,Constants!$B$19),Constants!$B$20)) | BD19: =IF($BX19<>Constants!$B$6,"",Constants!$B$21*ABS($AD$9-IF($AL19,$AM19,0))) | BE19: =IF($BX19<>Constants!$B$6,"",IF(AND($AL19,$AQ19,$AO19),Constants!$B$22,0)) | BF19: =IF($BX19<>Constants!$B$6,"",IF($AL19,($AI19-Constants!$B$24)*Constants!$B$23,0)) | BG19: =IF($BX19<>Constants!$B$6,"",IF($AK19,0,Constants!$B$12)+IF($AJ19,0,Constants!$B$13)+IF($AH19,0,Constants!$B$14)) | BH19: =IF($BX19<>Constants!$B$6,"",Constants!$B$16+SUM($BC19:$BG19)) | BI19: =IF($BX19<>Constants!$B$6,"",$BC19) | BJ19: =IF($BX19<>Constants!$B$6,"",$BD19) | BK19: =IF($BX19<>Constants!$B$6,"",IF($AL19,$AN19,"")) | BL19: =IF($BX19<>Constants!$B$6,"",IF(OR($BS19<$BH19,AND($BS19=$BH19,OR($BT19<$BI19,AND($BT19=$BI19,OR($BU19<$BJ19,AND($BU19=$BJ19,AND(ISNUMBER($BV19),OR(NOT(ISNUMBER($BK19)),$BV19<$BK19)))))))),"->","<-")) | BM19: =IF(ISBLANK($C19),"",AND($AT19,OR($AU19="",$AV19="",AND($AW19,$AX19="")))) | BN19: =IF($BX19<>Constants!$B$6,"",IF($AT19,Constants!$B$17*$AV19+Constants!$B$18*IF($AW19,$AX19,Constants!$B$19),Constants!$B$20)) | BO19: =IF($BX19<>Constants!$B$6,"",Constants!$B$21*ABS($AD$9-IF($AT19,$AU19,0))) | BP19: =IF($BX19<>Constants!$B$6,"",IF(AND($AT19,$AY19,$AW19),Constants!$B$22,0)) | BQ19: =IF($BX19<>Constants!$B$6,"",IF($AT19,($AI19-Constants!$B$24)*Constants!$B$23,0)) | BR19: =IF($BX19<>Constants!$B$6,"",IF($AS19,0,Constants!$B$12)+IF($AR19,0,Constants!$B$13)+IF($AH19,0,Constants!$B$14)) | BS19: =IF($BX19<>Constants!$B$6,"",Constants!$B$16+SUM($BN19:$BR19)) | BT19: =IF($BX19<>Constants!$B$6,"",$BN19) | BU19: =IF($BX19<>Constants!$B$6,"",$BO19) | BV19: =IF($BX19<>Constants!$B$6,"",IF($AT19,$AV19,"")) | BW19: =IF(ISBLANK($C19),"",IF(ISBLANK($D$7),$BW$5,IF(NOT(ISNUMBER($D$7)),$BW$6,""))) | BX19: =IF(ISBLANK($C19),"",IF($BA19,Constants!$B$9,IF(COUNTA($E19:$AA19)=0,Constants!$B$8,IF(NOT($AG19),Constants!$B$7,IF(OR($BW19<>"",$BB19,$BM19),Constants!$B$10,Constants!$B$6))))) | BY19: =IF(ISBLANK($C19),"",IF($BX19<>Constants!$B$6,$BX19,Constants!$B$11)) | BZ19: =IF($BX19<>Constants!$B$6,"",IF($BL19="->",$BS19,$BH19)) | CA19: =IF($BX19<>Constants!$B$6,"",IF($AF19,0,Constants!$B$15)) | CB19: =IF($BX19<>Constants!$B$6,"",((Constants!$B$25-$AZ19)-Constants!$B$25)/Constants!$B$26) | CC19: =IF(ISBLANK($C19),"",IF($BX19<>Constants!$B$6,$BX19,SUM($BZ19:$CB19))) | CD19: =IF(ISBLANK($C19),"",IF($BX19<>Constants!$B$6,$BX19,RANK($CC19,$CC$9:$CC$508,1))) | CE19: =IF($BX19<>Constants!$B$6,"",IF($BL19="->",$BT19,$BI19)) | CF19: =IF(ISBLANK($C19),"",IF($BX19<>Constants!$B$6,$BX19,IF(ISNUMBER($CE19),RANK($CE19,$CE$9:$CE$508,1),COUNT($CE$9:$CE$508)+1))) | CG19: =IF($BX19<>Constants!$B$6,"",IF($BL19="->",$BU19,$BJ19)) | CH19: =IF(ISBLANK($C19),"",IF($BX19<>Constants!$B$6,$BX19,IF(ISNUMBER($CG19),RANK($CG19,$CG$9:$CG$508,1),COUNT($CG$9:$CG$508)+1))) | CI19: =IF($BX19<>Constants!$B$6,"",IF($BL19="->",$BV19,$BK19)) | CJ19: =IF(ISBLANK($C19),"",IF($BX19<>Constants!$B$6,$BX19,IF(ISNUMBER($CI19),RANK($CI19,$CI$9:$CI$508,1),COUNT($CI$9:$CI$508)+1))) | CK19: =IF($BX19<>Constants!$B$6,"",$AI19) | CL19: =IF(ISBLANK($C19),"",IF($BX19<>Constants!$B$6,$BX19,IF(ISNUMBER($CK19),RANK($CK19,$CK$9:$CK$508,1),COUNT($CK$9:$CK$508)+1))) | CM19: =IF(ISBLANK($C19),"",IF($BX19<>Constants!$B$6,$BX19,COUNTIFS($CD$9:$CD$508,"<"&$CD19)+COUNTIFS($CD$9:$CD$508,$CD19,$CF$9:$CF$508,"<"&$CF19)+COUNTIFS($CD$9:$CD$508,$CD19,$CF$9:$CF$508,$CF19,$CH$9:$CH$508,"<"&$CH19)+COUNTIFS($CD$9:$CD$508,$CD19,$CF$9:$CF$508,$CF19,$CH$9:$CH$508,$CH19,$CJ$9:$CJ$508,"<"&$CJ19)+COUNTIFS($CD$9:$CD$508,$CD19,$CF$9:$CF$508,$CF19,$CH$9:$CH$508,$CH19,$CJ$9:$CJ$508,$CJ19,$CL$9:$CL$508,"<"&$CL19)+1)) | CN19: =IF(ISBLANK($C19),"",IF($BX19<>Constants!$B$6,$BX19,$CD19-$CM19)) | CQ19: =IF(ISBLANK($C19),"",IF($BX19=Constants!$B$10,$BW19,"")) | CR19: =IF(ISBLANK($C19),"",IF($BX19<>Constants!$B$6,"",IF($BL19="->",2,1))) | CS19: =IF(ISBLANK($C19),"",IF($BX19<>Constants!$B$6,"",IF($BL19="->",$BN19,$BC19))) | CT19: =IF(ISBLANK($C19),"",IF($BX19<>Constants!$B$6,"",IF($BL19="->",$BO19,$BD19))) | CU19: =IF(ISBLANK($C19),"",IF($BX19<>Constants!$B$6,"",IF($BL19="->",$BP19+$BQ19,$BE19+$BF19)+$CB19)) | CV19: =IF(ISBLANK($C19),"",IF($BX19<>Constants!$B$6,"",IF($BL19="->",$BR19,$BG19)+$CA19)) | CW19: =IF(ISBLANK($C19),"",IF($BX19<>Constants!$B$6,$BX19,$CC19)) | CX19: =IF(ISBLANK($C19),"",$BY19) | CY19: =IF(ISBLANK($C19),"",$CN19) | CZ19: =IF(ISBLANK($C19),"",$CM19) | DA19: =IF(ISBLANK($C19),"",IFERROR(_xlfn.SWITCH($CZ19,Constants!$B$9,COUNTA($C$9:$C$508)+2,Constants!$B$8,COUNTA($C$9:$C$508)+1,Constants!$B$7,COUNTA($C$9:$C$508)),$CZ19)) | DC19: =IF(OR(ISNUMBER($CZ19),$CZ19=Constants!$B$9,$CZ19=Constants!$B$7,$CZ19=Constants!$B$8),1,0) -> 0 | DD19: 11 | DE19: =IF(ISBLANK($C19),"",IF(ISNUMBER($DA19),$DA19+ROW($B19)/1000,"")) | DF19: =IF(ISNUMBER($DE19),RANK($DE19,$DE$9:$DE$508,1),"") | DG19: =IF(ISBLANK($C19),"",$B19) | DH19: =IF(ISBLANK($C19),"",$C19) | DI19: =IF(ISBLANK($C19),"",$D19) | DJ19: =$CX19 | DK19: =$CW19 | DL19: =IF(ISBLANK($C19),"",$CZ19) | DM19: =IF($DD19>$DC$8,"",VLOOKUP($DD19,$DF$9:$DL$508,7,FALSE())) | DN19: =IF($DD19>$DC$8,"",VLOOKUP($DD19,$DF$9:$DL$508,2,FALSE())) | DO19: =IF($DD19>$DC$8,"",VLOOKUP($DD19,$DF$9:$DL$508,3,FALSE())) | DP19: =IF($DD19>$DC$8,"",VLOOKUP($DD19,$DF$9:$DL$508,4,FALSE())) | DQ19: =IF($DD19>$DC$8,"",VLOOKUP($DD19,$DF$9:$DL$508,5,FALSE())) | DR19: =IF($DD19>$DC$8,"",VLOOKUP($DD19,$DF$9:$DL$508,6,FALSE()))
AF20: =IF(ISBLANK($C20),"",IF(E20=Constants!$B$2,TRUE(),IF(E20=Constants!$B$3,FALSE(),TRUE()))) | AG20: =IF(ISBLANK($C20),"",IF(F20=Constants!$B$2,TRUE(),IF(F20=Constants!$B$3,FALSE(),TRUE()))) | AH20: =IF(ISBLANK($C20),"",IF(G20=Constants!$B$2,TRUE(),IF(G20=Constants!$B$3,FALSE(),TRUE()))) | AI20: =IF(ISBLANK($C20),"",IF(AND(ISNUMBER(H20),H20>=0),H20,Constants!$B$24)) | AJ20: =IF(ISBLANK($C20),"",IF(I20=Constants!$B$2,TRUE(),IF(I20=Constants!$B$3,FALSE(),TRUE()))) | AK20: =IF(ISBLANK($C20),"",IF(J20=Constants!$B$2,TRUE(),IF(J20=Constants!$B$3,FALSE(),TRUE()))) | AL20: =IF(ISBLANK($C20),"",IF(K20=Constants!$B$4,TRUE(),IF(K20=Constants!$B$5,FALSE(),COUNTA(L20:P20)>0))) | AM20: =IF(ISBLANK($C20),"",IF(ISNUMBER(L20),IF(L20>=0,L20,""),"")) | AN20: =IF(ISBLANK($C20),"",IF(ISNUMBER(M20),IF(M20>=0,M20,""),"")) | AO20: =IF(ISBLANK($C20),"",IF(N20=Constants!$B$2,TRUE(),IF(N20=Constants!$B$3,FALSE(),TRUE()))) | AP20: =IF(ISBLANK($C20),"",IF(ISNUMBER(O20),IF(O20>=0,O20,""),"")) | AQ20: =IF(ISBLANK($C20),"",IF(P20=Constants!$B$2,TRUE(),IF(P20=Constants!$B$3,FALSE(),FALSE()))) | AR20: =IF(ISBLANK($C20),"",IF(Q20=Constants!$B$2,TRUE(),IF(Q20=Constants!$B$3,FALSE(),TRUE()))) | AS20: =IF(ISBLANK($C20),"",IF(R20=Constants!$B$2,TRUE(),IF(R20=Constants!$B$3,FALSE(),TRUE()))) | AT20: =IF(ISBLANK($C20),"",IF(S20=Constants!$B$4,TRUE(),IF(S20=Constants!$B$5,FALSE(),COUNTA(T20:X20)>0))) | AU20: =IF(ISBLANK($C20),"",IF(ISNUMBER(T20),IF(T20>=0,T20,""),"")) | AV20: =IF(ISBLANK($C20),"",IF(ISNUMBER(U20),IF(U20>=0,U20,""),"")) | AW20: =IF(ISBLANK($C20),"",IF(V20=Constants!$B$2,TRUE(),IF(V20=Constants!$B$3,FALSE(),TRUE()))) | AX20: =IF(ISBLANK($C20),"",IF(ISNUMBER(W20),IF(W20>=0,W20,""),"")) | AY20: =IF(ISBLANK($C20),"",IF(X20=Constants!$B$2,TRUE(),IF(X20=Constants!$B$3,FALSE(),FALSE()))) | AZ20: =IF(ISBLANK($C20),"",MIN(Constants!$B$25,MAX(0,IF(ISNUMBER(Y20),Y20*60,0)+IF(ISNUMBER(Z20),Z20,0)))) | BA20: =IF(ISBLANK($C20),"",IF(AA20=Constants!$B$2,TRUE(),IF(AA20=Constants!$B$3,FALSE(),FALSE()))) | BB20: =IF(ISBLANK($C20),"",AND($AL20,OR($AM20="",$AN20="",AND($AO20,$AP20="")))) | BC20: =IF($BX20<>Constants!$B$6,"",IF($AL20,Constants!$B$17*$AN20+Constants!$B$18*IF($AO20,$AP20,Constants!$B$19),Constants!$B$20)) | BD20: =IF($BX20<>Constants!$B$6,"",Constants!$B$21*ABS($AD$9-IF($AL20,$AM20,0))) | BE20: =IF($BX20<>Constants!$B$6,"",IF(AND($AL20,$AQ20,$AO20),Constants!$B$22,0)) | BF20: =IF($BX20<>Constants!$B$6,"",IF($AL20,($AI20-Constants!$B$24)*Constants!$B$23,0)) | BG20: =IF($BX20<>Constants!$B$6,"",IF($AK20,0,Constants!$B$12)+IF($AJ20,0,Constants!$B$13)+IF($AH20,0,Constants!$B$14)) | BH20: =IF($BX20<>Constants!$B$6,"",Constants!$B$16+SUM($BC20:$BG20)) | BI20: =IF($BX20<>Constants!$B$6,"",$BC20) | BJ20: =IF($BX20<>Constants!$B$6,"",$BD20) | BK20: =IF($BX20<>Constants!$B$6,"",IF($AL20,$AN20,"")) | BL20: =IF($BX20<>Constants!$B$6,"",IF(OR($BS20<$BH20,AND($BS20=$BH20,OR($BT20<$BI20,AND($BT20=$BI20,OR($BU20<$BJ20,AND($BU20=$BJ20,AND(ISNUMBER($BV20),OR(NOT(ISNUMBER($BK20)),$BV20<$BK20)))))))),"->","<-")) | BM20: =IF(ISBLANK($C20),"",AND($AT20,OR($AU20="",$AV20="",AND($AW20,$AX20="")))) | BN20: =IF($BX20<>Constants!$B$6,"",IF($AT20,Constants!$B$17*$AV20+Constants!$B$18*IF($AW20,$AX20,Constants!$B$19),Constants!$B$20)) | BO20: =IF($BX20<>Constants!$B$6,"",Constants!$B$21*ABS($AD$9-IF($AT20,$AU20,0))) | BP20: =IF($BX20<>Constants!$B$6,"",IF(AND($AT20,$AY20,$AW20),Constants!$B$22,0)) | BQ20: =IF($BX20<>Constants!$B$6,"",IF($AT20,($AI20-Constants!$B$24)*Constants!$B$23,0)) | BR20: =IF($BX20<>Constants!$B$6,"",IF($AS20,0,Constants!$B$12)+IF($AR20,0,Constants!$B$13)+IF($AH20,0,Constants!$B$14)) | BS20: =IF($BX20<>Constants!$B$6,"",Constants!$B$16+SUM($BN20:$BR20)) | BT20: =IF($BX20<>Constants!$B$6,"",$BN20) | BU20: =IF($BX20<>Constants!$B$6,"",$BO20) | BV20: =IF($BX20<>Constants!$B$6,"",IF($AT20,$AV20,"")) | BW20: =IF(ISBLANK($C20),"",IF(ISBLANK($D$7),$BW$5,IF(NOT(ISNUMBER($D$7)),$BW$6,""))) | BX20: =IF(ISBLANK($C20),"",IF($BA20,Constants!$B$9,IF(COUNTA($E20:$AA20)=0,Constants!$B$8,IF(NOT($AG20),Constants!$B$7,IF(OR($BW20<>"",$BB20,$BM20),Constants!$B$10,Constants!$B$6))))) | BY20: =IF(ISBLANK($C20),"",IF($BX20<>Constants!$B$6,$BX20,Constants!$B$11)) | BZ20: =IF($BX20<>Constants!$B$6,"",IF($BL20="->",$BS20,$BH20)) | CA20: =IF($BX20<>Constants!$B$6,"",IF($AF20,0,Constants!$B$15)) | CB20: =IF($BX20<>Constants!$B$6,"",((Constants!$B$25-$AZ20)-Constants!$B$25)/Constants!$B$26) | CC20: =IF(ISBLANK($C20),"",IF($BX20<>Constants!$B$6,$BX20,SUM($BZ20:$CB20))) | CD20: =IF(ISBLANK($C20),"",IF($BX20<>Constants!$B$6,$BX20,RANK($CC20,$CC$9:$CC$508,1))) | CE20: =IF($BX20<>Constants!$B$6,"",IF($BL20="->",$BT20,$BI20)) | CF20: =IF(ISBLANK($C20),"",IF($BX20<>Constants!$B$6,$BX20,IF(ISNUMBER($CE20),RANK($CE20,$CE$9:$CE$508,1),COUNT($CE$9:$CE$508)+1))) | CG20: =IF($BX20<>Constants!$B$6,"",IF($BL20="->",$BU20,$BJ20)) | CH20: =IF(ISBLANK($C20),"",IF($BX20<>Constants!$B$6,$BX20,IF(ISNUMBER($CG20),RANK($CG20,$CG$9:$CG$508,1),COUNT($CG$9:$CG$508)+1))) | CI20: =IF($BX20<>Constants!$B$6,"",IF($BL20="->",$BV20,$BK20)) | CJ20: =IF(ISBLANK($C20),"",IF($BX20<>Constants!$B$6,$BX20,IF(ISNUMBER($CI20),RANK($CI20,$CI$9:$CI$508,1),COUNT($CI$9:$CI$508)+1))) | CK20: =IF($BX20<>Constants!$B$6,"",$AI20) | CL20: =IF(ISBLANK($C20),"",IF($BX20<>Constants!$B$6,$BX20,IF(ISNUMBER($CK20),RANK($CK20,$CK$9:$CK$508,1),COUNT($CK$9:$CK$508)+1))) | CM20: =IF(ISBLANK($C20),"",IF($BX20<>Constants!$B$6,$BX20,COUNTIFS($CD$9:$CD$508,"<"&$CD20)+COUNTIFS($CD$9:$CD$508,$CD20,$CF$9:$CF$508,"<"&$CF20)+COUNTIFS($CD$9:$CD$508,$CD20,$CF$9:$CF$508,$CF20,$CH$9:$CH$508,"<"&$CH20)+COUNTIFS($CD$9:$CD$508,$CD20,$CF$9:$CF$508,$CF20,$CH$9:$CH$508,$CH20,$CJ$9:$CJ$508,"<"&$CJ20)+COUNTIFS($CD$9:$CD$508,$CD20,$CF$9:$CF$508,$CF20,$CH$9:$CH$508,$CH20,$CJ$9:$CJ$508,$CJ20,$CL$9:$CL$508,"<"&$CL20)+1)) | CN20: =IF(ISBLANK($C20),"",IF($BX20<>Constants!$B$6,$BX20,$CD20-$CM20)) | CQ20: =IF(ISBLANK($C20),"",IF($BX20=Constants!$B$10,$BW20,"")) | CR20: =IF(ISBLANK($C20),"",IF($BX20<>Constants!$B$6,"",IF($BL20="->",2,1))) | CS20: =IF(ISBLANK($C20),"",IF($BX20<>Constants!$B$6,"",IF($BL20="->",$BN20,$BC20))) | CT20: =IF(ISBLANK($C20),"",IF($BX20<>Constants!$B$6,"",IF($BL20="->",$BO20,$BD20))) | CU20: =IF(ISBLANK($C20),"",IF($BX20<>Constants!$B$6,"",IF($BL20="->",$BP20+$BQ20,$BE20+$BF20)+$CB20)) | CV20: =IF(ISBLANK($C20),"",IF($BX20<>Constants!$B$6,"",IF($BL20="->",$BR20,$BG20)+$CA20)) | CW20: =IF(ISBLANK($C20),"",IF($BX20<>Constants!$B$6,$BX20,$CC20)) | CX20: =IF(ISBLANK($C20),"",$BY20) | CY20: =IF(ISBLANK($C20),"",$CN20) | CZ20: =IF(ISBLANK($C20),"",$CM20) | DA20: =IF(ISBLANK($C20),"",IFERROR(_xlfn.SWITCH($CZ20,Constants!$B$9,COUNTA($C$9:$C$508)+2,Constants!$B$8,COUNTA($C$9:$C$508)+1,Constants!$B$7,COUNTA($C$9:$C$508)),$CZ20)) | DC20: =IF(OR(ISNUMBER($CZ20),$CZ20=Constants!$B$9,$CZ20=Constants!$B$7,$CZ20=Constants!$B$8),1,0) -> 0 | DD20: 12 | DE20: =IF(ISBLANK($C20),"",IF(ISNUMBER($DA20),$DA20+ROW($B20)/1000,"")) | DF20: =IF(ISNUMBER($DE20),RANK($DE20,$DE$9:$DE$508,1),"") | DG20: =IF(ISBLANK($C20),"",$B20) | DH20: =IF(ISBLANK($C20),"",$C20) | DI20: =IF(ISBLANK($C20),"",$D20) | DJ20: =$CX20 | DK20: =$CW20 | DL20: =IF(ISBLANK($C20),"",$CZ20) | DM20: =IF($DD20>$DC$8,"",VLOOKUP($DD20,$DF$9:$DL$508,7,FALSE())) | DN20: =IF($DD20>$DC$8,"",VLOOKUP($DD20,$DF$9:$DL$508,2,FALSE())) | DO20: =IF($DD20>$DC$8,"",VLOOKUP($DD20,$DF$9:$DL$508,3,FALSE())) | DP20: =IF($DD20>$DC$8,"",VLOOKUP($DD20,$DF$9:$DL$508,4,FALSE())) | DQ20: =IF($DD20>$DC$8,"",VLOOKUP($DD20,$DF$9:$DL$508,5,FALSE())) | DR20: =IF($DD20>$DC$8,"",VLOOKUP($DD20,$DF$9:$DL$508,6,FALSE()))
AF21: =IF(ISBLANK($C21),"",IF(E21=Constants!$B$2,TRUE(),IF(E21=Constants!$B$3,FALSE(),TRUE()))) | AG21: =IF(ISBLANK($C21),"",IF(F21=Constants!$B$2,TRUE(),IF(F21=Constants!$B$3,FALSE(),TRUE()))) | AH21: =IF(ISBLANK($C21),"",IF(G21=Constants!$B$2,TRUE(),IF(G21=Constants!$B$3,FALSE(),TRUE()))) | AI21: =IF(ISBLANK($C21),"",IF(AND(ISNUMBER(H21),H21>=0),H21,Constants!$B$24)) | AJ21: =IF(ISBLANK($C21),"",IF(I21=Constants!$B$2,TRUE(),IF(I21=Constants!$B$3,FALSE(),TRUE()))) | AK21: =IF(ISBLANK($C21),"",IF(J21=Constants!$B$2,TRUE(),IF(J21=Constants!$B$3,FALSE(),TRUE()))) | AL21: =IF(ISBLANK($C21),"",IF(K21=Constants!$B$4,TRUE(),IF(K21=Constants!$B$5,FALSE(),COUNTA(L21:P21)>0))) | AM21: =IF(ISBLANK($C21),"",IF(ISNUMBER(L21),IF(L21>=0,L21,""),"")) | AN21: =IF(ISBLANK($C21),"",IF(ISNUMBER(M21),IF(M21>=0,M21,""),"")) | AO21: =IF(ISBLANK($C21),"",IF(N21=Constants!$B$2,TRUE(),IF(N21=Constants!$B$3,FALSE(),TRUE()))) | AP21: =IF(ISBLANK($C21),"",IF(ISNUMBER(O21),IF(O21>=0,O21,""),"")) | AQ21: =IF(ISBLANK($C21),"",IF(P21=Constants!$B$2,TRUE(),IF(P21=Constants!$B$3,FALSE(),FALSE()))) | AR21: =IF(ISBLANK($C21),"",IF(Q21=Constants!$B$2,TRUE(),IF(Q21=Constants!$B$3,FALSE(),TRUE()))) | AS21: =IF(ISBLANK($C21),"",IF(R21=Constants!$B$2,TRUE(),IF(R21=Constants!$B$3,FALSE(),TRUE()))) | AT21: =IF(ISBLANK($C21),"",IF(S21=Constants!$B$4,TRUE(),IF(S21=Constants!$B$5,FALSE(),COUNTA(T21:X21)>0))) | AU21: =IF(ISBLANK($C21),"",IF(ISNUMBER(T21),IF(T21>=0,T21,""),"")) | AV21: =IF(ISBLANK($C21),"",IF(ISNUMBER(U21),IF(U21>=0,U21,""),"")) | AW21: =IF(ISBLANK($C21),"",IF(V21=Constants!$B$2,TRUE(),IF(V21=Constants!$B$3,FALSE(),TRUE()))) | AX21: =IF(ISBLANK($C21),"",IF(ISNUMBER(W21),IF(W21>=0,W21,""),"")) | AY21: =IF(ISBLANK($C21),"",IF(X21=Constants!$B$2,TRUE(),IF(X21=Constants!$B$3,FALSE(),FALSE()))) | AZ21: =IF(ISBLANK($C21),"",MIN(Constants!$B$25,MAX(0,IF(ISNUMBER(Y21),Y21*60,0)+IF(ISNUMBER(Z21),Z21,0)))) | BA21: =IF(ISBLANK($C21),"",IF(AA21=Constants!$B$2,TRUE(),IF(AA21=Constants!$B$3,FALSE(),FALSE()))) | BB21: =IF(ISBLANK($C21),"",AND($AL21,OR($AM21="",$AN21="",AND($AO21,$AP21="")))) | BC21: =IF($BX21<>Constants!$B$6,"",IF($AL21,Constants!$B$17*$AN21+Constants!$B$18*IF($AO21,$AP21,Constants!$B$19),Constants!$B$20)) | BD21: =IF($BX21<>Constants!$B$6,"",Constants!$B$21*ABS($AD$9-IF($AL21,$AM21,0))) | BE21: =IF($BX21<>Constants!$B$6,"",IF(AND($AL21,$AQ21,$AO21),Constants!$B$22,0)) | BF21: =IF($BX21<>Constants!$B$6,"",IF($AL21,($AI21-Constants!$B$24)*Constants!$B$23,0)) | BG21: =IF($BX21<>Constants!$B$6,"",IF($AK21,0,Constants!$B$12)+IF($AJ21,0,Constants!$B$13)+IF($AH21,0,Constants!$B$14)) | BH21: =IF($BX21<>Constants!$B$6,"",Constants!$B$16+SUM($BC21:$BG21)) | BI21: =IF($BX21<>Constants!$B$6,"",$BC21) | BJ21: =IF($BX21<>Constants!$B$6,"",$BD21) | BK21: =IF($BX21<>Constants!$B$6,"",IF($AL21,$AN21,"")) | BL21: =IF($BX21<>Constants!$B$6,"",IF(OR($BS21<$BH21,AND($BS21=$BH21,OR($BT21<$BI21,AND($BT21=$BI21,OR($BU21<$BJ21,AND($BU21=$BJ21,AND(ISNUMBER($BV21),OR(NOT(ISNUMBER($BK21)),$BV21<$BK21)))))))),"->","<-")) | BM21: =IF(ISBLANK($C21),"",AND($AT21,OR($AU21="",$AV21="",AND($AW21,$AX21="")))) | BN21: =IF($BX21<>Constants!$B$6,"",IF($AT21,Constants!$B$17*$AV21+Constants!$B$18*IF($AW21,$AX21,Constants!$B$19),Constants!$B$20)) | BO21: =IF($BX21<>Constants!$B$6,"",Constants!$B$21*ABS($AD$9-IF($AT21,$AU21,0))) | BP21: =IF($BX21<>Constants!$B$6,"",IF(AND($AT21,$AY21,$AW21),Constants!$B$22,0)) | BQ21: =IF($BX21<>Constants!$B$6,"",IF($AT21,($AI21-Constants!$B$24)*Constants!$B$23,0)) | BR21: =IF($BX21<>Constants!$B$6,"",IF($AS21,0,Constants!$B$12)+IF($AR21,0,Constants!$B$13)+IF($AH21,0,Constants!$B$14)) | BS21: =IF($BX21<>Constants!$B$6,"",Constants!$B$16+SUM($BN21:$BR21)) | BT21: =IF($BX21<>Constants!$B$6,"",$BN21) | BU21: =IF($BX21<>Constants!$B$6,"",$BO21) | BV21: =IF($BX21<>Constants!$B$6,"",IF($AT21,$AV21,"")) | BW21: =IF(ISBLANK($C21),"",IF(ISBLANK($D$7),$BW$5,IF(NOT(ISNUMBER($D$7)),$BW$6,""))) | BX21: =IF(ISBLANK($C21),"",IF($BA21,Constants!$B$9,IF(COUNTA($E21:$AA21)=0,Constants!$B$8,IF(NOT($AG21),Constants!$B$7,IF(OR($BW21<>"",$BB21,$BM21),Constants!$B$10,Constants!$B$6))))) | BY21: =IF(ISBLANK($C21),"",IF($BX21<>Constants!$B$6,$BX21,Constants!$B$11)) | BZ21: =IF($BX21<>Constants!$B$6,"",IF($BL21="->",$BS21,$BH21)) | CA21: =IF($BX21<>Constants!$B$6,"",IF($AF21,0,Constants!$B$15)) | CB21: =IF($BX21<>Constants!$B$6,"",((Constants!$B$25-$AZ21)-Constants!$B$25)/Constants!$B$26) | CC21: =IF(ISBLANK($C21),"",IF($BX21<>Constants!$B$6,$BX21,SUM($BZ21:$CB21))) | CD21: =IF(ISBLANK($C21),"",IF($BX21<>Constants!$B$6,$BX21,RANK($CC21,$CC$9:$CC$508,1))) | CE21: =IF($BX21<>Constants!$B$6,"",IF($BL21="->",$BT21,$BI21)) | CF21: =IF(ISBLANK($C21),"",IF($BX21<>Constants!$B$6,$BX21,IF(ISNUMBER($CE21),RANK($CE21,$CE$9:$CE$508,1),COUNT($CE$9:$CE$508)+1))) | CG21: =IF($BX21<>Constants!$B$6,"",IF($BL21="->",$BU21,$BJ21)) | CH21: =IF(ISBLANK($C21),"",IF($BX21<>Constants!$B$6,$BX21,IF(ISNUMBER($CG21),RANK($CG21,$CG$9:$CG$508,1),COUNT($CG$9:$CG$508)+1))) | CI21: =IF($BX21<>Constants!$B$6,"",IF($BL21="->",$BV21,$BK21)) | CJ21: =IF(ISBLANK($C21),"",IF($BX21<>Constants!$B$6,$BX21,IF(ISNUMBER($CI21),RANK($CI21,$CI$9:$CI$508,1),COUNT($CI$9:$CI$508)+1))) | CK21: =IF($BX21<>Constants!$B$6,"",$AI21) | CL21: =IF(ISBLANK($C21),"",IF($BX21<>Constants!$B$6,$BX21,IF(ISNUMBER($CK21),RANK($CK21,$CK$9:$CK$508,1),COUNT($CK$9:$CK$508)+1))) | CM21: =IF(ISBLANK($C21),"",IF($BX21<>Constants!$B$6,$BX21,COUNTIFS($CD$9:$CD$508,"<"&$CD21)+COUNTIFS($CD$9:$CD$508,$CD21,$CF$9:$CF$508,"<"&$CF21)+COUNTIFS($CD$9:$CD$508,$CD21,$CF$9:$CF$508,$CF21,$CH$9:$CH$508,"<"&$CH21)+COUNTIFS($CD$9:$CD$508,$CD21,$CF$9:$CF$508,$CF21,$CH$9:$CH$508,$CH21,$CJ$9:$CJ$508,"<"&$CJ21)+COUNTIFS($CD$9:$CD$508,$CD21,$CF$9:$CF$508,$CF21,$CH$9:$CH$508,$CH21,$CJ$9:$CJ$508,$CJ21,$CL$9:$CL$508,"<"&$CL21)+1)) | CN21: =IF(ISBLANK($C21),"",IF($BX21<>Constants!$B$6,$BX21,$CD21-$CM21)) | CQ21: =IF(ISBLANK($C21),"",IF($BX21=Constants!$B$10,$BW21,"")) | CR21: =IF(ISBLANK($C21),"",IF($BX21<>Constants!$B$6,"",IF($BL21="->",2,1))) | CS21: =IF(ISBLANK($C21),"",IF($BX21<>Constants!$B$6,"",IF($BL21="->",$BN21,$BC21))) | CT21: =IF(ISBLANK($C21),"",IF($BX21<>Constants!$B$6,"",IF($BL21="->",$BO21,$BD21))) | CU21: =IF(ISBLANK($C21),"",IF($BX21<>Constants!$B$6,"",IF($BL21="->",$BP21+$BQ21,$BE21+$BF21)+$CB21)) | CV21: =IF(ISBLANK($C21),"",IF($BX21<>Constants!$B$6,"",IF($BL21="->",$BR21,$BG21)+$CA21)) | CW21: =IF(ISBLANK($C21),"",IF($BX21<>Constants!$B$6,$BX21,$CC21)) | CX21: =IF(ISBLANK($C21),"",$BY21) | CY21: =IF(ISBLANK($C21),"",$CN21) | CZ21: =IF(ISBLANK($C21),"",$CM21) | DA21: =IF(ISBLANK($C21),"",IFERROR(_xlfn.SWITCH($CZ21,Constants!$B$9,COUNTA($C$9:$C$508)+2,Constants!$B$8,COUNTA($C$9:$C$508)+1,Constants!$B$7,COUNTA($C$9:$C$508)),$CZ21)) | DC21: =IF(OR(ISNUMBER($CZ21),$CZ21=Constants!$B$9,$CZ21=Constants!$B$7,$CZ21=Constants!$B$8),1,0) -> 0 | DD21: 13 | DE21: =IF(ISBLANK($C21),"",IF(ISNUMBER($DA21),$DA21+ROW($B21)/1000,"")) | DF21: =IF(ISNUMBER($DE21),RANK($DE21,$DE$9:$DE$508,1),"") | DG21: =IF(ISBLANK($C21),"",$B21) | DH21: =IF(ISBLANK($C21),"",$C21) | DI21: =IF(ISBLANK($C21),"",$D21) | DJ21: =$CX21 | DK21: =$CW21 | DL21: =IF(ISBLANK($C21),"",$CZ21) | DM21: =IF($DD21>$DC$8,"",VLOOKUP($DD21,$DF$9:$DL$508,7,FALSE())) | DN21: =IF($DD21>$DC$8,"",VLOOKUP($DD21,$DF$9:$DL$508,2,FALSE())) | DO21: =IF($DD21>$DC$8,"",VLOOKUP($DD21,$DF$9:$DL$508,3,FALSE())) | DP21: =IF($DD21>$DC$8,"",VLOOKUP($DD21,$DF$9:$DL$508,4,FALSE())) | DQ21: =IF($DD21>$DC$8,"",VLOOKUP($DD21,$DF$9:$DL$508,5,FALSE())) | DR21: =IF($DD21>$DC$8,"",VLOOKUP($DD21,$DF$9:$DL$508,6,FALSE()))
... AF508: =IF(ISBLANK($C508),"",IF(E508=Constants!$B$2,TRUE(),IF(E508=Constants!$B$3,FALSE(),TRUE()))) | AG508: =IF(ISBLANK($C508),"",IF(F508=Constants!$B$2,TRUE(),IF(F508=Constants!$B$3,FALSE(),TRUE()))) | AH508: =IF(ISBLANK($C508),"",IF(G508=Constants!$B$2,TRUE(),IF(G508=Constants!$B$3,FALSE(),TRUE()))) | AI508: =IF(ISBLANK($C508),"",IF(AND(ISNUMBER(H508),H508>=0),H508,Constants!$B$24)) | AJ508: =IF(ISBLANK($C508),"",IF(I508=Constants!$B$2,TRUE(),IF(I508=Constants!$B$3,FALSE(),TRUE()))) | AK508: =IF(ISBLANK($C508),"",IF(J508=Constants!$B$2,TRUE(),IF(J508=Constants!$B$3,FALSE(),TRUE()))) | AL508: =IF(ISBLANK($C508),"",IF(K508=Constants!$B$4,TRUE(),IF(K508=Constants!$B$5,FALSE(),COUNTA(L508:P508)>0))) | AM508: =IF(ISBLANK($C508),"",IF(ISNUMBER(L508),IF(L508>=0,L508,""),"")) | AN508: =IF(ISBLANK($C508),"",IF(ISNUMBER(M508),IF(M508>=0,M508,""),"")) | AO508: =IF(ISBLANK($C508),"",IF(N508=Constants!$B$2,TRUE(),IF(N508=Constants!$B$3,FALSE(),TRUE()))) | AP508: =IF(ISBLANK($C508),"",IF(ISNUMBER(O508),IF(O508>=0,O508,""),"")) | AQ508: =IF(ISBLANK($C508),"",IF(P508=Constants!$B$2,TRUE(),IF(P508=Constants!$B$3,FALSE(),FALSE()))) | AR508: =IF(ISBLANK($C508),"",IF(Q508=Constants!$B$2,TRUE(),IF(Q508=Constants!$B$3,FALSE(),TRUE()))) | AS508: =IF(ISBLANK($C508),"",IF(R508=Constants!$B$2,TRUE(),IF(R508=Constants!$B$3,FALSE(),TRUE()))) | AT508: =IF(ISBLANK($C508),"",IF(S508=Constants!$B$4,TRUE(),IF(S508=Constants!$B$5,FALSE(),COUNTA(T508:X508)>0))) | AU508: =IF(ISBLANK($C508),"",IF(ISNUMBER(T508),IF(T508>=0,T508,""),"")) | AV508: =IF(ISBLANK($C508),"",IF(ISNUMBER(U508),IF(U508>=0,U508,""),"")) | AW508: =IF(ISBLANK($C508),"",IF(V508=Constants!$B$2,TRUE(),IF(V508=Constants!$B$3,FALSE(),TRUE()))) | AX508: =IF(ISBLANK($C508),"",IF(ISNUMBER(W508),IF(W508>=0,W508,""),"")) | AY508: =IF(ISBLANK($C508),"",IF(X508=Constants!$B$2,TRUE(),IF(X508=Constants!$B$3,FALSE(),FALSE()))) | AZ508: =IF(ISBLANK($C508),"",MIN(Constants!$B$25,MAX(0,IF(ISNUMBER(Y508),Y508*60,0)+IF(ISNUMBER(Z508),Z508,0)))) | BA508: =IF(ISBLANK($C508),"",IF(AA508=Constants!$B$2,TRUE(),IF(AA508=Constants!$B$3,FALSE(),FALSE()))) | BB508: =IF(ISBLANK($C508),"",AND($AL508,OR($AM508="",$AN508="",AND($AO508,$AP508="")))) | BC508: =IF($BX508<>Constants!$B$6,"",IF($AL508,Constants!$B$17*$AN508+Constants!$B$18*IF($AO508,$AP508,Constants!$B$19),Constants!$B$20)) | BD508: =IF($BX508<>Constants!$B$6,"",Constants!$B$21*ABS($AD$9-IF($AL508,$AM508,0))) | BE508: =IF($BX508<>Constants!$B$6,"",IF(AND($AL508,$AQ508,$AO508),Constants!$B$22,0)) | BF508: =IF($BX508<>Constants!$B$6,"",IF($AL508,($AI508-Constants!$B$24)*Constants!$B$23,0)) | BG508: =IF($BX508<>Constants!$B$6,"",IF($AK508,0,Constants!$B$12)+IF($AJ508,0,Constants!$B$13)+IF($AH508,0,Constants!$B$14)) | BH508: =IF($BX508<>Constants!$B$6,"",Constants!$B$16+SUM($BC508:$BG508)) | BI508: =IF($BX508<>Constants!$B$6,"",$BC508) | BJ508: =IF($BX508<>Constants!$B$6,"",$BD508) | BK508: =IF($BX508<>Constants!$B$6,"",IF($AL508,$AN508,"")) | BL508: =IF($BX508<>Constants!$B$6,"",IF(OR($BS508<$BH508,AND($BS508=$BH508,OR($BT508<$BI508,AND($BT508=$BI508,OR($BU508<$BJ508,AND($BU508=$BJ508,AND(ISNUMBER($BV508),OR(NOT(ISNUMBER($BK508)),$BV508<$BK508)))))))),"->","<-")) | BM508: =IF(ISBLANK($C508),"",AND($AT508,OR($AU508="",$AV508="",AND($AW508,$AX508="")))) | BN508: =IF($BX508<>Constants!$B$6,"",IF($AT508,Constants!$B$17*$AV508+Constants!$B$18*IF($AW508,$AX508,Constants!$B$19),Constants!$B$20)) | BO508: =IF($BX508<>Constants!$B$6,"",Constants!$B$21*ABS($AD$9-IF($AT508,$AU508,0))) | BP508: =IF($BX508<>Constants!$B$6,"",IF(AND($AT508,$AY508,$AW508),Constants!$B$22,0)) | BQ508: =IF($BX508<>Constants!$B$6,"",IF($AT508,($AI508-Constants!$B$24)*Constants!$B$23,0)) | BR508: =IF($BX508<>Constants!$B$6,"",IF($AS508,0,Constants!$B$12)+IF($AR508,0,Constants!$B$13)+IF($AH508,0,Constants!$B$14)) | BS508: =IF($BX508<>Constants!$B$6,"",Constants!$B$16+SUM($BN508:$BR508)) | BT508: =IF($BX508<>Constants!$B$6,"",$BN508) | BU508: =IF($BX508<>Constants!$B$6,"",$BO508) | BV508: =IF($BX508<>Constants!$B$6,"",IF($AT508,$AV508,"")) | BW508: =IF(ISBLANK($C508),"",IF(ISBLANK($D$7),$BW$5,IF(NOT(ISNUMBER($D$7)),$BW$6,""))) | BX508: =IF(ISBLANK($C508),"",IF($BA508,Constants!$B$9,IF(COUNTA($E508:$AA508)=0,Constants!$B$8,IF(NOT($AG508),Constants!$B$7,IF(OR($BW508<>"",$BB508,$BM508),Constants!$B$10,Constants!$B$6))))) | BY508: =IF(ISBLANK($C508),"",IF($BX508<>Constants!$B$6,$BX508,Constants!$B$11)) | BZ508: =IF($BX508<>Constants!$B$6,"",IF($BL508="->",$BS508,$BH508)) | CA508: =IF($BX508<>Constants!$B$6,"",IF($AF508,0,Constants!$B$15)) | CB508: =IF($BX508<>Constants!$B$6,"",((Constants!$B$25-$AZ508)-Constants!$B$25)/Constants!$B$26) | CC508: =IF(ISBLANK($C508),"",IF($BX508<>Constants!$B$6,$BX508,SUM($BZ508:$CB508))) | CD508: =IF(ISBLANK($C508),"",IF($BX508<>Constants!$B$6,$BX508,RANK($CC508,$CC$9:$CC$508,1))) | CE508: =IF($BX508<>Constants!$B$6,"",IF($BL508="->",$BT508,$BI508)) | CF508: =IF(ISBLANK($C508),"",IF($BX508<>Constants!$B$6,$BX508,IF(ISNUMBER($CE508),RANK($CE508,$CE$9:$CE$508,1),COUNT($CE$9:$CE$508)+1))) | CG508: =IF($BX508<>Constants!$B$6,"",IF($BL508="->",$BU508,$BJ508)) | CH508: =IF(ISBLANK($C508),"",IF($BX508<>Constants!$B$6,$BX508,IF(ISNUMBER($CG508),RANK($CG508,$CG$9:$CG$508,1),COUNT($CG$9:$CG$508)+1))) | CI508: =IF($BX508<>Constants!$B$6,"",IF($BL508="->",$BV508,$BK508)) | CJ508: =IF(ISBLANK($C508),"",IF($BX508<>Constants!$B$6,$BX508,IF(ISNUMBER($CI508),RANK($CI508,$CI$9:$CI$508,1),COUNT($CI$9:$CI$508)+1))) | CK508: =IF($BX508<>Constants!$B$6,"",$AI508) | CL508: =IF(ISBLANK($C508),"",IF($BX508<>Constants!$B$6,$BX508,IF(ISNUMBER($CK508),RANK($CK508,$CK$9:$CK$508,1),COUNT($CK$9:$CK$508)+1))) | CM508: =IF(ISBLANK($C508),"",IF($BX508<>Constants!$B$6,$BX508,COUNTIFS($CD$9:$CD$508,"<"&$CD508)+COUNTIFS($CD$9:$CD$508,$CD508,$CF$9:$CF$508,"<"&$CF508)+COUNTIFS($CD$9:$CD$508,$CD508,$CF$9:$CF$508,$CF508,$CH$9:$CH$508,"<"&$CH508)+COUNTIFS($CD$9:$CD$508,$CD508,$CF$9:$CF$508,$CF508,$CH$9:$CH$508,$CH508,$CJ$9:$CJ$508,"<"&$CJ508)+COUNTIFS($CD$9:$CD$508,$CD508,$CF$9:$CF$508,$CF508,$CH$9:$CH$508,$CH508,$CJ$9:$CJ$508,$CJ508,$CL$9:$CL$508,"<"&$CL508)+1)) | CN508: =IF(ISBLANK($C508),"",IF($BX508<>Constants!$B$6,$BX508,$CD508-$CM508)) | CQ508: =IF(ISBLANK($C508),"",IF($BX508=Constants!$B$10,$BW508,"")) | CR508: =IF(ISBLANK($C508),"",IF($BX508<>Constants!$B$6,"",IF($BL508="->",2,1))) | CS508: =IF(ISBLANK($C508),"",IF($BX508<>Constants!$B$6,"",IF($BL508="->",$BN508,$BC508))) | CT508: =IF(ISBLANK($C508),"",IF($BX508<>Constants!$B$6,"",IF($BL508="->",$BO508,$BD508))) | CU508: =IF(ISBLANK($C508),"",IF($BX508<>Constants!$B$6,"",IF($BL508="->",$BP508+$BQ508,$BE508+$BF508)+$CB508)) | CV508: =IF(ISBLANK($C508),"",IF($BX508<>Constants!$B$6,"",IF($BL508="->",$BR508,$BG508)+$CA508)) | CW508: =IF(ISBLANK($C508),"",IF($BX508<>Constants!$B$6,$BX508,$CC508)) | CX508: =IF(ISBLANK($C508),"",$BY508) | CY508: =IF(ISBLANK($C508),"",$CN508) | CZ508: =IF(ISBLANK($C508),"",$CM508) | DA508: =IF(ISBLANK($C508),"",IFERROR(_xlfn.SWITCH($CZ508,Constants!$B$9,COUNTA($C$9:$C$508)+2,Constants!$B$8,COUNTA($C$9:$C$508)+1,Constants!$B$7,COUNTA($C$9:$C$508)),$CZ508)) | DC508: =IF(OR(ISNUMBER($CZ508),$CZ508=Constants!$B$9,$CZ508=Constants!$B$7,$CZ508=Constants!$B$8),1,0) -> 0 | DD508: 500 | DE508: =IF(ISBLANK($C508),"",IF(ISNUMBER($DA508),$DA508+ROW($B508)/1000,"")) | DF508: =IF(ISNUMBER($DE508),RANK($DE508,$DE$9:$DE$508,1),"") | DG508: =IF(ISBLANK($C508),"",$B508) | DH508: =IF(ISBLANK($C508),"",$C508) | DI508: =IF(ISBLANK($C508),"",$D508) | DJ508: =$CX508 | DK508: =$CW508 | DL508: =IF(ISBLANK($C508),"",$CZ508) | DM508: =IF($DD508>$DC$8,"",VLOOKUP($DD508,$DF$9:$DL$508,7,FALSE())) | DN508: =IF($DD508>$DC$8,"",VLOOKUP($DD508,$DF$9:$DL$508,2,FALSE())) | DO508: =IF($DD508>$DC$8,"",VLOOKUP($DD508,$DF$9:$DL$508,3,FALSE())) | DP508: =IF($DD508>$DC$8,"",VLOOKUP($DD508,$DF$9:$DL$508,4,FALSE())) | DQ508: =IF($DD508>$DC$8,"",VLOOKUP($DD508,$DF$9:$DL$508,5,FALSE())) | DR508: =IF($DD508>$DC$8,"",VLOOKUP($DD508,$DF$9:$DL$508,6,FALSE()))

Sheet Constants
A1: Name Desc | B1: Value
A2: =TRUE() -> TRUE | B2: T
A3: =FALSE() -> FALSE | B3: F
A4: Successful Run | B4: Successful
A5: Failed Run | B5: Failed
A6: Competed | B6: C
A7: Participated | B7: P
A8: No-Show | B8: NS
A9: Disqualified | B9: DQ
A10: Error | B10: ERR
A11: Tier 1 | B11: 1
A12: Competition Violation Penalty (run) | B12: 150
A13: Construction Violation Penalty (run) | B13: 300
A14: Non-modification Penalty (run) | B14: 50
A15: Impound Penalty (final) | B15: 5000
A16: Base Run Score | B16: 100
A17: Vehicle Distance Score (pt/cm) | B17: 2
A18: Bottle Distance Score (pt/cm) | B18: 1
A19: Bottle Distance if not past Target Point / Moving Water Bottle Req. violated (cm) | B19: 400
A20: Failed Run Distance Score | B20: 2500
A21: Time Score (pt/s) | B21: 0.5
A22: Bottle Bonus | B22: -20
... A24: Pusher Bonus Baseline / No Pusher Opening (cm) | B24: 35
A25: Event Time (s) | B25: =8*60 -> 480
A26: Event Time Bonus Divisor (s/pt) | B26: 30
A27: Target Time Min (s) | B27: 10
A28: Target Time Max (s) | B28: 20
A29: Target Time Interval (s) | B29: 0.5

Sheet Export
A1: Team # | B1: School Name | C1: Team Name | D1: Status | E1: Score | F1: Tiebreaker | G1: Tier | H1: Points | I1: Rank
A2: =ExportRaw!$F2 -> 0 | B2: =ExportRaw!$C2 -> 0 | C2: =ExportRaw!$G2 -> 0 | D2: =ExportRaw!$E2 | E2: =ExportRaw!$D2 | F2: =ExportRaw!$H2 | G2: =ExportRaw!$I2 | H2: =ExportRaw!$A2 | I2: =ExportRaw!$B2
A3: =ExportRaw!$F3 -> 0 | B3: =ExportRaw!$C3 -> 0 | C3: =ExportRaw!$G3 -> 0 | D3: =ExportRaw!$E3 | E3: =ExportRaw!$D3 | F3: =ExportRaw!$H3 | G3: =ExportRaw!$I3 | H3: =ExportRaw!$A3 | I3: =ExportRaw!$B3
A4: =ExportRaw!$F4 -> 0 | B4: =ExportRaw!$C4 -> 0 | C4: =ExportRaw!$G4 -> 0 | D4: =ExportRaw!$E4 | E4: =ExportRaw!$D4 | F4: =ExportRaw!$H4 | G4: =ExportRaw!$I4 | H4: =ExportRaw!$A4 | I4: =ExportRaw!$B4
A5: =ExportRaw!$F5 -> 0 | B5: =ExportRaw!$C5 -> 0 | C5: =ExportRaw!$G5 -> 0 | D5: =ExportRaw!$E5 | E5: =ExportRaw!$D5 | F5: =ExportRaw!$H5 | G5: =ExportRaw!$I5 | H5: =ExportRaw!$A5 | I5: =ExportRaw!$B5
A6: =ExportRaw!$F6 -> 0 | B6: =ExportRaw!$C6 -> 0 | C6: =ExportRaw!$G6 -> 0 | D6: =ExportRaw!$E6 | E6: =ExportRaw!$D6 | F6: =ExportRaw!$H6 | G6: =ExportRaw!$I6 | H6: =ExportRaw!$A6 | I6: =ExportRaw!$B6
A7: =ExportRaw!$F7 -> 0 | B7: =ExportRaw!$C7 -> 0 | C7: =ExportRaw!$G7 -> 0 | D7: =ExportRaw!$E7 | E7: =ExportRaw!$D7 | F7: =ExportRaw!$H7 | G7: =ExportRaw!$I7 | H7: =ExportRaw!$A7 | I7: =ExportRaw!$B7
A8: =ExportRaw!$F8 -> 0 | B8: =ExportRaw!$C8 -> 0 | C8: =ExportRaw!$G8 -> 0 | D8: =ExportRaw!$E8 | E8: =ExportRaw!$D8 | F8: =ExportRaw!$H8 | G8: =ExportRaw!$I8 | H8: =ExportRaw!$A8 | I8: =ExportRaw!$B8
A9: =ExportRaw!$F9 -> 0 | B9: =ExportRaw!$C9 -> 0 | C9: =ExportRaw!$G9 -> 0 | D9: =ExportRaw!$E9 | E9: =ExportRaw!$D9 | F9: =ExportRaw!$H9 | G9: =ExportRaw!$I9 | H9: =ExportRaw!$A9 | I9: =ExportRaw!$B9
A10: =ExportRaw!$F10 -> 0 | B10: =ExportRaw!$C10 -> 0 | C10: =ExportRaw!$G10 -> 0 | D10: =ExportRaw!$E10 | E10: =ExportRaw!$D10 | F10: =ExportRaw!$H10 | G10: =ExportRaw!$I10 | H10: =ExportRaw!$A10 | I10: =ExportRaw!$B10
A11: =ExportRaw!$F11 -> 0 | B11: =ExportRaw!$C11 -> 0 | C11: =ExportRaw!$G11 -> 0 | D11: =ExportRaw!$E11 | E11: =ExportRaw!$D11 | F11: =ExportRaw!$H11 | G11: =ExportRaw!$I11 | H11: =ExportRaw!$A11 | I11: =ExportRaw!$B11
A12: =ExportRaw!$F12 -> 0 | B12: =ExportRaw!$C12 -> 0 | C12: =ExportRaw!$G12 -> 0 | D12: =ExportRaw!$E12 | E12: =ExportRaw!$D12 | F12: =ExportRaw!$H12 | G12: =ExportRaw!$I12 | H12: =ExportRaw!$A12 | I12: =ExportRaw!$B12
A13: =ExportRaw!$F13 -> 0 | B13: =ExportRaw!$C13 -> 0 | C13: =ExportRaw!$G13 -> 0 | D13: =ExportRaw!$E13 | E13: =ExportRaw!$D13 | F13: =ExportRaw!$H13 | G13: =ExportRaw!$I13 | H13: =ExportRaw!$A13 | I13: =ExportRaw!$B13
... A501: =ExportRaw!$F501 -> 0 | B501: =ExportRaw!$C501 -> 0 | C501: =ExportRaw!$G501 -> 0 | D501: =ExportRaw!$E501 | E501: =ExportRaw!$D501 | F501: =ExportRaw!$H501 | G501: =ExportRaw!$I501 | H501: =ExportRaw!$A501 | I501: =ExportRaw!$B501

Sheet Changelog
A1: Date | B1: Version # | C1: Change
A2: 46291 | B2: 0.1.0 | C2: First draft of 2027 scoresheet completed

Sheet Vers
A1: =IFERROR(__xludf.dummyfunction("importrange(""https://docs.google.com/spreadsheets/d/1YGauecgVr6IitrGDDrOCoTXY8ruNxlmFhmS5Oas2JUg/edit?gid=0#gid=0"",""Sheet1!A1:G18"")"),"Helicopter|B/C") -> Helicopter|B/C | B1: =IFERROR(__xludf.dummyfunction("""COMPUTED_VALUE"""),"Helicopter") -> Helicopter | C1: =IFERROR(__xludf.dummyfunction("""COMPUTED_VALUE"""),"B/C") -> B/C | D1: =IFERROR(__xludf.dummyfunction("""COMPUTED_VALUE"""),"0.6.1") -> 0.6.1 | E1: =IFERROR(__xludf.dummyfunction("""COMPUTED_VALUE"""),46077) -> 46077 | G1: =IFERROR(__xludf.dummyfunction("""COMPUTED_VALUE"""),"Ready") -> Ready
A2: =IFERROR(__xludf.dummyfunction("""COMPUTED_VALUE"""),"Mission Possible|B") -> Mission Possible|B | B2: =IFERROR(__xludf.dummyfunction("""COMPUTED_VALUE"""),"Mission Possible") -> Mission Possible | C2: =IFERROR(__xludf.dummyfunction("""COMPUTED_VALUE"""),"B") -> B | D2: =IFERROR(__xludf.dummyfunction("""COMPUTED_VALUE"""),"0.5.1") -> 0.5.1 | E2: =IFERROR(__xludf.dummyfunction("""COMPUTED_VALUE"""),46077) -> 46077 | G2: =IFERROR(__xludf.dummyfunction("""COMPUTED_VALUE"""),"Ready") -> Ready
A3: =IFERROR(__xludf.dummyfunction("""COMPUTED_VALUE"""),"Scrambler|B") -> Scrambler|B | B3: =IFERROR(__xludf.dummyfunction("""COMPUTED_VALUE"""),"Scrambler") -> Scrambler | C3: =IFERROR(__xludf.dummyfunction("""COMPUTED_VALUE"""),"B") -> B | D3: =IFERROR(__xludf.dummyfunction("""COMPUTED_VALUE"""),"0.4.1") -> 0.4.1 | E3: =IFERROR(__xludf.dummyfunction("""COMPUTED_VALUE"""),46077) -> 46077 | G3: =IFERROR(__xludf.dummyfunction("""COMPUTED_VALUE"""),"Ready") -> Ready
A4: =IFERROR(__xludf.dummyfunction("""COMPUTED_VALUE"""),"Bungee Drop|C") -> Bungee Drop|C | B4: =IFERROR(__xludf.dummyfunction("""COMPUTED_VALUE"""),"Bungee Drop") -> Bungee Drop | C4: =IFERROR(__xludf.dummyfunction("""COMPUTED_VALUE"""),"C") -> C | D4: =IFERROR(__xludf.dummyfunction("""COMPUTED_VALUE"""),"0.4.3") -> 0.4.3 | E4: =IFERROR(__xludf.dummyfunction("""COMPUTED_VALUE"""),46077) -> 46077 | G4: =IFERROR(__xludf.dummyfunction("""COMPUTED_VALUE"""),"Ready") -> Ready
A5: =IFERROR(__xludf.dummyfunction("""COMPUTED_VALUE"""),"Electric Vehicle|C") -> Electric Vehicle|C | B5: =IFERROR(__xludf.dummyfunction("""COMPUTED_VALUE"""),"Electric Vehicle") -> Electric Vehicle | C5: =IFERROR(__xludf.dummyfunction("""COMPUTED_VALUE"""),"C") -> C | D5: =IFERROR(__xludf.dummyfunction("""COMPUTED_VALUE"""),"0.8.0") -> 0.8.0 | E5: =IFERROR(__xludf.dummyfunction("""COMPUTED_VALUE"""),46047) -> 46047 | G5: =IFERROR(__xludf.dummyfunction("""COMPUTED_VALUE"""),"Ready") -> Ready
A6: =IFERROR(__xludf.dummyfunction("""COMPUTED_VALUE"""),"Robot Tour|C") -> Robot Tour|C | B6: =IFERROR(__xludf.dummyfunction("""COMPUTED_VALUE"""),"Robot Tour") -> Robot Tour | C6: =IFERROR(__xludf.dummyfunction("""COMPUTED_VALUE"""),"C") -> C | D6: =IFERROR(__xludf.dummyfunction("""COMPUTED_VALUE"""),"0.6.0") -> 0.6.0 | E6: =IFERROR(__xludf.dummyfunction("""COMPUTED_VALUE"""),46077) -> 46077 | G6: =IFERROR(__xludf.dummyfunction("""COMPUTED_VALUE"""),"Ready") -> Ready
A7: =IFERROR(__xludf.dummyfunction("""COMPUTED_VALUE"""),"Hovercraft|B/C") -> Hovercraft|B/C | B7: =IFERROR(__xludf.dummyfunction("""COMPUTED_VALUE"""),"Hovercraft") -> Hovercraft | C7: =IFERROR(__xludf.dummyfunction("""COMPUTED_VALUE"""),"B/C") -> B/C | D7: =IFERROR(__xludf.dummyfunction("""COMPUTED_VALUE"""),"0.5.3") -> 0.5.3 | E7: =IFERROR(__xludf.dummyfunction("""COMPUTED_VALUE"""),46055) -> 46055 | G7: =IFERROR(__xludf.dummyfunction("""COMPUTED_VALUE"""),"Ready") -> Ready
A8: =IFERROR(__xludf.dummyfunction("""COMPUTED_VALUE"""),"Boomilever|B/C") -> Boomilever|B/C | B8: =IFERROR(__xludf.dummyfunction("""COMPUTED_VALUE"""),"Boomilever") -> Boomilever | C8: =IFERROR(__xludf.dummyfunction("""COMPUTED_VALUE"""),"B/C") -> B/C | D8: =IFERROR(__xludf.dummyfunction("""COMPUTED_VALUE"""),"0.3.0") -> 0.3.0 | E8: =IFERROR(__xludf.dummyfunction("""COMPUTED_VALUE"""),46077) -> 46077 | G8: =IFERROR(__xludf.dummyfunction("""COMPUTED_VALUE"""),"Ready") -> Ready
A9: =IFERROR(__xludf.dummyfunction("""COMPUTED_VALUE"""),"Machines|B/C") -> Machines|B/C | B9: =IFERROR(__xludf.dummyfunction("""COMPUTED_VALUE"""),"Machines") -> Machines | C9: =IFERROR(__xludf.dummyfunction("""COMPUTED_VALUE"""),"B/C") -> B/C | D9: =IFERROR(__xludf.dummyfunction("""COMPUTED_VALUE"""),"0.4.0") -> 0.4.0 | E9: =IFERROR(__xludf.dummyfunction("""COMPUTED_VALUE"""),45996) -> 45996 | G9: =IFERROR(__xludf.dummyfunction("""COMPUTED_VALUE"""),"Ready") -> Ready
A10: =IFERROR(__xludf.dummyfunction("""COMPUTED_VALUE"""),"Engineering CAD|C") -> Engineering CAD|C | B10: =IFERROR(__xludf.dummyfunction("""COMPUTED_VALUE"""),"Engineering CAD") -> Engineering CAD | C10: =IFERROR(__xludf.dummyfunction("""COMPUTED_VALUE"""),"C") -> C | D10: =IFERROR(__xludf.dummyfunction("""COMPUTED_VALUE"""),"1.0.0") -> 1.0.0 | E10: =IFERROR(__xludf.dummyfunction("""COMPUTED_VALUE"""),46095) -> 46095 | G10: =IFERROR(__xludf.dummyfunction("""COMPUTED_VALUE"""),"Ready") -> Ready
A21: =IF(ISBLANK(B21),"",B21&"|"&C21)
A22: =IF(ISBLANK(B22),"",B22&"|"&C22)
A23: =IF(ISBLANK(B23),"",B23&"|"&C23)
A24: =IF(ISBLANK(B24),"",B24&"|"&C24)
A25: =IF(ISBLANK(B25),"",B25&"|"&C25)
A26: =IF(ISBLANK(B26),"",B26&"|"&C26)
A27: =IF(ISBLANK(B27),"",B27&"|"&C27)
A28: =IF(ISBLANK(B28),"",B28&"|"&C28)
A29: =IF(ISBLANK(B29),"",B29&"|"&C29)
A30: =IF(ISBLANK(B30),"",B30&"|"&C30)
A31: =IF(ISBLANK(B31),"",B31&"|"&C31)
A32: =IF(ISBLANK(B32),"",B32&"|"&C32)
... A1000: =IF(ISBLANK(B1000),"",B1000&"|"&C1000)

Sheet Info.
A1: Event | B1: Electric Vehicle
A2: Last Updated | B2: 46291 | D2: Idx of first . | E2: Idx of second . | F2: Major Version | G2: Minor Version | H2: Minor Patch
A3: Version | B3: 0.1.0 | D3: =FIND(".",B3) -> 2 | E3: =FIND(".",B3,D3+1) -> 4 | F3: =LEFT(B3,D3-1) -> 0 | G3: =MID(B3,D3+1,E3-D3-1) -> 1 | H3: =RIGHT(B3,LEN(B3)-E3) -> 0
A4: Division | B4: C
A5: Year | B5: 2027
A6: VLook | B6: =B1&"|"&B4 -> Electric Vehicle|C
A7: Latest Version | B7: 0.1.0 | D7: =FIND(".",B7) -> 2 | E7: =FIND(".",B7,D7+1) -> 4 | F7: =LEFT(B7,D7-1) -> 0 | G7: =MID(B7,D7+1,E7-D7-1) -> 1 | H7: =RIGHT(B7,LEN(B7)-E7) -> 0
A8: Outdated? | B8: =IF(CONCATENATE(F7,".",G7)=CONCATENATE(F3,".",G3),"F","T") -> F

Sheet Dropdowns
A1: Compliant | B1: Complete | C1: Points
A2: Incomplete | B2: Incomplete | C2: Rank
A3: Non-Compliant | B3: No Log | C3: School Name
A4: No Log | C4: Score
C5: Status
C6: Team #
C7: Team Name
C8: Tiebreaker
C9: Tier

Sheet ExportRaw
A1: Points | B1: Rank | C1: School Name | D1: Score | E1: Status | F1: Team # | G1: Team Name | H1: Tiebreaker | I1: Tier
A2: =Scoring!DA9 | B2: =Scoring!CZ9 | C2: =Scoring!C9 -> 0 | D2: =Scoring!CW9 | E2: =Scoring!BX9 | F2: =Scoring!B9 -> 0 | G2: =Scoring!D9 -> 0 | H2: =Scoring!CY9 | I2: =Scoring!CX9
A3: =Scoring!DA10 | B3: =Scoring!CZ10 | C3: =Scoring!C10 -> 0 | D3: =Scoring!CW10 | E3: =Scoring!BX10 | F3: =Scoring!B10 -> 0 | G3: =Scoring!D10 -> 0 | H3: =Scoring!CY10 | I3: =Scoring!CX10
A4: =Scoring!DA11 | B4: =Scoring!CZ11 | C4: =Scoring!C11 -> 0 | D4: =Scoring!CW11 | E4: =Scoring!BX11 | F4: =Scoring!B11 -> 0 | G4: =Scoring!D11 -> 0 | H4: =Scoring!CY11 | I4: =Scoring!CX11
A5: =Scoring!DA12 | B5: =Scoring!CZ12 | C5: =Scoring!C12 -> 0 | D5: =Scoring!CW12 | E5: =Scoring!BX12 | F5: =Scoring!B12 -> 0 | G5: =Scoring!D12 -> 0 | H5: =Scoring!CY12 | I5: =Scoring!CX12
A6: =Scoring!DA13 | B6: =Scoring!CZ13 | C6: =Scoring!C13 -> 0 | D6: =Scoring!CW13 | E6: =Scoring!BX13 | F6: =Scoring!B13 -> 0 | G6: =Scoring!D13 -> 0 | H6: =Scoring!CY13 | I6: =Scoring!CX13
A7: =Scoring!DA14 | B7: =Scoring!CZ14 | C7: =Scoring!C14 -> 0 | D7: =Scoring!CW14 | E7: =Scoring!BX14 | F7: =Scoring!B14 -> 0 | G7: =Scoring!D14 -> 0 | H7: =Scoring!CY14 | I7: =Scoring!CX14
A8: =Scoring!DA15 | B8: =Scoring!CZ15 | C8: =Scoring!C15 -> 0 | D8: =Scoring!CW15 | E8: =Scoring!BX15 | F8: =Scoring!B15 -> 0 | G8: =Scoring!D15 -> 0 | H8: =Scoring!CY15 | I8: =Scoring!CX15
A9: =Scoring!DA16 | B9: =Scoring!CZ16 | C9: =Scoring!C16 -> 0 | D9: =Scoring!CW16 | E9: =Scoring!BX16 | F9: =Scoring!B16 -> 0 | G9: =Scoring!D16 -> 0 | H9: =Scoring!CY16 | I9: =Scoring!CX16
A10: =Scoring!DA17 | B10: =Scoring!CZ17 | C10: =Scoring!C17 -> 0 | D10: =Scoring!CW17 | E10: =Scoring!BX17 | F10: =Scoring!B17 -> 0 | G10: =Scoring!D17 -> 0 | H10: =Scoring!CY17 | I10: =Scoring!CX17
A11: =Scoring!DA18 | B11: =Scoring!CZ18 | C11: =Scoring!C18 -> 0 | D11: =Scoring!CW18 | E11: =Scoring!BX18 | F11: =Scoring!B18 -> 0 | G11: =Scoring!D18 -> 0 | H11: =Scoring!CY18 | I11: =Scoring!CX18
A12: =Scoring!DA19 | B12: =Scoring!CZ19 | C12: =Scoring!C19 -> 0 | D12: =Scoring!CW19 | E12: =Scoring!BX19 | F12: =Scoring!B19 -> 0 | G12: =Scoring!D19 -> 0 | H12: =Scoring!CY19 | I12: =Scoring!CX19
A13: =Scoring!DA20 | B13: =Scoring!CZ20 | C13: =Scoring!C20 -> 0 | D13: =Scoring!CW20 | E13: =Scoring!BX20 | F13: =Scoring!B20 -> 0 | G13: =Scoring!D20 -> 0 | H13: =Scoring!CY20 | I13: =Scoring!CX20
... A501: =Scoring!DA508 | B501: =Scoring!CZ508 | C501: =Scoring!C508 -> 0 | D501: =Scoring!CW508 | E501: =Scoring!BX508 | F501: =Scoring!B508 -> 0 | G501: =Scoring!D508 -> 0 | H501: =Scoring!CY508 | I501: =Scoring!CX508
